org_id,usage_date,service,daily_cost_usd,requests_known,cpu_hours_known,storage_gb_hours_known,event_count,missing_value_count,negative_cost_count
org_0lvsnujz,2025-07-03,analytics,8.8739,116.0,4.6168,12.7808,3,0,0
org_0lvsnujz,2025-07-03,database,0.5723,0,1.7515,14.7891,3,0,0
org_0lvsnujz,2025-07-03,storage,5.5542,255.0,0,4.6668,3,0,0
org_0lvsnujz,2025-07-04,analytics,3.2915,0,2.7659,38.5678,3,0,0
org_0lvsnujz,2025-07-04,database,12.7337,235.0,2.5139,41.2334,6,0,0
org_0lvsnujz,2025-07-04,storage,-1.5052,222.0,1.1055,0,3,0,1
org_0lvsnujz,2025-07-05,analytics,7.5042,127.0,1.9506,0.0,3,0,0
org_0lvsnujz,2025-07-05,database,6.6109,102.0,2.6635,23.1051,3,0,0
org_0lvsnujz,2025-07-05,storage,2.2213,114.0,0.1817,7.5659,3,0,0
org_0lvsnujz,2025-07-06,analytics,8.2805,120.0,0,4.5193,3,0,0
org_0lvsnujz,2025-07-06,database,1.7599,0,2.8254,32.2681,6,0,0
org_0lvsnujz,2025-07-06,storage,3.3128,145.0,1.8058,37.0857,6,0,1
org_0lvsnujz,2025-07-07,analytics,9.4538,117.0,4.9025,0,3,0,0
org_0lvsnujz,2025-07-07,database,14.5675,234.0,0,35.6057,6,0,0
org_0lvsnujz,2025-07-07,storage,0.8491,0,0,42.3907,3,0,0
org_0lvsnujz,2025-07-08,analytics,30.5343,457.0,2.7493,10.5679,6,0,0
org_0lvsnujz,2025-07-08,database,6.7648,128.0,1.2666,18.9617,3,0,0
org_0lvsnujz,2025-07-08,storage,1.8714,107.0,2.5699,0,3,0,0
org_0lvsnujz,2025-07-09,analytics,10.7148,124.0,0,11.93,3,1,0
org_0lvsnujz,2025-07-09,database,18.8855,357.0,1.2011,12.5156,6,0,0
org_0lvsnujz,2025-07-09,storage,7.0910,335.0,0,0,3,0,0
org_0lvsnujz,2025-07-10,database,7.5636,115.0,0.1312,15.7199,3,0,0
org_0lvsnujz,2025-07-10,storage,2.4650,112.0,4.3725,0,3,0,0
org_0lvsnujz,2025-07-11,analytics,28.8337,358.0,0.2,13.9792,6,0,0
org_0lvsnujz,2025-07-11,storage,3.2280,154.0,6.0901,0,3,0,0
org_0lvsnujz,2025-07-12,analytics,10.0462,119.0,0.5928,14.2432,3,0,0
org_0lvsnujz,2025-07-12,database,12.3541,213.0,0.7303,0,3,0,0
org_0lvsnujz,2025-07-12,storage,9.0884,478.0,0.4868,10.2461,6,0,0
org_0lvsnujz,2025-07-13,analytics,6.3791,121.0,0,27.1670,3,0,0
org_0lvsnujz,2025-07-13,database,6.3942,118.0,3.1517,0,3,0,0
org_0lvsnujz,2025-07-13,storage,4.0885,204.0,0,0.0,3,0,0
org_0lvsnujz,2025-07-14,analytics,17.3008,267.0,1.5667,0,3,0,0
org_0lvsnujz,2025-07-14,database,19.4262,384.0,0,31.2270,6,0,0
org_0lvsnujz,2025-07-14,storage,9.3808,492.0,2.1969,5.1699,6,0,0
org_0lvsnujz,2025-07-15,analytics,16.9817,228.0,3.2987,9.7737,6,0,0
org_0lvsnujz,2025-07-15,database,6.7523,121.0,0,19.8496,3,0,0
org_0lvsnujz,2025-07-15,storage,2.8840,134.0,0.0,22.0104,3,0,0
org_0lvsnujz,2025-07-16,analytics,17.7298,132.0,2.7572,0,3,1,0
org_0lvsnujz,2025-07-16,database,26.6923,499.0,2.2514,15.0492,6,0,0
org_0lvsnujz,2025-07-16,storage,11.7805,602.0,0,5.9688,6,0,0
org_0lvsnujz,2025-07-17,analytics,18.9649,228.0,3.9105,28.2211,6,0,0
org_0lvsnujz,2025-07-17,database,0.6992,0,1.8288,14.0188,3,0,0
org_0lvsnujz,2025-07-17,storage,5.3142,235.0,0,18.3848,3,0,0
org_0lvsnujz,2025-07-18,analytics,37.8562,470.0,0,19.1247,6,0,0
org_0lvsnujz,2025-07-18,database,7.7126,109.0,0,20.2037,3,1,0
org_0lvsnujz,2025-07-19,analytics,3.7469,0,0,49.4103,3,0,0
org_0lvsnujz,2025-07-19,storage,2.9556,125.0,0.0,0,3,1,0
org_0lvsnujz,2025-07-20,storage,7.7664,369.0,0,0,3,0,0
org_0lvsnujz,2025-07-21,analytics,20.7564,258.0,1.9116,0,3,0,0
org_0lvsnujz,2025-07-21,database,12.6641,133.0,0.9934,28.4554,6,1,0
org_0lvsnujz,2025-07-21,storage,5.2379,259.0,6.1705,8.2067,6,0,0
org_0lvsnujz,2025-07-22,analytics,25.2139,349.0,2.0039,12.917,6,0,0
org_0lvsnujz,2025-07-22,database,30.4826,597.0,0,2.2391,6,0,0
org_0lvsnujz,2025-07-22,storage,3.3507,127.0,0.3957,43.7821,6,0,0
org_0lvsnujz,2025-07-23,storage,5.2153,216.0,0,0.0,3,0,0
org_0lvsnujz,2025-07-24,analytics,19.5238,245.0,3.2422,24.0904,6,0,0
org_0lvsnujz,2025-07-25,analytics,-0.1012,0,1.4647,0.0,3,0,1
org_0lvsnujz,2025-07-25,database,32.4847,602.0,0,19.8286,6,0,0
org_0lvsnujz,2025-07-25,storage,7.0148,380.0,0,18.3533,6,0,0
org_0lvsnujz,2025-07-26,analytics,0.6706,0,5.2279,3.7244,3,0,0
org_0lvsnujz,2025-07-26,database,21.1607,357.0,0,45.7791,6,0,0
org_0lvsnujz,2025-07-26,storage,2.4551,122.0,0.0,19.5742,6,0,0
org_0lvsnujz,2025-07-27,analytics,26.3615,370.0,0,0,3,0,0
org_0lvsnujz,2025-07-27,database,13.6949,254.0,0,14.8958,3,0,0
org_0lvsnujz,2025-07-27,storage,2.5323,102.0,0.193,14.6096,3,0,0
org_0lvsnujz,2025-07-28,analytics,12.9067,131.0,0.0,37.5618,6,0,0
org_0lvsnujz,2025-07-28,storage,5.7854,253.0,0,11.6212,3,0,0
org_0lvsnujz,2025-07-29,analytics,26.3968,392.0,0,0,3,0,0
org_0lvsnujz,2025-07-29,database,14.8686,247.0,0,30.0697,3,0,0
org_0lvsnujz,2025-07-29,storage,5.2810,258.0,2.2724,0,3,0,0
org_0lvsnujz,2025-07-30,database,20.3435,362.0,2.9784,35.2909,6,0,0
org_0lvsnujz,2025-07-30,storage,4.2818,203.0,0,7.8852,3,0,0
org_0lvsnujz,2025-07-31,analytics,6.5696,111.0,1.2234,3.3007,3,0,0
org_0lvsnujz,2025-07-31,database,6.4248,102.0,2.5219,0.2991,3,0,0
org_0lvsnujz,2025-07-31,storage,3.0098,120.0,5.0815,8.5113,3,0,0
org_0lvsnujz,2025-08-01,analytics,24.6844,363.0,0.0,10.8575,6,0,0
org_0lvsnujz,2025-08-01,database,13.6787,241.0,0.5601,29.6361,6,0,0
org_0lvsnujz,2025-08-01,storage,8.4007,399.0,6.2402,7.3385,6,0,0
org_0lvsnujz,2025-08-02,analytics,33.5652,374.0,0,21.4514,6,0,0
org_0lvsnujz,2025-08-02,database,5.5098,104.0,1.2923,12.7689,3,0,0
org_0lvsnujz,2025-08-02,storage,2.2995,109.0,0.9055,21.372,3,0,0
org_0lvsnujz,2025-08-03,analytics,5.1203,124.0,4.2177,0,3,0,0
org_0lvsnujz,2025-08-03,storage,6.4308,355.0,0,0,3,0,0
org_0lvsnujz,2025-08-04,analytics,30.2652,439.0,3.0920,0,6,0,0
org_0lvsnujz,2025-08-04,database,1.5956,0,3.2933,29.0577,3,0,0
org_0lvsnujz,2025-08-04,storage,7.0998,153.0,0,4.6782,3,1,0
org_0lvsnujz,2025-08-05,analytics,14.0919,207.0,0,14.8025,3,0,0
org_0lvsnujz,2025-08-05,database,7.3578,115.0,2.7762,24.5677,6,0,0
org_0lvsnujz,2025-08-05,storage,6.4580,349.0,0,0,3,0,0
org_0lvsnujz,2025-08-06,analytics,9.3894,351.0,0.2497,12.6793,6,0,1
org_0lvsnujz,2025-08-06,database,12.4076,233.0,2.7124,22.8351,6,0,0
org_0lvsnujz,2025-08-06,storage,7.6186,352.0,0.0,12.7834,6,0,0
org_0lvsnujz,2025-08-07,analytics,39.7359,519.0,0,22.9828,6,0,0
org_0lvsnujz,2025-08-07,storage,4.5335,244.0,0.0,0,3,0,0
org_0lvsnujz,2025-08-08,analytics,13.6952,120.0,3.4972,58.1474,6,0,0
org_0lvsnujz,2025-08-08,database,7.0278,122.0,1.9557,8.1175,3,0,0
org_0lvsnujz,2025-08-08,storage,5.0351,262.0,2.3477,0,3,0,0
org_0lvsnujz,2025-08-09,analytics,0.9718,0,4.4632,9.6071,3,0,0
org_0lvsnujz,2025-08-09,database,5.0441,119.0,5.8349,2.8363,3,0,0
org_0lvsnujz,2025-08-09,storage,2.2620,100.0,1.7451,4.8103,3,0,0
org_0lvsnujz,2025-08-10,analytics,25.7011,353.0,0,0,3,0,0
org_0lvsnujz,2025-08-10,database,16.6997,340.0,5.1663,16.3578,6,0,0
org_0lvsnujz,2025-08-10,storage,5.3418,248.0,9.9711,0,6,0,0
org_0lvsnujz,2025-08-11,analytics,12.8748,137.0,3.2451,12.7053,3,0,0
org_0lvsnujz,2025-08-11,database,15.3323,261.0,1.2236,0,3,0,0
org_0lvsnujz,2025-08-11,storage,9.4778,488.0,0,0.6123,6,0,0
org_0lvsnujz,2025-08-12,analytics,17.5056,232.0,0,22.5096,3,0,0
org_0lvsnujz,2025-08-12,database,11.4430,221.0,0,16.3887,3,0,0
org_0lvsnujz,2025-08-12,storage,5.5950,236.0,0,1.2334,3,0,0
org_0lvsnujz,2025-08-13,analytics,0.4773,0,6.6625,0,3,0,0
org_0lvsnujz,2025-08-13,database,12.9884,256.0,2.2514,0,3,0,0
org_0lvsnujz,2025-08-13,storage,4.2419,243.0,0,0.0,3,0,0
org_0lvsnujz,2025-08-14,analytics,17.1336,231.0,0,7.9994,3,0,0
org_0lvsnujz,2025-08-14,database,1.2141,0,0,26.1377,3,0,0
org_0lvsnujz,2025-08-14,storage,2.6209,124.0,2.1635,0.0,3,0,0
org_0lvsnujz,2025-08-15,analytics,17.5897,234.0,3.7886,0,3,0,0
org_0lvsnujz,2025-08-15,database,6.4402,126.0,4.4569,0,3,1,0
org_0lvsnujz,2025-08-16,analytics,9.4755,119.0,1.5379,19.3512,3,0,0
org_0lvsnujz,2025-08-16,database,5.6930,140.0,2.3100,0,3,0,0
org_0lvsnujz,2025-08-16,storage,7.4258,348.0,0,32.8899,6,0,0
org_0lvsnujz,2025-08-17,analytics,9.9234,121.0,4.6944,0,3,0,0
org_0lvsnujz,2025-08-17,database,6.6256,125.0,5.7885,19.7486,3,0,0
org_0lvsnujz,2025-08-17,storage,4.8240,216.0,0.7502,0,3,0,0
org_0lvsnujz,2025-08-18,database,1.3853,0,0,29.4697,3,0,0
org_0lvsnujz,2025-08-19,analytics,36.5707,475.0,0,18.0697,6,1,0
org_0lvsnujz,2025-08-19,database,12.3969,245.0,0,7.5362,3,0,0
org_0lvsnujz,2025-08-19,storage,3.9872,260.0,2.5605,0,3,0,0
org_0lvsnujz,2025-08-20,database,24.7141,484.0,2.1728,3.5029,6,0,0
org_0lvsnujz,2025-08-20,storage,9.4223,478.0,0.0,0,6,1,0
org_0lvsnujz,2025-08-21,database,12.7963,219.0,2.9399,0,3,0,0
org_0lvsnujz,2025-08-21,storage,5.9399,350.0,2.0802,9.2043,6,0,1
org_0lvsnujz,2025-08-22,analytics,48.1036,634.0,0,15.1967,6,0,0
org_0lvsnujz,2025-08-22,database,1.7590,0,0.0,30.0291,3,0,0
org_0lvsnujz,2025-08-22,storage,44.4544,229.0,1.2781,0.0,6,0,0
org_0lvsnujz,2025-08-23,analytics,1.0106,0,5.4774,8.5146,3,0,0
org_0lvsnujz,2025-08-23,database,20.6905,415.0,0.0,21.4844,6,0,0
org_0lvsnujz,2025-08-23,storage,6.6833,369.0,3.5230,0,6,0,0
org_0lvsnujz,2025-08-24,analytics,-134.2431,385.0,0,0,3,0,1
org_0lvsnujz,2025-08-24,database,16.2672,268.0,3.1808,28.6861,6,0,0
org_0lvsnujz,2025-08-25,database,1.2849,0,5.0753,18.1578,3,0,0
org_0lvsnujz,2025-08-25,storage,2.8572,125.0,3.2495,0,3,0,0
org_0lvsnujz,2025-08-26,analytics,32.8986,449.0,8.4467,0,6,0,0
org_0lvsnujz,2025-08-26,database,6.3567,124.0,0.7741,0.0,3,0,0
org_0lvsnujz,2025-08-27,database,8.1754,123.0,0,31.8296,3,0,0
org_0lvsnujz,2025-08-27,storage,8.0585,356.0,0,18.4092,6,0,0
org_0lvsnujz,2025-08-28,analytics,27.8184,383.0,0,0,3,0,0
org_0lvsnujz,2025-08-28,database,13.7870,254.0,0,6.1612,3,0,0
org_0lvsnujz,2025-08-28,storage,2.3177,108.0,3.0881,23.3976,6,0,0
org_0lvsnujz,2025-08-29,analytics,235.7677,390.0,0,0,3,0,0
org_0lvsnujz,2025-08-29,database,8.3471,124.0,0.0,38.6052,6,0,0
org_0lvsnujz,2025-08-29,storage,3.6217,132.0,0.9154,46.9873,6,0,0
org_0lvsnujz,2025-08-30,database,5.9209,105.0,2.7734,11.6196,3,0,0
org_0lvsnujz,2025-08-30,storage,6.8576,350.0,1.901,2.7896,6,0,0
org_0lvsnujz,2025-08-31,analytics,22.1789,252.0,0.143,49.4826,6,0,0
org_0lvsnujz,2025-08-31,database,14.4223,261.0,5.8306,15.3684,6,0,0
org_0lvsnujz,2025-08-31,storage,8.6868,371.0,0.8723,9.9871,6,0,0
org_0lzjjege,2025-07-03,compute,12.6064,120.0,0,25.5097,3,0,0
org_0lzjjege,2025-07-03,networking,3.5227,327.0,0,0,3,0,0
org_0lzjjege,2025-07-03,storage,0.4907,0,0,21.1437,3,0,0
org_0lzjjege,2025-07-04,compute,3.0319,0,1.8871,38.1204,3,0,0
org_0lzjjege,2025-07-04,networking,1.3630,119.0,6.2195,0,3,0,0
org_0lzjjege,2025-07-04,storage,6.7198,366.0,0,0,3,0,0
org_0lzjjege,2025-07-05,storage,3.1272,125.0,1.7336,42.9058,6,0,0
org_0lzjjege,2025-07-06,compute,14.9885,146.0,3.6399,0.0,3,0,0
org_0lzjjege,2025-07-06,storage,5.3948,121.0,4.3554,6.6009,6,1,0
org_0lzjjege,2025-07-07,networking,2.1889,235.0,0.4337,0,3,0,0
org_0lzjjege,2025-07-07,storage,4.9118,262.0,2.7196,0,3,0,0
org_0lzjjege,2025-07-08,compute,10.5206,104.0,0,20.9908,3,0,0
org_0lzjjege,2025-07-08,networking,1.8026,222.0,0,0.0,3,0,0
org_0lzjjege,2025-07-08,storage,6.4816,343.0,0,0,3,0,0
org_0lzjjege,2025-07-09,compute,27.0710,263.0,0.6396,0,3,0,0
org_0lzjjege,2025-07-09,storage,4.7356,242.0,0,9.1517,3,0,0
org_0lzjjege,2025-07-10,networking,1.6166,124.0,0,16.9667,3,0,0
org_0lzjjege,2025-07-10,storage,0.1625,0,3.8163,3.9941,3,0,0
org_0lzjjege,2025-07-11,networking,2.0355,118.0,5.0137,0,3,1,0
org_0lzjjege,2025-07-11,storage,4.4313,229.0,2.3943,0,3,0,0
org_0lzjjege,2025-07-12,networking,4.1862,368.0,0,0,3,0,0
org_0lzjjege,2025-07-12,storage,2.4950,131.0,0,15.6117,3,0,0
org_0lzjjege,2025-07-13,storage,5.5679,227.0,6.9400,12.6858,6,0,0
org_0lzjjege,2025-07-14,compute,11.2898,134.0,0,23.5834,3,0,0
org_0lzjjege,2025-07-14,networking,2.0813,231.0,3.2038,0,3,0,0
org_0lzjjege,2025-07-15,networking,2.6892,256.0,0.0,0,3,0,0
org_0lzjjege,2025-07-15,storage,0.5788,0,3.4740,20.31,3,0,0
org_0lzjjege,2025-07-16,compute,1.8815,0,7.8878,18.7634,3,0,0
org_0lzjjege,2025-07-16,storage,2.5913,99.0,3.1661,13.5625,3,0,0
org_0lzjjege,2025-07-17,compute,2.8267,0,0.8264,36.0679,3,0,0
org_0lzjjege,2025-07-17,networking,2.3715,252.0,3.2706,0,3,0,0
org_0lzjjege,2025-07-17,storage,4.6618,214.0,0.0,0,3,0,0
org_0lzjjege,2025-07-18,networking,3.3031,359.0,0,0,3,0,0
org_0lzjjege,2025-07-18,storage,9.5041,487.0,4.2140,0,6,0,0
org_0lzjjege,2025-07-19,compute,30.8497,365.0,0,0,3,0,0
org_0lzjjege,2025-07-19,storage,4.4601,240.0,3.2842,0,3,0,0
org_0lzjjege,2025-07-20,compute,1.4401,0,1.3999,18.0638,3,0,0
org_0lzjjege,2025-07-20,storage,2.6022,140.0,7.6536,15.9280,6,0,0
org_0lzjjege,2025-07-21,networking,1.8105,223.0,0.7423,0,3,0,0
org_0lzjjege,2025-07-21,storage,5.1776,244.0,0,1.9532,3,0,0
org_0lzjjege,2025-07-22,compute,9.1589,103.0,2.2213,11.417,3,0,0
org_0lzjjege,2025-07-22,networking,0.0490,0,4.8435,0,3,0,0
org_0lzjjege,2025-07-22,storage,6.6934,253.0,0,20.7361,3,0,0
org_0lzjjege,2025-07-23,networking,2.3776,228.0,0,19.5906,3,0,0
org_0lzjjege,2025-07-23,storage,0.1774,0,1.9217,6.7392,3,0,0
org_0lzjjege,2025-07-24,compute,11.9205,129.0,2.5698,0,3,0,0
org_0lzjjege,2025-07-24,networking,2.7218,239.0,0.4867,0,3,0,0
org_0lzjjege,2025-07-24,storage,2.7297,112.0,5.0028,5.3824,6,0,0
org_0lzjjege,2025-07-25,compute,22.2142,336.0,0,0,3,0,0
org_0lzjjege,2025-07-25,storage,7.0322,362.0,0,0,3,0,0
org_0lzjjege,2025-07-26,compute,8.7749,120.0,0,8.6738,3,0,0
org_0lzjjege,2025-07-26,networking,0.4227,0,0.7603,40.5192,3,0,0
org_0lzjjege,2025-07-26,storage,0.8464,0,3.2316,42.7748,3,0,0
org_0lzjjege,2025-07-27,compute,10.6078,120.0,1.3614,0,3,0,0
org_0lzjjege,2025-07-27,networking,1.0380,118.0,3.9997,0,3,0,0
org_0lzjjege,2025-07-27,storage,3.4740,139.0,3.3343,29.7664,6,1,0
org_0lzjjege,2025-07-28,compute,13.0281,114.0,0,38.6027,3,0,0
org_0lzjjege,2025-07-28,networking,2.2668,214.0,0,16.6174,3,0,0
org_0lzjjege,2025-07-28,storage,2.7939,118.0,2.9108,13.3662,3,0,0
org_0lzjjege,2025-07-29,compute,13.0158,137.0,3.3923,11.0727,3,0,0
org_0lzjjege,2025-07-29,networking,2.7898,106.0,0,26.3148,3,1,0
org_0lzjjege,2025-07-30,networking,2.4177,244.0,0,1.4051,3,0,0
org_0lzjjege,2025-07-30,storage,4.8532,247.0,0,0.0,3,0,0
org_0lzjjege,2025-07-31,storage,2.3159,115.0,3.0176,8.5729,3,0,0
org_0lzjjege,2025-08-01,compute,10.0640,133.0,0,5.0764,3,0,0
org_0lzjjege,2025-08-01,networking,1.4360,126.0,0.0,6.367,3,0,0
org_0lzjjege,2025-08-01,storage,8.0908,382.0,0,0,3,0,0
org_0lzjjege,2025-08-02,compute,2.2096,0,0.4387,28.4454,3,0,0
org_0lzjjege,2025-08-02,networking,2.4504,235.0,0,0.0,3,0,0
org_0lzjjege,2025-08-02,storage,2.0805,107.0,0.0667,0.0,3,0,0
org_0lzjjege,2025-08-03,compute,16.6059,231.0,1.8333,0,3,0,0
org_0lzjjege,2025-08-03,networking,1.3147,142.0,5.1717,0,3,0,0
org_0lzjjege,2025-08-03,storage,4.2677,219.0,5.5524,1.4605,6,0,0
org_0lzjjege,2025-08-04,compute,1.4726,0,0.0,18.6464,3,0,0
org_0lzjjege,2025-08-04,storage,7.9970,230.0,1.2276,0,6,2,0
org_0lzjjege,2025-08-05,compute,18.8219,241.0,0,15.5013,3,0,0
org_0lzjjege,2025-08-05,networking,1.6038,143.0,0.0,13.0985,3,0,0
org_0lzjjege,2025-08-05,storage,7.1949,368.0,0,0,3,0,0
org_0lzjjege,2025-08-06,compute,11.6965,122.0,4.482,0,3,0,0
org_0lzjjege,2025-08-06,networking,1.4136,121.0,2.4252,11.7949,3,0,0
org_0lzjjege,2025-08-06,storage,4.6948,222.0,0.0,0,3,0,0
org_0lzjjege,2025-08-07,compute,11.6741,107.0,0,4.9349,3,1,0
org_0lzjjege,2025-08-07,networking,1.9092,102.0,4.125,0,3,1,0
org_0lzjjege,2025-08-07,storage,52.9431,236.0,0,44.8072,6,0,0
org_0lzjjege,2025-08-08,storage,10.0297,463.0,0,18.7994,6,0,0
org_0lzjjege,2025-08-09,compute,0.5748,0,0.8771,5.5663,3,0,0
org_0lzjjege,2025-08-09,storage,5.6381,249.0,1.4582,0,3,0,0
org_0lzjjege,2025-08-10,networking,1.4165,116.0,0,33.4187,3,0,0
org_0lzjjege,2025-08-10,storage,4.8286,235.0,2.3477,25.4139,6,0,0
org_0lzjjege,2025-08-12,compute,1.1866,0,0.3097,14.3022,3,0,0
org_0lzjjege,2025-08-12,networking,2.6863,229.0,0,21.2955,3,0,0
org_0lzjjege,2025-08-12,storage,7.7516,359.0,0.0,8.0769,6,1,0
org_0lzjjege,2025-08-13,compute,26.4989,333.0,0,0,3,0,0
org_0lzjjege,2025-08-13,networking,1.4201,140.0,0,22.0017,3,0,0
org_0lzjjege,2025-08-14,networking,2.5933,121.0,0,11.5887,3,1,0
org_0lzjjege,2025-08-14,storage,5.3920,242.0,0,12.234,3,0,0
org_0lzjjege,2025-08-15,compute,9.8144,121.0,5.9791,0,3,0,0
org_0lzjjege,2025-08-15,networking,2.3243,104.0,0.0,0,3,1,0
org_0lzjjege,2025-08-15,storage,5.0291,225.0,2.0049,0,3,0,0
org_0lzjjege,2025-08-16,compute,19.3631,246.0,1.3951,0,3,0,0
org_0lzjjege,2025-08-16,networking,3.5504,369.0,0,0,3,0,0
org_0lzjjege,2025-08-16,storage,5.4835,263.0,1.6431,13.4787,6,0,0
org_0lzjjege,2025-08-17,storage,6.9809,354.0,0.0,14.9367,6,0,0
org_0lzjjege,2025-08-18,networking,2.3209,218.0,1.1017,0,3,0,0
org_0lzjjege,2025-08-18,storage,0.4022,0,6.6383,11.5599,3,0,0
org_0lzjjege,2025-08-19,networking,1.2637,115.0,0,7.9953,3,0,0
org_0lzjjege,2025-08-19,storage,8.9232,467.0,0.4466,1.4546,6,0,0
org_0lzjjege,2025-08-20,compute,1.3044,0,4.8974,11.9194,3,0,0
org_0lzjjege,2025-08-20,storage,5.4155,257.0,0,9.8933,3,0,0
org_0lzjjege,2025-08-21,storage,4.0706,236.0,2.3155,0,3,0,0
org_0lzjjege,2025-08-22,storage,2.1128,123.0,4.4668,0,3,0,0
org_0lzjjege,2025-08-23,storage,0.4282,0,3.1695,26.7640,3,0,0
org_0lzjjege,2025-08-24,compute,3.1574,0,4.5781,37.5591,3,0,0
org_0lzjjege,2025-08-24,networking,3.4955,269.0,3.4277,0,3,0,0
org_0lzjjege,2025-08-24,storage,3.4069,103.0,0.8759,61.0735,6,1,0
org_0lzjjege,2025-08-26,networking,3.2995,353.0,0,0,3,0,0
org_0lzjjege,2025-08-26,storage,3.3458,240.0,0,0.0,3,0,0
org_0lzjjege,2025-08-27,compute,2.8490,0,0,36.8148,3,0,0
org_0lzjjege,2025-08-27,storage,0.5087,0,0,26.7059,3,0,0
org_0lzjjege,2025-08-28,compute,13.1578,138.0,2.0808,1.7227,3,0,0
org_0lzjjege,2025-08-28,storage,7.2834,356.0,0.3284,25.3725,6,0,0
org_0lzjjege,2025-08-29,networking,1.7737,127.0,0,19.4090,3,0,0
org_0lzjjege,2025-08-29,storage,7.9204,334.0,0,0,3,0,0
org_0lzjjege,2025-08-30,compute,17.4687,251.0,0,9.3601,3,0,0
org_0lzjjege,2025-08-30,networking,0.1618,0,0,11.0885,3,1,0
org_0lzjjege,2025-08-30,storage,13.3102,643.0,2.842,0,6,0,0
org_0lzjjege,2025-08-31,compute,21.9272,248.0,3.3844,0,3,0,0
org_0lzjjege,2025-08-31,networking,1.2041,106.0,0,12.889,3,0,0
org_0lzjjege,2025-08-31,storage,3.3393,149.0,5.0150,0,3,0,0
org_1n13jcat,2025-07-03,compute,12.6074,116.0,0.0,19.1756,3,0,0
org_1n13jcat,2025-07-03,storage,7.4073,372.0,0,0,3,0,0
org_1n13jcat,2025-07-04,compute,12.5542,138.0,7.4770,46.1811,9,0,0
org_1n13jcat,2025-07-04,database,4.8076,116.0,1.9526,4.0205,3,0,0
org_1n13jcat,2025-07-04,storage,0.5655,0,0.2621,29.8192,3,0,0
org_1n13jcat,2025-07-05,compute,60.9665,710.0,0.0,27.2786,9,0,0
org_1n13jcat,2025-07-05,database,18.3090,373.0,2.1681,8.7173,6,0,0
org_1n13jcat,2025-07-05,storage,5.4824,238.0,1.9928,0,3,0,0
org_1n13jcat,2025-07-06,database,28.5133,508.0,1.9594,11.2747,6,0,0
org_1n13jcat,2025-07-06,storage,7.4763,343.0,0,0,3,0,0
org_1n13jcat,2025-07-07,compute,30.3698,220.0,0.0,29.0157,6,0,0
org_1n13jcat,2025-07-07,database,13.1322,221.0,5.4984,15.9087,6,0,0
org_1n13jcat,2025-07-07,storage,0.2513,0,2.0616,13.0538,3,0,0
org_1n13jcat,2025-07-08,compute,0.9638,0,3.6507,10.396,3,0,0
org_1n13jcat,2025-07-08,database,0.5622,0,4.3794,8.3692,3,0,0
org_1n13jcat,2025-07-09,compute,0.2471,0,0.0,2.6375,3,0,0
org_1n13jcat,2025-07-09,database,5.2190,134.0,0,22.2975,3,0,0
org_1n13jcat,2025-07-09,storage,0.1731,0,8.7249,0,3,0,0
org_1n13jcat,2025-07-10,compute,11.4085,120.0,0.0,25.604,3,0,0
org_1n13jcat,2025-07-10,database,11.7730,227.0,2.3249,0,3,0,0
org_1n13jcat,2025-07-11,compute,10.5295,131.0,0.5863,22.2564,3,0,0
org_1n13jcat,2025-07-11,database,6.7849,105.0,4.7222,21.0705,6,0,0
org_1n13jcat,2025-07-11,storage,0.5726,0,0,29.7569,3,0,0
org_1n13jcat,2025-07-12,compute,9.7695,118.0,0,21.2444,3,0,0
org_1n13jcat,2025-07-12,database,30.2829,626.0,0.8066,11.2818,9,0,0
org_1n13jcat,2025-07-12,storage,1.2231,234.0,1.3196,0,3,0,1
org_1n13jcat,2025-07-13,compute,0.1273,0,4.8066,1.5439,3,0,1
org_1n13jcat,2025-07-13,database,4.1349,98.0,5.1911,0,3,0,0
org_1n13jcat,2025-07-14,compute,8.9923,0,0.0,15.4064,3,1,0
org_1n13jcat,2025-07-14,database,39.3825,774.0,1.8401,3.3839,9,0,0
org_1n13jcat,2025-07-15,compute,3.1731,0,0,45.2750,3,0,0
org_1n13jcat,2025-07-15,database,12.7616,234.0,0,11.3312,3,0,0
org_1n13jcat,2025-07-15,storage,2.0598,115.0,1.8259,0,3,0,0
org_1n13jcat,2025-07-16,compute,19.8941,229.0,0,12.5966,3,0,0
org_1n13jcat,2025-07-16,database,25.7231,499.0,3.5707,22.5872,6,0,0
org_1n13jcat,2025-07-17,compute,54.6762,647.0,2.213,5.1774,9,0,0
org_1n13jcat,2025-07-17,database,24.0074,497.0,2.2112,0,6,0,0
org_1n13jcat,2025-07-18,compute,43.0538,497.0,5.9796,32.8372,9,0,0
org_1n13jcat,2025-07-18,database,44.9678,835.0,1.8162,9.25,9,0,0
org_1n13jcat,2025-07-18,storage,2.5622,106.0,1.1915,13.3134,3,0,0
org_1n13jcat,2025-07-19,compute,39.3887,476.0,1.7733,0,6,0,0
org_1n13jcat,2025-07-19,database,10.8024,231.0,0,27.1146,6,0,0
org_1n13jcat,2025-07-20,database,14.8169,131.0,2.5892,15.9936,6,1,0
org_1n13jcat,2025-07-21,compute,22.2777,247.0,6.0876,16.2383,6,0,0
org_1n13jcat,2025-07-21,database,21.1652,349.0,4.9681,45.3778,9,0,0
org_1n13jcat,2025-07-21,storage,5.1163,237.0,0,0.8743,3,0,0
org_1n13jcat,2025-07-22,compute,20.5990,234.0,2.7087,36.6885,6,0,0
org_1n13jcat,2025-07-22,database,19.0117,393.0,1.8252,32.6426,6,0,0
org_1n13jcat,2025-07-22,storage,2.5262,134.0,2.932,0,3,0,0
org_1n13jcat,2025-07-23,compute,43.1355,499.0,0.2987,67.7430,9,0,0
org_1n13jcat,2025-07-23,database,13.5467,126.0,0,50.1308,6,1,0
org_1n13jcat,2025-07-24,compute,39.2440,464.0,2.0268,42.5024,9,0,0
org_1n13jcat,2025-07-24,database,11.4088,210.0,2.5033,33.6993,6,0,1
org_1n13jcat,2025-07-24,storage,4.8101,273.0,1.4388,0,3,0,0
org_1n13jcat,2025-07-25,compute,30.3264,343.0,0.5087,10.6978,6,0,0
org_1n13jcat,2025-07-25,database,16.0929,267.0,6.2382,25.4204,6,0,0
org_1n13jcat,2025-07-25,storage,0.2181,0,2.5359,7.848,3,0,0
org_1n13jcat,2025-07-26,database,20.2480,369.0,1.968,16.3504,6,0,0
org_1n13jcat,2025-07-26,storage,4.8011,244.0,1.42,0,3,0,0
org_1n13jcat,2025-07-27,compute,34.3009,364.0,2.6356,32.3253,6,0,0
org_1n13jcat,2025-07-27,storage,4.3161,241.0,0.609,0,3,0,0
org_1n13jcat,2025-07-28,compute,13.2664,105.0,0,17.8163,3,0,0
org_1n13jcat,2025-07-28,database,14.9028,339.0,0,0,3,0,0
org_1n13jcat,2025-07-29,compute,41.2104,451.0,0.4377,51.3824,9,0,0
org_1n13jcat,2025-07-29,database,14.0776,236.0,0,55.9587,6,0,0
org_1n13jcat,2025-07-29,storage,2.5955,125.0,5.0756,0,3,0,0
org_1n13jcat,2025-07-30,compute,21.8752,240.0,4.9216,0,3,0,0
org_1n13jcat,2025-07-30,database,23.4769,438.0,7.3252,13.3637,9,1,0
org_1n13jcat,2025-07-31,compute,20.5129,115.0,3.5840,28.4557,9,2,0
org_1n13jcat,2025-07-31,database,12.6816,222.0,1.5503,37.3910,6,0,0
org_1n13jcat,2025-07-31,storage,0.5408,0,0,27.0140,3,0,0
org_1n13jcat,2025-08-01,compute,26.6892,358.0,4.2507,10.8331,6,0,0
org_1n13jcat,2025-08-01,database,22.6881,343.0,4.0729,11.0126,6,0,0
org_1n13jcat,2025-08-01,storage,2.4448,128.0,2.3561,0,3,0,0
org_1n13jcat,2025-08-02,database,12.3273,226.0,5.0819,14.1164,6,0,0
org_1n13jcat,2025-08-02,storage,4.5719,244.0,4.4099,0,3,0,0
org_1n13jcat,2025-08-03,compute,9.5646,129.0,10.2543,2.4662,6,0,0
org_1n13jcat,2025-08-03,database,26.2208,470.0,5.2683,17.1029,9,0,0
org_1n13jcat,2025-08-04,compute,8.5220,127.0,0.0,5.4931,3,0,0
org_1n13jcat,2025-08-04,database,17.1862,250.0,1.7503,29.4316,6,0,0
org_1n13jcat,2025-08-05,compute,-5.9725,119.0,0,26.3841,3,0,1
org_1n13jcat,2025-08-05,database,32.8669,590.0,0,51.1999,9,0,0
org_1n13jcat,2025-08-06,compute,51.8946,605.0,4.9252,24.9643,9,0,0
org_1n13jcat,2025-08-06,database,1.7011,0,2.6384,28.7188,3,0,0
org_1n13jcat,2025-08-06,storage,0.2399,0,0.0,11.5898,3,0,0
org_1n13jcat,2025-08-07,compute,7.7906,106.0,7.0463,8.0516,6,0,0
org_1n13jcat,2025-08-07,database,10.2563,235.0,6.3494,23.9864,9,0,0
org_1n13jcat,2025-08-07,storage,3.0069,141.0,4.0682,0,3,0,0
org_1n13jcat,2025-08-08,compute,36.7382,483.0,0.0,18.0054,6,0,0
org_1n13jcat,2025-08-08,database,12.6180,232.0,3.4208,0,3,0,0
org_1n13jcat,2025-08-08,storage,0.1071,0,5.6894,0,3,0,0
org_1n13jcat,2025-08-09,compute,18.3445,224.0,5.9040,18.8197,6,0,0
org_1n13jcat,2025-08-09,database,6.3104,134.0,1.1897,0,3,0,0
org_1n13jcat,2025-08-09,storage,5.3891,251.0,0.376,0,3,0,0
org_1n13jcat,2025-08-10,database,12.4047,223.0,7.0101,0,6,1,0
org_1n13jcat,2025-08-10,storage,2.4045,119.0,2.0153,7.4195,3,0,0
org_1n13jcat,2025-08-11,compute,37.9562,478.0,5.3833,25.3924,9,0,0
org_1n13jcat,2025-08-11,database,10.7141,221.0,0,7.2477,3,0,0
org_1n13jcat,2025-08-11,storage,3.1003,122.0,1.1743,5.508,3,0,0
org_1n13jcat,2025-08-12,compute,27.8601,357.0,3.2785,6.7848,6,0,0
org_1n13jcat,2025-08-12,database,12.7841,240.0,0,7.8967,3,0,0
org_1n13jcat,2025-08-12,storage,7.0417,355.0,0,0,3,0,0
org_1n13jcat,2025-08-13,compute,21.3400,258.0,2.5819,7.4668,6,0,0
org_1n13jcat,2025-08-13,database,19.1838,351.0,8.1660,19.8988,9,1,0
org_1n13jcat,2025-08-14,compute,49.3689,620.0,5.1762,41.9245,9,0,0
org_1n13jcat,2025-08-14,database,6.9526,113.0,1.9365,25.8735,6,0,0
org_1n13jcat,2025-08-14,storage,4.9172,241.0,0,16.3937,3,0,0
org_1n13jcat,2025-08-15,compute,18.6109,254.0,2.3557,0,3,0,0
org_1n13jcat,2025-08-15,database,19.1425,350.0,6.0525,0.0,6,0,0
org_1n13jcat,2025-08-16,compute,20.4087,207.0,0.0665,27.2541,6,0,0
org_1n13jcat,2025-08-16,database,7.8870,114.0,8.2409,30.7841,6,0,1
org_1n13jcat,2025-08-16,storage,4.3111,246.0,2.118,0,3,0,0
org_1n13jcat,2025-08-17,compute,33.3292,380.0,4.5269,30.6039,6,0,0
org_1n13jcat,2025-08-17,database,16.1545,334.0,1.9214,0.9201,6,0,0
org_1n13jcat,2025-08-18,compute,10.3728,131.0,6.9578,18.9305,6,0,0
org_1n13jcat,2025-08-18,database,23.4806,471.0,0,33.4929,6,0,0
org_1n13jcat,2025-08-18,storage,2.3787,117.0,7.0564,0,3,0,0
org_1n13jcat,2025-08-19,compute,43.0588,369.0,2.8907,16.2855,9,3,1
org_1n13jcat,2025-08-19,storage,1.9292,132.0,0.7452,0,3,0,0
org_1n13jcat,2025-08-20,compute,35.8935,439.0,0,16.5798,6,0,0
org_1n13jcat,2025-08-21,compute,28.9886,360.0,1.6913,15.3409,6,0,0
org_1n13jcat,2025-08-21,database,22.0300,389.0,9.2798,1.4564,9,0,0
org_1n13jcat,2025-08-22,compute,43.0604,487.0,2.8674,30.6957,9,1,0
org_1n13jcat,2025-08-22,database,11.9647,243.0,0.7632,0,3,0,0
org_1n13jcat,2025-08-23,compute,21.3460,227.0,11.0055,24.6347,9,0,0
org_1n13jcat,2025-08-23,database,17.1616,353.0,2.9822,0,6,0,0
org_1n13jcat,2025-08-24,compute,25.2428,239.0,3.9606,66.5641,9,0,0
org_1n13jcat,2025-08-24,database,17.8389,365.0,3.9402,8.4526,6,0,0
org_1n13jcat,2025-08-25,compute,8.7895,102.0,0,28.0339,3,0,0
org_1n13jcat,2025-08-25,database,9.7194,126.0,2.2374,34.0560,6,0,0
org_1n13jcat,2025-08-26,compute,39.2145,483.0,0,27.0678,6,0,0
org_1n13jcat,2025-08-26,database,13.8954,248.0,5.8032,31.1189,6,0,0
org_1n13jcat,2025-08-26,storage,5.2520,229.0,2.1511,0,3,0,0
org_1n13jcat,2025-08-27,compute,21.0236,270.0,0,16.2563,3,0,0
org_1n13jcat,2025-08-27,database,11.9994,138.0,4.4291,51.1269,9,1,0
org_1n13jcat,2025-08-28,compute,8.7744,108.0,0,1.8699,3,0,0
org_1n13jcat,2025-08-28,database,26.8375,504.0,0,35.6154,6,0,0
org_1n13jcat,2025-08-28,storage,0.0668,0,6.9173,4.2395,3,0,1
org_1n13jcat,2025-08-29,compute,9.1472,0,3.488,11.6039,6,1,0
org_1n13jcat,2025-08-29,database,45.2458,867.0,0,0.1524,9,0,0
org_1n13jcat,2025-08-29,storage,0.2007,0,2.9316,6.7864,3,0,0
org_1n13jcat,2025-08-30,compute,18.4901,246.0,1.8286,0,3,0,0
org_1n13jcat,2025-08-30,database,20.4778,358.0,2.486,29.4408,9,1,0
org_1n13jcat,2025-08-30,storage,4.6732,226.0,0.0,0,3,0,0
org_1n13jcat,2025-08-31,compute,41.7610,480.0,2.5678,18.7278,6,0,0
org_1n13jcat,2025-08-31,database,16.0432,351.0,4.2719,29.5004,9,1,0
org_1swjckjl,2025-07-03,compute,28.0672,332.0,0,0,3,0,0
org_1swjckjl,2025-07-03,database,27.0970,467.0,7.1702,35.5894,12,0,0
org_1swjckjl,2025-07-04,compute,29.4679,361.0,0,18.4635,6,1,0
org_1swjckjl,2025-07-04,database,32.9606,618.0,3.6340,56.6819,12,0,0
org_1swjckjl,2025-07-05,compute,9.7451,0,2.6451,0,3,2,0
org_1swjckjl,2025-07-05,database,49.5015,972.0,14.5624,5.5023,15,0,0
org_1swjckjl,2025-07-06,compute,11.7402,131.0,0,10.0159,3,0,0
org_1swjckjl,2025-07-06,database,28.9143,611.0,1.3918,0,6,0,0
org_1swjckjl,2025-07-07,compute,11.3863,128.0,0,17.0129,3,0,0
org_1swjckjl,2025-07-07,database,24.6633,514.0,3.8660,23.4039,9,0,0
org_1swjckjl,2025-07-08,compute,17.1113,214.0,1.6921,6.5899,6,0,0
org_1swjckjl,2025-07-08,database,11.0288,228.0,11.5790,5.6608,9,0,0
org_1swjckjl,2025-07-09,compute,28.6871,377.0,0,0,3,0,0
org_1swjckjl,2025-07-09,database,24.0903,472.0,1.4935,19.2705,9,0,0
org_1swjckjl,2025-07-10,compute,1.1554,0,5.3849,8.2684,3,0,0
org_1swjckjl,2025-07-10,database,43.1790,840.0,0,48.7667,9,0,0
org_1swjckjl,2025-07-11,compute,18.9316,243.0,2.4918,0,3,0,0
org_1swjckjl,2025-07-11,database,14.9353,250.0,8.9658,41.8478,9,0,0
org_1swjckjl,2025-07-12,compute,11.7667,133.0,0.0,2.451,3,0,0
org_1swjckjl,2025-07-12,database,29.5268,483.0,0.0926,0.0,6,0,0
org_1swjckjl,2025-07-13,compute,31.0594,367.0,3.086,10.4320,6,0,0
org_1swjckjl,2025-07-13,database,25.6081,340.0,7.2921,14.3653,9,1,0
org_1swjckjl,2025-07-14,compute,21.1002,250.0,2.2472,0,3,0,0
org_1swjckjl,2025-07-14,database,16.9031,340.0,2.0629,9.7223,6,0,0
org_1swjckjl,2025-07-15,compute,8.5682,118.0,2.2835,22.1652,3,0,0
org_1swjckjl,2025-07-15,database,37.3199,692.0,0,33.1525,9,0,0
org_1swjckjl,2025-07-16,compute,17.5815,247.0,2.7563,0,3,0,0
org_1swjckjl,2025-07-16,database,19.8630,373.0,0,40.5994,6,0,0
org_1swjckjl,2025-07-17,compute,33.5482,363.0,0,0,3,0,0
org_1swjckjl,2025-07-17,database,25.4574,472.0,4.5635,40.4821,12,1,0
org_1swjckjl,2025-07-18,compute,11.4072,132.0,1.9934,0.0,3,0,0
org_1swjckjl,2025-07-18,database,38.1499,758.0,0,39.2281,9,0,0
org_1swjckjl,2025-07-19,database,41.2563,887.0,1.593,0.0,9,0,0
org_1swjckjl,2025-07-20,compute,20.9718,255.0,2.3301,0,3,0,0
org_1swjckjl,2025-07-20,database,37.8410,606.0,0,24.3934,9,1,0
org_1swjckjl,2025-07-21,compute,8.8207,118.0,1.904,0.0,3,0,0
org_1swjckjl,2025-07-21,database,53.6895,1004.0,0.7571,2.8382,12,0,0
org_1swjckjl,2025-07-22,compute,1.5207,0,1.914,17.6093,3,0,0
org_1swjckjl,2025-07-22,database,14.1511,257.0,7.3922,0,6,0,0
org_1swjckjl,2025-07-23,compute,1.3462,0,3.2336,12.24,3,0,0
org_1swjckjl,2025-07-23,database,18.6598,222.0,1.8863,10.0001,6,1,0
org_1swjckjl,2025-07-24,compute,6.1401,98.0,0,0.0,3,0,0
org_1swjckjl,2025-07-24,database,29.2250,570.0,0,0.0,6,0,0
org_1swjckjl,2025-07-25,compute,18.1253,258.0,2.3254,0,3,0,0
org_1swjckjl,2025-07-25,database,59.7611,981.0,1.4132,39.1613,15,1,0
org_1swjckjl,2025-07-26,compute,0.3820,0,1.8076,3.1149,3,0,0
org_1swjckjl,2025-07-26,database,5.7594,110.0,5.7639,0,3,0,0
org_1swjckjl,2025-07-27,compute,0.1463,0,2.4863,0,3,0,0
org_1swjckjl,2025-07-27,database,23.8487,470.0,8.6501,8.7814,9,0,1
org_1swjckjl,2025-07-28,compute,9.1934,109.0,0,10.0978,3,1,0
org_1swjckjl,2025-07-28,database,33.1813,672.0,0.0839,2.8895,9,0,0
org_1swjckjl,2025-07-29,compute,21.2206,232.0,9.2074,12.6895,6,0,0
org_1swjckjl,2025-07-29,database,17.8331,357.0,6.1157,13.8279,6,0,0
org_1swjckjl,2025-07-30,compute,11.0620,119.0,3.4313,0,3,0,0
org_1swjckjl,2025-07-30,database,1.7996,0,1.5028,36.2933,3,0,0
org_1swjckjl,2025-07-31,compute,17.6196,223.0,4.8210,28.7004,6,0,0
org_1swjckjl,2025-07-31,database,30.6245,616.0,0.9521,34.2665,9,0,0
org_1swjckjl,2025-08-01,compute,17.7663,237.0,0,0.806,3,0,0
org_1swjckjl,2025-08-01,database,23.4914,493.0,2.9634,6.992,6,0,0
org_1swjckjl,2025-08-02,compute,20.6994,258.0,0.0,0,3,0,0
org_1swjckjl,2025-08-02,database,36.1834,485.0,7.4327,61.1233,15,1,0
org_1swjckjl,2025-08-03,database,22.1062,377.0,5.9651,69.0417,15,1,0
org_1swjckjl,2025-08-04,compute,7.0658,107.0,1.4916,0.0,3,0,0
org_1swjckjl,2025-08-04,database,48.9176,987.0,4.8060,33.1715,12,0,0
org_1swjckjl,2025-08-05,compute,28.6695,358.0,0.0,32.5132,6,0,0
org_1swjckjl,2025-08-05,database,25.8970,516.0,7.5516,32.5517,12,0,0
org_1swjckjl,2025-08-06,compute,9.9604,116.0,1.6423,28.8192,6,0,0
org_1swjckjl,2025-08-06,database,24.7114,509.0,2.0668,36.4515,9,0,0
org_1swjckjl,2025-08-07,compute,1.7806,0,3.8121,18.9618,3,0,0
org_1swjckjl,2025-08-07,database,23.3404,627.0,3.5489,95.1357,15,0,1
org_1swjckjl,2025-08-08,compute,3.3969,0,0,40.9537,3,1,0
org_1swjckjl,2025-08-08,database,10.6792,225.0,1.8936,9.3772,6,0,0
org_1swjckjl,2025-08-09,database,7.8587,108.0,5.5626,52.5027,9,0,0
org_1swjckjl,2025-08-10,compute,34.5289,353.0,0,26.6839,6,0,0
org_1swjckjl,2025-08-10,database,13.0624,235.0,0,14.8979,3,0,0
org_1swjckjl,2025-08-11,compute,10.6518,116.0,11.8585,0,6,0,0
org_1swjckjl,2025-08-11,database,38.7477,723.0,1.4933,63.2508,12,0,0
org_1swjckjl,2025-08-12,compute,26.6532,348.0,1.2405,27.6684,6,0,0
org_1swjckjl,2025-08-12,database,18.2462,368.0,2.334,21.0989,6,0,0
org_1swjckjl,2025-08-13,compute,40.0823,457.0,0,12.0867,6,0,0
org_1swjckjl,2025-08-13,database,18.7560,361.0,2.3904,0.0,6,0,0
org_1swjckjl,2025-08-14,compute,10.6250,104.0,0.0,7.274,3,0,0
org_1swjckjl,2025-08-14,database,18.1689,360.0,0.0,16.7957,6,0,0
org_1swjckjl,2025-08-15,compute,13.5266,141.0,2.5176,9.8365,3,0,0
org_1swjckjl,2025-08-15,database,22.3697,445.0,4.3516,2.2138,6,0,0
org_1swjckjl,2025-08-16,database,20.1085,249.0,1.3835,41.6827,6,1,0
org_1swjckjl,2025-08-17,compute,18.8181,247.0,2.0099,0,3,0,0
org_1swjckjl,2025-08-17,database,32.6823,561.0,0.8568,7.3099,9,1,0
org_1swjckjl,2025-08-18,compute,22.3504,240.0,0,28.0768,3,0,0
org_1swjckjl,2025-08-18,database,14.7974,239.0,5.4773,28.7030,6,0,0
org_1swjckjl,2025-08-19,compute,18.5411,244.0,0,24.081,3,0,0
org_1swjckjl,2025-08-19,database,32.9655,661.0,11.4989,38.3991,12,0,0
org_1swjckjl,2025-08-20,compute,13.4521,131.0,0,40.1157,3,0,0
org_1swjckjl,2025-08-20,database,37.8148,720.0,9.6479,1.3223,12,0,0
org_1swjckjl,2025-08-21,database,43.3453,737.0,0.7956,54.3917,12,0,0
org_1swjckjl,2025-08-22,compute,32.1828,369.0,0,21.8199,6,0,0
org_1swjckjl,2025-08-22,database,23.6630,484.0,0,20.0947,6,0,0
org_1swjckjl,2025-08-23,compute,18.1381,212.0,3.2236,20.6467,6,0,0
org_1swjckjl,2025-08-23,database,13.9765,370.0,11.5750,27.8637,9,0,0
org_1swjckjl,2025-08-24,compute,32.9086,393.0,5.6092,4.2891,6,0,0
org_1swjckjl,2025-08-24,database,24.9574,707.0,2.0927,11.4519,12,1,1
org_1swjckjl,2025-08-25,database,5.7632,115.0,2.0768,6.1413,3,0,0
org_1swjckjl,2025-08-26,compute,33.9744,356.0,0.5714,22.9912,6,0,0
org_1swjckjl,2025-08-26,database,27.8315,497.0,4.6870,33.5086,9,0,0
org_1swjckjl,2025-08-27,database,24.3110,469.0,9.3300,41.7384,9,0,0
org_1swjckjl,2025-08-28,compute,18.1786,234.0,0,19.5982,3,0,0
org_1swjckjl,2025-08-28,database,1.1602,0,0,22.4000,3,0,0
org_1swjckjl,2025-08-29,compute,38.4564,347.0,1.6195,10.2967,6,1,0
org_1swjckjl,2025-08-29,database,46.3501,814.0,2.0187,42.7088,12,0,0
org_1swjckjl,2025-08-30,database,21.9106,469.0,0.2021,17.6602,6,0,0
org_1swjckjl,2025-08-31,compute,9.0029,108.0,0,29.4546,3,0,0
org_1swjckjl,2025-08-31,database,25.8508,487.0,9.7656,7.6342,9,0,0
org_1t2tala7,2025-07-03,compute,22.4469,237.0,5.3207,2.4886,6,0,0
org_1t2tala7,2025-07-03,database,6.9682,115.0,0,19.5006,3,0,0
org_1t2tala7,2025-07-04,compute,10.4309,107.0,1.8975,5.5799,3,0,0
org_1t2tala7,2025-07-05,analytics,16.1616,226.0,2.2425,0,3,0,0
org_1t2tala7,2025-07-05,compute,23.9733,359.0,0,0,3,0,0
org_1t2tala7,2025-07-06,analytics,18.3656,239.0,0,5.0317,3,0,0
org_1t2tala7,2025-07-06,compute,22.8578,249.0,6.2044,0,6,0,0
org_1t2tala7,2025-07-07,compute,12.4195,134.0,1.7458,4.2534,3,0,0
org_1t2tala7,2025-07-07,database,10.7429,254.0,3.4494,0,3,0,0
org_1t2tala7,2025-07-08,compute,48.7206,446.0,3.7471,21.6189,9,1,0
org_1t2tala7,2025-07-08,database,19.8716,366.0,0,0,3,0,0
org_1t2tala7,2025-07-09,analytics,188.9536,249.0,1.4249,0,3,0,0
org_1t2tala7,2025-07-09,compute,19.5489,233.0,0,0.4698,3,0,0
org_1t2tala7,2025-07-09,database,14.3013,235.0,0,7.0331,3,0,0
org_1t2tala7,2025-07-10,compute,9.8370,116.0,0,11.3401,3,0,0
org_1t2tala7,2025-07-11,analytics,1.7829,0,5.2171,17.2761,3,0,0
org_1t2tala7,2025-07-11,compute,16.6661,140.0,5.4559,24.0450,6,0,0
org_1t2tala7,2025-07-11,database,5.9899,117.0,1.2213,13.5106,3,0,0
org_1t2tala7,2025-07-12,analytics,11.2534,123.0,2.265,0.0,3,0,0
org_1t2tala7,2025-07-12,compute,43.7408,525.0,0,12.8309,6,0,0
org_1t2tala7,2025-07-12,database,6.0761,146.0,4.4257,0,3,0,0
org_1t2tala7,2025-07-13,analytics,11.4014,136.0,0,21.2994,3,0,0
org_1t2tala7,2025-07-13,compute,53.1407,605.0,0,4.7622,6,0,0
org_1t2tala7,2025-07-13,database,5.9450,117.0,0.9649,8.5153,3,0,0
org_1t2tala7,2025-07-14,analytics,18.8728,239.0,0,19.6332,3,0,0
org_1t2tala7,2025-07-14,compute,37.0134,460.0,1.58,29.3482,9,0,0
org_1t2tala7,2025-07-14,database,16.6607,359.0,0,0,3,0,0
org_1t2tala7,2025-07-15,analytics,1.7105,0,1.7479,30.1518,3,0,0
org_1t2tala7,2025-07-15,compute,45.2601,584.0,0,3.332,6,0,0
org_1t2tala7,2025-07-15,database,19.0460,379.0,0,0,3,0,0
org_1t2tala7,2025-07-16,compute,11.3504,125.0,3.621,10.7745,3,0,0
org_1t2tala7,2025-07-17,compute,29.8169,330.0,0.8377,24.4745,6,0,0
org_1t2tala7,2025-07-17,database,12.1909,258.0,0,4.9868,3,0,0
org_1t2tala7,2025-07-18,analytics,8.4664,129.0,1.0986,6.8304,3,0,0
org_1t2tala7,2025-07-18,compute,27.1950,338.0,4.0687,17.9648,6,0,0
org_1t2tala7,2025-07-19,analytics,0.8676,0,1.0381,12.1471,3,0,0
org_1t2tala7,2025-07-19,compute,33.0209,377.0,0.591,12.2382,6,0,0
org_1t2tala7,2025-07-19,database,6.1469,121.0,4.0909,0,3,0,0
org_1t2tala7,2025-07-20,analytics,1.7843,0,5.8907,14.5648,3,0,0
org_1t2tala7,2025-07-20,compute,10.2833,102.0,4.4535,43.9514,6,0,0
org_1t2tala7,2025-07-20,database,12.0940,245.0,2.6197,0,3,0,0
org_1t2tala7,2025-07-21,analytics,8.3228,128.0,0.363,6.3061,3,0,0
org_1t2tala7,2025-07-21,compute,42.1489,518.0,0.9768,6.4632,6,0,0
org_1t2tala7,2025-07-21,database,11.0676,253.0,0,8.1173,3,0,0
org_1t2tala7,2025-07-22,analytics,6.7363,101.0,3.4204,0,3,0,0
org_1t2tala7,2025-07-22,compute,10.6568,130.0,0,17.1659,3,0,0
org_1t2tala7,2025-07-22,database,6.8435,132.0,0,3.3416,3,1,0
org_1t2tala7,2025-07-23,compute,57.6805,708.0,0,45.4921,9,0,0
org_1t2tala7,2025-07-24,analytics,11.3114,121.0,3.3552,26.8655,3,0,0
org_1t2tala7,2025-07-24,compute,34.0623,392.0,0.0,0,6,0,0
org_1t2tala7,2025-07-24,database,1.1461,0,0.8563,23.5295,3,0,0
org_1t2tala7,2025-07-25,analytics,17.7863,239.0,0.0,0,3,0,0
org_1t2tala7,2025-07-25,compute,11.2640,119.0,5.1912,25.5471,6,0,0
org_1t2tala7,2025-07-26,analytics,13.4011,232.0,0.0457,0,3,0,0
org_1t2tala7,2025-07-26,compute,18.3974,241.0,6.3652,0,6,0,0
org_1t2tala7,2025-07-26,database,4.7355,100.0,0,4.9296,3,0,0
org_1t2tala7,2025-07-27,analytics,11.9490,118.0,0,25.0430,3,0,0
org_1t2tala7,2025-07-27,compute,18.4681,222.0,0,10.6683,3,0,0
org_1t2tala7,2025-07-27,database,6.5398,130.0,1.3185,13.9717,3,0,0
org_1t2tala7,2025-07-28,compute,2.1043,0,0,25.1129,3,0,0
org_1t2tala7,2025-07-29,analytics,26.9475,381.0,0,0,3,0,0
org_1t2tala7,2025-07-29,compute,31.9686,340.0,8.4463,20.9468,9,0,0
org_1t2tala7,2025-07-30,analytics,23.5214,370.0,0,0,3,0,0
org_1t2tala7,2025-07-30,compute,1.7138,0,5.8703,13.5482,6,0,0
org_1t2tala7,2025-07-31,analytics,16.6780,252.0,0,8.8294,3,0,0
org_1t2tala7,2025-07-31,compute,17.5066,248.0,1.8825,15.1293,6,0,0
org_1t2tala7,2025-07-31,database,5.2263,110.0,0,2.9819,3,0,0
org_1t2tala7,2025-08-01,analytics,8.1586,102.0,2.892,4.7925,3,0,0
org_1t2tala7,2025-08-01,compute,18.3057,210.0,1.933,0,3,0,0
org_1t2tala7,2025-08-01,database,9.9262,226.0,1.4011,0,3,0,0
org_1t2tala7,2025-08-02,analytics,22.8658,288.0,1.7286,0,3,0,0
org_1t2tala7,2025-08-02,compute,49.0475,591.0,3.6453,14.6442,9,0,0
org_1t2tala7,2025-08-02,database,7.7554,141.0,0,48.3869,3,0,0
org_1t2tala7,2025-08-03,analytics,18.2627,248.0,3.2996,0,3,0,0
org_1t2tala7,2025-08-03,compute,33.2781,363.0,3.7245,7.3025,6,0,0
org_1t2tala7,2025-08-04,compute,42.6705,488.0,2.4173,0,6,0,0
org_1t2tala7,2025-08-05,database,11.3225,214.0,0,24.1628,3,0,0
org_1t2tala7,2025-08-06,analytics,16.3255,250.0,0,16.9324,3,0,0
org_1t2tala7,2025-08-06,compute,28.5614,427.0,1.0938,24.6688,6,0,1
org_1t2tala7,2025-08-06,database,1.5461,0,0,25.4564,3,0,0
org_1t2tala7,2025-08-07,analytics,8.8056,109.0,3.1414,11.6536,3,0,0
org_1t2tala7,2025-08-07,compute,19.2380,235.0,1.1178,17.5625,6,0,0
org_1t2tala7,2025-08-07,database,6.1670,117.0,3.2287,3.5997,3,0,0
org_1t2tala7,2025-08-08,compute,13.3094,136.0,0,19.1783,3,0,0
org_1t2tala7,2025-08-08,database,1.6232,0,0,31.1355,3,0,0
org_1t2tala7,2025-08-09,analytics,1.0186,0,4.7638,11.9210,3,0,0
org_1t2tala7,2025-08-09,compute,67.1401,844.0,1.8836,10.175,9,0,0
org_1t2tala7,2025-08-09,database,11.5224,234.0,0,10.6739,3,0,0
org_1t2tala7,2025-08-10,analytics,18.8878,243.0,0,4.6545,3,0,0
org_1t2tala7,2025-08-10,compute,17.4044,256.0,6.6348,2.4632,6,0,0
org_1t2tala7,2025-08-11,analytics,11.1585,122.0,2.3562,25.0122,3,0,0
org_1t2tala7,2025-08-11,compute,11.9655,129.0,0,28.1803,3,0,0
org_1t2tala7,2025-08-11,database,5.7405,120.0,3.695,10.6133,3,0,0
org_1t2tala7,2025-08-12,analytics,11.5303,139.0,4.1718,0,3,0,0
org_1t2tala7,2025-08-12,compute,1.5543,0,5.703,13.8599,3,0,0
org_1t2tala7,2025-08-12,database,0.7967,0,2.7427,12.8204,3,0,0
org_1t2tala7,2025-08-13,compute,31.9604,361.0,3.5611,19.3353,9,0,0
org_1t2tala7,2025-08-13,database,12.2825,234.0,1.3093,0,3,0,0
org_1t2tala7,2025-08-14,compute,29.7740,362.0,10.0700,0,6,0,0
org_1t2tala7,2025-08-14,database,5.6685,133.0,1.4424,4.4091,3,0,0
org_1t2tala7,2025-08-15,compute,59.7345,794.0,3.9934,0.4707,9,0,0
org_1t2tala7,2025-08-16,analytics,13.3996,146.0,3.1588,0,3,0,0
org_1t2tala7,2025-08-16,compute,18.2225,231.0,3.2384,20.6780,6,0,0
org_1t2tala7,2025-08-17,analytics,9.0765,109.0,0.9418,12.9965,3,0,0
org_1t2tala7,2025-08-17,compute,10.8701,114.0,2.3163,15.0956,6,0,0
org_1t2tala7,2025-08-18,compute,10.3830,109.0,3.6671,46.4338,6,0,0
org_1t2tala7,2025-08-19,analytics,8.9076,131.0,0,21.3261,3,0,1
org_1t2tala7,2025-08-19,compute,10.4530,103.0,0,44.8737,3,0,0
org_1t2tala7,2025-08-19,database,7.5508,108.0,0,29.9503,3,0,0
org_1t2tala7,2025-08-20,compute,31.6567,362.0,5.9021,13.1689,9,0,0
org_1t2tala7,2025-08-20,database,10.3579,226.0,3.2844,0,3,0,0
org_1t2tala7,2025-08-21,compute,40.6660,483.0,2.0554,3.0288,6,0,0
org_1t2tala7,2025-08-21,database,11.5255,244.0,0,5.982,3,0,0
org_1t2tala7,2025-08-22,compute,17.3583,248.0,0,9.3312,3,0,0
org_1t2tala7,2025-08-22,database,1.5552,0,0,26.5575,3,0,0
org_1t2tala7,2025-08-23,compute,257.3640,348.0,5.8145,14.253,6,0,0
org_1t2tala7,2025-08-23,database,6.8113,122.0,0.9162,31.3644,3,0,0
org_1t2tala7,2025-08-24,analytics,2.3511,0,1.4509,30.2542,3,0,0
org_1t2tala7,2025-08-24,compute,31.1470,374.0,1.222,32.1768,6,0,0
org_1t2tala7,2025-08-25,compute,14.0442,123.0,2.6191,51.8381,6,1,0
org_1t2tala7,2025-08-25,database,18.0817,359.0,0,0,3,0,0
org_1t2tala7,2025-08-26,analytics,0.7746,0,1.687,9.4477,3,0,0
org_1t2tala7,2025-08-26,compute,46.0608,490.0,2.9663,27.1526,9,0,0
org_1t2tala7,2025-08-27,analytics,9.7957,119.0,0,28.2254,3,0,0
org_1t2tala7,2025-08-27,compute,20.6887,237.0,0.7773,0,3,0,0
org_1t2tala7,2025-08-27,database,17.8138,350.0,0,0,3,0,0
org_1t2tala7,2025-08-28,analytics,3.5367,0,1.0334,49.4072,3,0,0
org_1t2tala7,2025-08-28,compute,22.2860,256.0,7.2596,20.077,6,0,0
org_1t2tala7,2025-08-28,database,5.8883,114.0,1.173,0.0,3,0,0
org_1t2tala7,2025-08-29,compute,26.1554,329.0,0,31.7605,6,0,0
org_1t2tala7,2025-08-29,database,15.9775,362.0,0,0,3,0,0
org_1t2tala7,2025-08-30,compute,19.2672,242.0,0,13.3708,3,0,0
org_1t2tala7,2025-08-30,database,14.1897,357.0,0,0,3,0,0
org_1t2tala7,2025-08-31,compute,21.6306,235.0,8.4847,7.5064,6,0,0
org_1t2tala7,2025-08-31,database,13.9150,265.0,2.6731,0,3,0,0
org_253j2d54,2025-07-03,analytics,7.5252,104.0,4.3314,0,3,0,0
org_253j2d54,2025-07-03,compute,29.7993,354.0,0,0,3,0,0
org_253j2d54,2025-07-04,analytics,17.6626,245.0,0.2885,0,3,0,0
org_253j2d54,2025-07-04,compute,21.6793,232.0,1.6836,0,3,0,0
org_253j2d54,2025-07-05,analytics,10.3086,120.0,0.0,14.4191,3,0,0
org_253j2d54,2025-07-06,analytics,15.0307,223.0,0.6873,0,3,0,0
org_253j2d54,2025-07-08,analytics,16.7357,246.0,0,0.0,3,0,0
org_253j2d54,2025-07-09,genai,26.4375,230.0,0,9.4283,3,0,0
org_253j2d54,2025-07-10,analytics,2.0873,0,0,29.4566,3,0,0
org_253j2d54,2025-07-11,analytics,8.3800,111.0,0,26.3228,3,0,0
org_253j2d54,2025-07-11,compute,11.6058,128.0,4.2068,0,3,0,0
org_253j2d54,2025-07-12,compute,31.6937,386.0,0,0,3,0,0
org_253j2d54,2025-07-13,analytics,2.2561,0,0,37.1257,3,0,0
org_253j2d54,2025-07-13,compute,12.9410,135.0,0,14.0435,3,1,0
org_253j2d54,2025-07-13,genai,31.9544,121.0,0,21.4119,3,1,0
org_253j2d54,2025-07-15,analytics,11.3796,120.0,0,26.9816,3,0,0
org_253j2d54,2025-07-15,genai,31.5928,253.0,0,6.9275,3,0,0
org_253j2d54,2025-07-16,analytics,21.4942,266.0,1.7098,0,3,0,0
org_253j2d54,2025-07-16,genai,23.1240,213.0,0,13.8263,3,0,0
org_253j2d54,2025-07-17,genai,25.7305,230.0,0,0.0,3,0,0
org_253j2d54,2025-07-18,analytics,20.0678,340.0,0,0,3,0,0
org_253j2d54,2025-07-18,compute,19.5389,230.0,0.6173,0,3,0,0
org_253j2d54,2025-07-19,analytics,9.4711,139.0,0,4.8374,3,0,0
org_253j2d54,2025-07-19,compute,29.2843,249.0,0,0,3,1,0
org_253j2d54,2025-07-20,analytics,11.7928,122.0,2.3772,0,3,0,0
org_253j2d54,2025-07-20,genai,16.7360,119.0,1.8266,12.8682,3,0,0
org_253j2d54,2025-07-21,genai,23.4012,142.0,3.0056,0,3,1,0
org_253j2d54,2025-07-22,analytics,0.2023,0,2.5435,0.2617,3,0,0
org_253j2d54,2025-07-22,genai,50.0148,367.0,0,0,3,0,0
org_253j2d54,2025-07-23,analytics,9.9322,122.0,2.5552,9.5944,3,0,0
org_253j2d54,2025-07-23,compute,12.6346,129.0,3.2601,22.3557,3,0,0
org_253j2d54,2025-07-23,genai,2.3286,0,2.6276,16.0907,3,0,0
org_253j2d54,2025-07-24,analytics,-5.4040,117.0,2.5253,26.3042,3,0,1
org_253j2d54,2025-07-24,compute,11.7141,116.0,0.0706,16.9825,3,0,0
org_253j2d54,2025-07-25,analytics,13.5900,213.0,2.4781,0,3,0,0
org_253j2d54,2025-07-25,genai,13.3776,109.0,1.5144,22.9211,3,0,0
org_253j2d54,2025-07-26,analytics,17.4743,235.0,0,1.6037,3,0,0
org_253j2d54,2025-07-26,compute,0.6468,0,1.8992,7.4486,3,0,0
org_253j2d54,2025-07-26,genai,36.5420,275.0,0,11.535,3,0,0
org_253j2d54,2025-07-27,genai,3.1891,0,0,23.3111,3,0,0
org_253j2d54,2025-07-28,analytics,18.0251,262.0,3.7844,0,3,0,0
org_253j2d54,2025-07-28,genai,14.0568,96.0,0,16.0888,3,0,0
org_253j2d54,2025-07-29,compute,0.5270,0,6.5391,0,3,0,0
org_253j2d54,2025-07-30,analytics,16.6526,227.0,0,1.0264,3,0,0
org_253j2d54,2025-07-30,compute,13.1958,255.0,0,2.4483,3,0,0
org_253j2d54,2025-08-01,analytics,2.0246,0,3.833,23.4832,3,0,0
org_253j2d54,2025-08-01,compute,28.9241,354.0,0,0,3,0,0
org_253j2d54,2025-08-01,genai,19.4758,104.0,0,12.4606,3,0,0
org_253j2d54,2025-08-02,compute,11.9127,127.0,0.0,6.989,3,0,0
org_253j2d54,2025-08-02,genai,3.2833,0,0,29.2399,3,0,0
org_253j2d54,2025-08-03,analytics,7.7497,99.0,0.2009,3.5098,3,0,0
org_253j2d54,2025-08-03,compute,11.2263,135.0,4.8293,0,3,0,0
org_253j2d54,2025-08-03,genai,14.9826,113.0,0,33.3648,3,0,0
org_253j2d54,2025-08-04,compute,12.4757,122.0,3.1461,2.9131,3,0,0
org_253j2d54,2025-08-05,analytics,9.0665,116.0,0.3967,19.6319,3,0,0
org_253j2d54,2025-08-05,compute,13.1608,105.0,0,40.3991,3,0,0
org_253j2d54,2025-08-05,genai,10.2542,117.0,1.6897,0.0,3,0,0
org_253j2d54,2025-08-06,compute,16.9690,93.0,0.8291,0,3,1,1
org_253j2d54,2025-08-07,analytics,3.1585,0,1.0901,43.2853,3,0,0
org_253j2d54,2025-08-07,compute,8.3389,112.0,1.6925,8.9172,3,0,0
org_253j2d54,2025-08-07,genai,18.1484,122.0,0,22.8616,3,0,0
org_253j2d54,2025-08-08,analytics,22.8843,273.0,0,12.3968,3,0,0
org_253j2d54,2025-08-08,compute,0.2692,0,2.0829,0.7832,3,0,0
org_253j2d54,2025-08-08,genai,19.8025,133.0,1.8892,3.5422,3,0,0
org_253j2d54,2025-08-09,compute,23.8511,270.0,0,5.2301,3,0,0
org_253j2d54,2025-08-09,genai,38.8071,365.0,0,0,3,0,0
org_253j2d54,2025-08-11,compute,9.4213,121.0,0,27.0679,3,0,1
org_253j2d54,2025-08-11,genai,17.1506,123.0,7.6103,0,3,0,0
org_253j2d54,2025-08-12,analytics,11.9693,134.0,0.0,22.7546,3,0,0
org_253j2d54,2025-08-12,genai,13.7692,96.0,0,23.6618,3,0,0
org_253j2d54,2025-08-13,analytics,8.7408,120.0,0,19.2493,3,0,0
org_253j2d54,2025-08-14,analytics,176.9425,225.0,3.6534,0,3,0,0
org_253j2d54,2025-08-14,compute,18.9068,252.0,0,14.3179,3,0,0
org_253j2d54,2025-08-15,analytics,7.4738,122.0,1.1136,5.2251,3,0,0
org_253j2d54,2025-08-15,compute,19.3621,236.0,0,10.5994,3,0,0
org_253j2d54,2025-08-16,analytics,19.1068,243.0,0,0,3,1,0
org_253j2d54,2025-08-16,genai,2.4129,0,0,18.6705,3,0,0
org_253j2d54,2025-08-17,analytics,18.5419,0,6.2420,13.511,3,0,0
org_253j2d54,2025-08-17,genai,26.6264,199.0,0,0.0,3,0,0
org_253j2d54,2025-08-18,analytics,1.7451,0,0,27.0000,3,0,0
org_253j2d54,2025-08-19,analytics,8.2287,122.0,2.6932,18.4985,3,0,0
org_253j2d54,2025-08-19,compute,1.5422,0,4.8126,14.7558,3,0,0
org_253j2d54,2025-08-19,genai,2.5817,0,4.4937,15.8800,3,0,0
org_253j2d54,2025-08-20,analytics,7.4227,106.0,0,6.4731,3,0,0
org_253j2d54,2025-08-20,compute,1.8039,0,0.0,19.8639,3,0,0
org_253j2d54,2025-08-20,genai,15.2377,130.0,0.6971,6.4008,3,0,0
org_253j2d54,2025-08-21,compute,0.4351,0,6.0707,0,3,0,0
org_253j2d54,2025-08-21,genai,40.9993,361.0,0,0,3,0,0
org_253j2d54,2025-08-22,compute,18.7875,230.0,1.3248,0,3,0,0
org_253j2d54,2025-08-22,genai,23.8477,218.0,0.912,0,3,0,0
org_253j2d54,2025-08-23,compute,11.5213,0,8.0009,0,3,1,0
org_253j2d54,2025-08-23,genai,20.5591,132.0,0.8331,17.6761,3,0,0
org_253j2d54,2025-08-24,genai,49.3459,375.0,0,0,3,0,0
org_253j2d54,2025-08-25,analytics,9.2654,123.0,3.0370,0,3,0,0
org_253j2d54,2025-08-25,compute,9.5185,122.0,0.5268,13.2156,3,0,0
org_253j2d54,2025-08-27,analytics,27.2523,382.0,0,0,3,0,0
org_253j2d54,2025-08-28,compute,14.2683,115.0,0,11.1231,3,0,0
org_253j2d54,2025-08-28,genai,11.6188,117.0,0.8541,1.0804,3,0,0
org_253j2d54,2025-08-29,analytics,1.3900,0,0,20.5703,3,0,0
org_253j2d54,2025-08-29,compute,3.9481,0,2.1706,22.5937,3,1,0
org_253j2d54,2025-08-30,analytics,20.0437,244.0,0,3.223,3,0,0
org_253j2d54,2025-08-30,genai,19.2464,138.0,0,27.1551,3,0,0
org_253j2d54,2025-08-31,analytics,8.3255,111.0,2.8158,8.546,3,0,0
org_253j2d54,2025-08-31,compute,22.3475,252.0,0,16.0553,3,0,0
org_253j2d54,2025-08-31,genai,13.5647,106.0,0,0.0,3,0,0
org_3t60rjiw,2025-07-03,compute,42.7539,464.0,2.3082,24.3101,6,0,0
org_3t60rjiw,2025-07-03,genai,1.3837,0,3.8204,6.4515,3,0,0
org_3t60rjiw,2025-07-04,compute,22.6282,239.0,0,0,3,1,0
org_3t60rjiw,2025-07-05,compute,21.5374,237.0,2.953,20.3475,6,0,0
org_3t60rjiw,2025-07-06,compute,21.3703,218.0,0,0.0,3,0,0
org_3t60rjiw,2025-07-06,genai,14.1630,100.0,1.4495,3.1861,3,0,0
org_3t60rjiw,2025-07-07,compute,-0.2664,0,1.9917,5.9016,3,0,1
org_3t60rjiw,2025-07-08,compute,20.1227,230.0,0,23.9987,3,0,0
org_3t60rjiw,2025-07-09,compute,17.1284,243.0,0,0,3,1,0
org_3t60rjiw,2025-07-09,genai,30.7943,229.0,0,0.0,3,0,0
org_3t60rjiw,2025-07-10,compute,24.1113,241.0,2.3086,2.9884,6,0,0
org_3t60rjiw,2025-07-11,compute,1.2523,0,6.0259,8.2325,6,0,0
org_3t60rjiw,2025-07-11,genai,12.3140,97.0,0,9.4177,3,0,0
org_3t60rjiw,2025-07-12,compute,37.9081,475.0,7.3540,0,6,0,0
org_3t60rjiw,2025-07-13,compute,11.8877,118.0,0,7.8877,3,0,0
org_3t60rjiw,2025-07-13,genai,0.4315,0,1.9727,0,3,1,0
org_3t60rjiw,2025-07-15,compute,19.2471,249.0,0,0.0,3,0,0
org_3t60rjiw,2025-07-16,compute,40.9752,346.0,0,34.8686,6,1,0
org_3t60rjiw,2025-07-17,compute,24.5249,129.0,0.6427,30.7640,6,1,0
org_3t60rjiw,2025-07-17,genai,11.5624,0,3.0773,0,3,1,0
org_3t60rjiw,2025-07-18,compute,30.9332,349.0,5.7789,19.283,6,0,0
org_3t60rjiw,2025-07-18,genai,27.9642,241.0,0,2.9589,3,0,0
org_3t60rjiw,2025-07-19,compute,3.0030,0,9.8766,30.1192,6,0,0
org_3t60rjiw,2025-07-19,genai,23.4086,210.0,2.9932,0,3,0,0
org_3t60rjiw,2025-07-20,compute,2.7265,0,0,32.2071,3,0,0
org_3t60rjiw,2025-07-20,genai,15.9917,152.0,3.1816,11.5333,3,0,0
org_3t60rjiw,2025-07-21,compute,10.7601,130.0,0,5.9404,3,0,0
org_3t60rjiw,2025-07-21,genai,17.4468,129.0,0.0,4.1306,3,0,0
org_3t60rjiw,2025-07-22,compute,13.6336,130.0,1.7245,0,3,1,0
org_3t60rjiw,2025-07-22,genai,25.2450,242.0,0,1.1944,3,0,0
org_3t60rjiw,2025-07-23,compute,20.0250,257.0,0.4982,38.8636,6,0,0
org_3t60rjiw,2025-07-24,compute,12.9440,130.0,7.1067,0,3,0,0
org_3t60rjiw,2025-07-24,genai,25.4993,253.0,3.3553,0,3,0,0
org_3t60rjiw,2025-07-25,compute,9.2649,104.0,0,32.1379,3,0,0
org_3t60rjiw,2025-07-26,compute,33.1404,379.0,5.3630,26.0584,6,0,0
org_3t60rjiw,2025-07-27,compute,20.4195,263.0,0,13.8168,3,0,0
org_3t60rjiw,2025-07-27,genai,26.0281,235.0,0,10.3073,3,0,0
org_3t60rjiw,2025-07-28,compute,36.4182,461.0,2.816,6.7948,6,0,0
org_3t60rjiw,2025-07-28,genai,36.9434,254.0,2.2487,0,3,0,0
org_3t60rjiw,2025-07-29,compute,26.9423,202.0,0,0,3,1,0
org_3t60rjiw,2025-07-29,genai,28.3598,222.0,0,15.192,3,0,0
org_3t60rjiw,2025-07-30,compute,10.8204,102.0,0,32.4542,3,0,0
org_3t60rjiw,2025-07-30,genai,15.3211,114.0,0,10.7014,3,0,0
org_3t60rjiw,2025-07-31,compute,31.8559,344.0,5.9172,15.616,6,0,0
org_3t60rjiw,2025-07-31,genai,16.7891,121.0,0.0,8.1243,3,0,0
org_3t60rjiw,2025-08-01,compute,2.9099,0,0,35.4872,3,0,0
org_3t60rjiw,2025-08-02,compute,27.4099,238.0,5.1343,39.0676,6,0,0
org_3t60rjiw,2025-08-03,compute,1.6315,0,4.8482,13.1279,3,0,0
org_3t60rjiw,2025-08-04,compute,4.5931,0,0,47.1666,3,0,0
org_3t60rjiw,2025-08-05,genai,1.3054,0,1.73,8.8754,3,0,0
org_3t60rjiw,2025-08-06,compute,43.6282,506.0,0,6.0092,6,1,0
org_3t60rjiw,2025-08-07,compute,9.6908,140.0,4.2433,0,3,0,0
org_3t60rjiw,2025-08-07,genai,30.3714,235.0,3.0043,0,3,0,0
org_3t60rjiw,2025-08-08,genai,0.2827,0,2.1148,0,3,0,0
org_3t60rjiw,2025-08-09,compute,49.6971,639.0,1.6423,0,6,0,0
org_3t60rjiw,2025-08-09,genai,1.5414,0,4.389,7.4068,3,0,0
org_3t60rjiw,2025-08-10,compute,9.0702,112.0,6.9456,20.7847,6,0,0
org_3t60rjiw,2025-08-10,genai,16.3444,0,0,25.7204,3,1,0
org_3t60rjiw,2025-08-12,compute,0.6339,0,6.3877,0,3,0,0
org_3t60rjiw,2025-08-12,genai,43.6254,240.0,0,0,3,1,0
org_3t60rjiw,2025-08-13,genai,3.5985,0,0.0,27.9838,3,0,0
org_3t60rjiw,2025-08-14,compute,11.5914,117.0,0,24.3742,3,0,0
org_3t60rjiw,2025-08-14,genai,27.9857,237.0,0.0,0,3,0,0
org_3t60rjiw,2025-08-15,genai,16.3178,116.0,3.8751,0,3,0,0
org_3t60rjiw,2025-08-16,compute,14.7252,126.0,0,44.5600,6,0,0
org_3t60rjiw,2025-08-16,genai,19.3658,121.0,0,3.726,3,0,0
org_3t60rjiw,2025-08-17,compute,8.8747,110.0,2.088,7.0033,3,0,0
org_3t60rjiw,2025-08-17,genai,28.0958,239.0,2.181,0,3,0,0
org_3t60rjiw,2025-08-18,compute,8.8676,105.0,5.2448,1.316,3,0,0
org_3t60rjiw,2025-08-19,compute,17.0737,250.0,3.6367,13.6492,6,1,0
org_3t60rjiw,2025-08-20,genai,28.0696,249.0,0,0.678,3,0,0
org_3t60rjiw,2025-08-21,compute,16.6130,268.0,5.7209,2.2188,6,0,0
org_3t60rjiw,2025-08-22,compute,1.2029,0,4.5601,12.8595,3,0,0
org_3t60rjiw,2025-08-23,compute,17.7342,239.0,0.0,0.1785,6,0,0
org_3t60rjiw,2025-08-23,genai,1.1114,0,2.5982,5.2234,3,0,0
org_3t60rjiw,2025-08-24,compute,18.3669,246.0,0.0,0,3,0,0
org_3t60rjiw,2025-08-25,compute,47.4089,590.0,0,9.0177,6,0,0
org_3t60rjiw,2025-08-25,genai,3.5157,0,0,26.5848,3,0,0
org_3t60rjiw,2025-08-26,compute,25.6982,245.0,0,25.6437,3,0,0
org_3t60rjiw,2025-08-26,genai,22.3143,135.0,0,8.9541,3,0,0
org_3t60rjiw,2025-08-27,compute,13.5811,126.0,1.7865,26.5717,6,0,0
org_3t60rjiw,2025-08-29,genai,2.4482,0,2.0468,18.5910,3,0,0
org_3t60rjiw,2025-08-30,compute,42.5958,479.0,1.1883,18.9258,6,0,0
org_3t60rjiw,2025-08-30,genai,25.3095,217.0,2.119,0,3,0,0
org_3t60rjiw,2025-08-31,compute,0.6673,0,0.7452,9.5265,3,0,0
org_3t60rjiw,2025-08-31,genai,0.8664,0,3.4407,6.5525,3,0,0
org_41ibljh7,2025-07-04,compute,11.9248,119.0,1.4246,20.9687,3,0,0
org_41ibljh7,2025-07-05,compute,13.8846,120.0,0,23.1037,3,0,0
org_41ibljh7,2025-07-05,networking,2.0959,231.0,0,6.0215,3,0,0
org_41ibljh7,2025-07-08,compute,9.6863,108.0,2.4868,0,3,0,0
org_41ibljh7,2025-07-08,networking,3.3669,351.0,0,0,3,0,0
org_41ibljh7,2025-07-09,compute,1.5870,0,5.3590,15.0962,3,0,0
org_41ibljh7,2025-07-10,compute,12.3698,109.0,2.404,11.0207,3,0,0
org_41ibljh7,2025-07-10,networking,1.2563,125.0,1.6969,0,3,1,0
org_41ibljh7,2025-07-11,compute,15.0568,235.0,2.6304,0,3,0,0
org_41ibljh7,2025-07-12,networking,1.1742,108.0,0.4022,15.7311,3,0,0
org_41ibljh7,2025-07-13,compute,10.7444,107.0,0.9058,13.7715,3,0,0
org_41ibljh7,2025-07-13,networking,3.2089,259.0,2.1,0,3,0,0
org_41ibljh7,2025-07-14,networking,1.6403,142.0,2.9376,26.511,3,0,0
org_41ibljh7,2025-07-15,compute,21.7297,251.0,0,7.0465,3,0,0
org_41ibljh7,2025-07-16,networking,1.8578,225.0,0.0,0,3,0,0
org_41ibljh7,2025-07-18,networking,1.3412,115.0,4.3222,0,3,0,0
org_41ibljh7,2025-07-19,networking,0.9413,111.0,2.6222,0.0,3,0,0
org_41ibljh7,2025-07-20,compute,19.6355,245.0,0,0.0,3,0,0
org_41ibljh7,2025-07-21,networking,0.1525,0,6.5432,9.2727,3,0,0
org_41ibljh7,2025-07-22,compute,10.95,107.0,0.0,5.1824,3,0,0
org_41ibljh7,2025-07-24,networking,1.0587,129.0,1.38,14.0315,3,0,0
org_41ibljh7,2025-07-25,compute,17.4067,230.0,1.0187,0,3,0,0
org_41ibljh7,2025-07-25,networking,1.1501,115.0,2.4977,3.5082,3,0,0
org_41ibljh7,2025-07-26,compute,17.1036,237.0,0.9608,0,3,0,0
org_41ibljh7,2025-07-27,networking,2.5385,241.0,0,4.5795,3,0,0
org_41ibljh7,2025-07-28,networking,0.9768,106.0,0,28.5130,3,0,0
org_41ibljh7,2025-07-29,compute,0.5381,0,2.5829,10.5072,3,0,1
org_41ibljh7,2025-07-30,networking,1.4422,120.0,0,9.9330,3,0,0
org_41ibljh7,2025-07-31,networking,4.0364,397.0,0,0,3,0,0
org_41ibljh7,2025-08-01,compute,11.5243,115.0,2.6659,11.3843,3,0,0
org_41ibljh7,2025-08-01,networking,1.1628,114.0,2.1016,5.7982,3,0,0
org_41ibljh7,2025-08-03,compute,10.8869,129.0,0,20.8316,3,0,0
org_41ibljh7,2025-08-04,compute,19.7074,118.0,0,0.0,3,1,0
org_41ibljh7,2025-08-06,compute,9.9543,118.0,0,10.0086,3,0,0
org_41ibljh7,2025-08-06,networking,2.5171,237.0,1.7267,0,3,0,0
org_41ibljh7,2025-08-07,networking,1.4698,128.0,1.0785,0.0,3,0,0
org_41ibljh7,2025-08-08,networking,1.2687,115.0,0.0577,0.0,3,0,0
org_41ibljh7,2025-08-09,compute,11.4844,116.0,0.0,20.6768,3,0,0
org_41ibljh7,2025-08-09,networking,0.1128,0,3.0561,8.4723,3,0,0
org_41ibljh7,2025-08-10,compute,9.7969,129.0,1.3327,0.9217,3,0,0
org_41ibljh7,2025-08-11,compute,11.6617,128.0,2.4062,13.681,3,0,0
org_41ibljh7,2025-08-11,networking,2.5972,252.0,0,7.3375,3,0,0
org_41ibljh7,2025-08-12,networking,19.3869,110.0,2.7694,0,3,1,0
org_41ibljh7,2025-08-13,networking,0.0264,0,1.6382,0.2794,3,0,0
org_41ibljh7,2025-08-14,compute,20.9385,229.0,0,10.2024,3,0,0
org_41ibljh7,2025-08-14,networking,1.1660,113.0,0,6.287,3,0,0
org_41ibljh7,2025-08-15,compute,11.7783,132.0,0,7.4878,3,0,0
org_41ibljh7,2025-08-16,networking,3.4361,355.0,0,0,3,0,0
org_41ibljh7,2025-08-17,compute,2.0330,0,1.5262,19.5544,3,0,0
org_41ibljh7,2025-08-21,compute,11.2939,142.0,0,12.1299,3,0,0
org_41ibljh7,2025-08-21,networking,0.2863,0,1.2582,28.8866,3,0,0
org_41ibljh7,2025-08-22,compute,12.5694,134.0,0,12.0286,3,0,0
org_41ibljh7,2025-08-22,networking,3.5383,378.0,0,0,3,0,0
org_41ibljh7,2025-08-23,networking,1.0623,0,3.4041,0,3,1,0
org_41ibljh7,2025-08-24,compute,31.0386,346.0,0,0,3,0,0
org_41ibljh7,2025-08-24,networking,2.7918,241.0,0,1.5617,3,0,0
org_41ibljh7,2025-08-25,networking,1.5396,130.0,0,22.4258,3,0,0
org_41ibljh7,2025-08-26,compute,2.2709,0,4.7178,21.0854,3,0,0
org_41ibljh7,2025-08-27,compute,18.3006,252.0,1.4397,0,3,0,0
org_41ibljh7,2025-08-28,compute,10.0982,124.0,1.8489,0.0,3,0,0
org_41ibljh7,2025-08-28,networking,3.7246,376.0,0,0,3,0,0
org_41ibljh7,2025-08-29,compute,10.6905,118.0,0.4586,10.3602,3,0,0
org_41ibljh7,2025-08-29,networking,0.2533,0,1.7462,23.8813,3,0,0
org_41ibljh7,2025-08-30,compute,0.5510,0,7.5561,0.0,3,0,0
org_41ibljh7,2025-08-31,compute,1.3402,0,2.0949,15.6632,3,0,0
org_41ibljh7,2025-08-31,networking,0.9858,113.0,1.5885,0,3,0,0
org_4zw9xa3k,2025-07-03,analytics,7.1009,87.0,2.6372,0.0,3,0,0
org_4zw9xa3k,2025-07-03,compute,17.7519,240.0,2.5348,0,3,0,0
org_4zw9xa3k,2025-07-04,analytics,8.6768,110.0,2.8082,28.9237,6,0,0
org_4zw9xa3k,2025-07-04,storage,0.3340,0,1.1668,19.8491,3,0,0
org_4zw9xa3k,2025-07-05,analytics,1.8705,0,0,27.0875,3,0,0
org_4zw9xa3k,2025-07-05,storage,3.2365,129.0,0,34.5501,3,0,0
org_4zw9xa3k,2025-07-06,analytics,46.2182,608.0,0.0,0,6,0,0
org_4zw9xa3k,2025-07-06,storage,0.5645,0,2.6522,24.0315,3,0,0
org_4zw9xa3k,2025-07-07,analytics,2.5296,0,0,43.6383,3,0,0
org_4zw9xa3k,2025-07-07,genai,30.6043,213.0,0,24.5085,3,0,0
org_4zw9xa3k,2025-07-07,storage,0.6055,0,0,31.0415,3,0,0
org_4zw9xa3k,2025-07-08,compute,11.3957,115.0,3.2474,0,3,0,0
org_4zw9xa3k,2025-07-08,genai,32.9002,263.0,1.7892,0,3,0,0
org_4zw9xa3k,2025-07-09,analytics,16.0759,226.0,0,8.5682,3,0,0
org_4zw9xa3k,2025-07-09,compute,31.9302,367.0,0,0,3,0,0
org_4zw9xa3k,2025-07-09,genai,29.4623,239.0,0.7222,0,3,0,0
org_4zw9xa3k,2025-07-09,storage,4.3241,220.0,0,0.0,3,0,0
org_4zw9xa3k,2025-07-10,compute,1.4472,0,0,21.5457,3,0,0
org_4zw9xa3k,2025-07-10,genai,15.5356,121.0,3.4142,0.0,3,0,0
org_4zw9xa3k,2025-07-10,storage,7.1489,359.0,0,0,3,0,0
org_4zw9xa3k,2025-07-11,analytics,31.2361,377.0,0.0,10.4287,6,0,0
org_4zw9xa3k,2025-07-11,compute,18.7491,259.0,0.239,0,3,0,0
org_4zw9xa3k,2025-07-11,storage,0.0791,0,4.5422,0.0,3,0,0
org_4zw9xa3k,2025-07-12,analytics,160.3064,331.0,6.6381,0,6,0,0
org_4zw9xa3k,2025-07-12,compute,10.1395,130.0,0,13.5066,3,0,0
org_4zw9xa3k,2025-07-12,storage,2.7926,119.0,0,13.4852,3,1,0
org_4zw9xa3k,2025-07-13,analytics,18.5583,231.0,2.6330,11.3631,6,0,0
org_4zw9xa3k,2025-07-13,compute,1.9438,0,3.3367,23.7506,3,0,0
org_4zw9xa3k,2025-07-13,genai,23.7492,235.0,2.239,0,3,0,0
org_4zw9xa3k,2025-07-14,analytics,28.9407,382.0,1.5371,10.9763,6,0,0
org_4zw9xa3k,2025-07-14,compute,18.2332,239.0,0,10.8673,3,0,0
org_4zw9xa3k,2025-07-15,analytics,17.6225,215.0,0,16.4699,3,0,0
org_4zw9xa3k,2025-07-15,storage,2.3846,118.0,3.3073,3.3803,3,0,0
org_4zw9xa3k,2025-07-16,analytics,2.8412,0,1.4794,35.5645,6,0,0
org_4zw9xa3k,2025-07-17,analytics,21.6760,277.0,0,0.0,3,0,0
org_4zw9xa3k,2025-07-17,compute,22.6219,265.0,1.3662,0,3,0,0
org_4zw9xa3k,2025-07-17,genai,41.8158,378.0,0,0,3,0,0
org_4zw9xa3k,2025-07-18,compute,20.7743,227.0,2.3824,0,3,0,0
org_4zw9xa3k,2025-07-18,storage,2.3014,106.0,0,28.4096,3,0,0
org_4zw9xa3k,2025-07-19,analytics,8.0582,124.0,3.7723,2.4509,3,0,0
org_4zw9xa3k,2025-07-19,genai,24.7946,227.0,0,0.0,3,0,0
org_4zw9xa3k,2025-07-19,storage,2.1542,116.0,0.0,4.7978,3,0,0
org_4zw9xa3k,2025-07-20,analytics,7.8532,130.0,0.9368,13.0383,3,0,0
org_4zw9xa3k,2025-07-20,genai,47.6095,369.0,0,0,3,0,0
org_4zw9xa3k,2025-07-20,storage,5.4933,237.0,0,3.9992,3,0,0
org_4zw9xa3k,2025-07-21,analytics,6.9965,117.0,3.4946,5.5002,6,0,0
org_4zw9xa3k,2025-07-21,genai,2.6860,0,8.5914,10.2742,3,0,0
org_4zw9xa3k,2025-07-21,storage,3.1875,115.0,2.4836,11.9786,3,0,0
org_4zw9xa3k,2025-07-22,analytics,15.6673,214.0,1.6737,0,3,0,0
org_4zw9xa3k,2025-07-22,storage,0.4306,0,4.1336,21.3831,3,0,0
org_4zw9xa3k,2025-07-23,analytics,30.9944,377.0,2.0976,30.3717,6,0,0
org_4zw9xa3k,2025-07-23,compute,22.9232,267.0,0,16.8842,3,0,0
org_4zw9xa3k,2025-07-23,genai,2.6560,0,5.0248,16.8715,3,0,0
org_4zw9xa3k,2025-07-24,compute,20.7814,247.0,0,0,3,1,0
org_4zw9xa3k,2025-07-24,storage,4.6211,129.0,0,4.5824,3,1,0
org_4zw9xa3k,2025-07-25,analytics,27.2747,349.0,0,0,3,0,0
org_4zw9xa3k,2025-07-25,compute,18.3557,120.0,1.4545,0,3,1,0
org_4zw9xa3k,2025-07-25,genai,16.9869,122.0,0,13.9828,3,0,0
org_4zw9xa3k,2025-07-25,storage,3.7124,134.0,0,39.7859,3,0,0
org_4zw9xa3k,2025-07-26,analytics,40.7592,489.0,0,0.0,6,1,0
org_4zw9xa3k,2025-07-27,analytics,25.4958,360.0,2.72,0.0,6,1,0
org_4zw9xa3k,2025-07-27,compute,10.6764,119.0,0,10.9349,3,0,0
org_4zw9xa3k,2025-07-27,genai,17.8427,120.0,0,25.3389,3,0,0
org_4zw9xa3k,2025-07-27,storage,2.3232,101.0,1.743,0,3,0,0
org_4zw9xa3k,2025-07-28,analytics,27.8086,340.0,5.4699,0,6,1,0
org_4zw9xa3k,2025-07-28,compute,18.7131,233.0,0.0,0,3,0,0
org_4zw9xa3k,2025-07-29,analytics,20.1581,252.0,8.8471,10.5246,6,0,0
org_4zw9xa3k,2025-07-29,compute,22.0148,243.0,1.8699,0,3,0,0
org_4zw9xa3k,2025-07-29,genai,13.4264,113.0,2.4082,0,3,0,0
org_4zw9xa3k,2025-07-30,analytics,7.5998,95.0,4.9341,19.2265,3,0,0
org_4zw9xa3k,2025-07-30,compute,10.7374,118.0,8.2499,0,3,0,0
org_4zw9xa3k,2025-07-31,analytics,9.9175,134.0,1.1098,0.0,3,0,0
org_4zw9xa3k,2025-07-31,compute,9.3041,116.0,0,6.4178,3,1,0
org_4zw9xa3k,2025-08-01,analytics,38.8631,391.0,0,18.6788,6,1,0
org_4zw9xa3k,2025-08-01,compute,12.7404,0,2.8062,16.8361,3,1,0
org_4zw9xa3k,2025-08-01,genai,39.4553,346.0,0,0,3,0,0
org_4zw9xa3k,2025-08-01,storage,4.1528,245.0,0,3.3701,3,0,0
org_4zw9xa3k,2025-08-02,analytics,13.1787,118.0,1.2137,0,3,1,0
org_4zw9xa3k,2025-08-02,genai,0.9348,0,0.8838,6.9786,3,0,0
org_4zw9xa3k,2025-08-03,analytics,8.4331,105.0,2.617,17.6126,3,0,0
org_4zw9xa3k,2025-08-03,genai,29.1177,270.0,0,8.5712,3,0,0
org_4zw9xa3k,2025-08-03,storage,0.3369,0,0.0,15.7249,3,0,0
org_4zw9xa3k,2025-08-04,analytics,17.3460,247.0,4.6337,41.3299,6,0,1
org_4zw9xa3k,2025-08-04,compute,13.5084,120.0,0,35.6739,3,0,0
org_4zw9xa3k,2025-08-04,genai,16.6726,120.0,3.8763,14.1139,3,0,0
org_4zw9xa3k,2025-08-04,storage,7.0613,342.0,0,0,3,0,0
org_4zw9xa3k,2025-08-05,analytics,20.6700,243.0,0,3.7043,3,0,0
org_4zw9xa3k,2025-08-06,analytics,16.0932,223.0,0,0.0,3,0,0
org_4zw9xa3k,2025-08-07,genai,5.4250,0,3.2567,38.3503,3,0,0
org_4zw9xa3k,2025-08-08,analytics,30.7546,362.0,0,52.8261,6,0,0
org_4zw9xa3k,2025-08-08,compute,2.9631,0,2.8715,34.0042,3,0,0
org_4zw9xa3k,2025-08-08,storage,5.0293,254.0,0,3.0711,3,0,0
org_4zw9xa3k,2025-08-09,analytics,7.1487,115.0,0.0,23.663,3,0,0
org_4zw9xa3k,2025-08-09,storage,6.5895,262.0,0,20.1271,3,0,0
org_4zw9xa3k,2025-08-10,compute,2.9510,0,0.4826,31.1061,3,0,0
org_4zw9xa3k,2025-08-10,genai,35.2125,238.0,0,19.5332,3,0,0
org_4zw9xa3k,2025-08-11,analytics,14.9925,250.0,0,0.0,3,0,0
org_4zw9xa3k,2025-08-11,compute,11.2006,117.0,3.3667,18.054,3,0,0
org_4zw9xa3k,2025-08-12,analytics,13.7048,121.0,0,34.3661,3,0,0
org_4zw9xa3k,2025-08-12,compute,32.3101,360.0,0,0,3,0,0
org_4zw9xa3k,2025-08-12,genai,29.3258,243.0,0.7011,0,3,0,0
org_4zw9xa3k,2025-08-13,genai,1.5648,0,1.7679,9.4892,3,0,0
org_4zw9xa3k,2025-08-14,analytics,10.8062,132.0,3.758,18.961,3,0,0
org_4zw9xa3k,2025-08-14,compute,10.7961,132.0,0.0,8.3535,3,0,0
org_4zw9xa3k,2025-08-14,genai,27.5118,342.0,0,0,3,0,0
org_4zw9xa3k,2025-08-15,analytics,26.5272,341.0,0.0,10.5231,6,0,0
org_4zw9xa3k,2025-08-15,compute,8.6032,94.0,3.2742,0,3,0,0
org_4zw9xa3k,2025-08-15,genai,6.6538,0,0,48.1763,3,0,0
org_4zw9xa3k,2025-08-16,analytics,1.1747,0,2.9975,11.7344,3,0,0
org_4zw9xa3k,2025-08-16,compute,0.8777,0,2.3644,4.5004,3,1,0
org_4zw9xa3k,2025-08-16,genai,15.9587,121.0,6.5184,0,3,0,0
org_4zw9xa3k,2025-08-16,storage,4.9306,254.0,1.2239,0,3,0,0
org_4zw9xa3k,2025-08-17,analytics,24.1647,380.0,0,0,3,0,0
org_4zw9xa3k,2025-08-17,storage,7.5094,385.0,0,0,3,0,0
org_4zw9xa3k,2025-08-18,analytics,29.9670,358.0,4.7189,15.2945,6,0,0
org_4zw9xa3k,2025-08-18,genai,43.9881,237.0,0,0,3,1,0
org_4zw9xa3k,2025-08-19,analytics,0.6624,0,3.3636,6.7439,6,0,0
org_4zw9xa3k,2025-08-19,compute,17.1724,249.0,3.2744,0,3,0,0
org_4zw9xa3k,2025-08-19,storage,3.5451,118.0,0.0887,14.446,3,0,0
org_4zw9xa3k,2025-08-20,analytics,3.2127,0,0,47.1248,3,0,0
org_4zw9xa3k,2025-08-20,compute,20.1691,241.0,0,10.2455,3,0,0
org_4zw9xa3k,2025-08-20,storage,0.4289,0,0.0,22.6639,3,0,0
org_4zw9xa3k,2025-08-21,analytics,28.7341,398.0,4.8389,3.5798,6,0,0
org_4zw9xa3k,2025-08-21,compute,17.3717,214.0,3.8295,0,3,0,0
org_4zw9xa3k,2025-08-21,genai,16.9246,146.0,3.8782,6.0927,3,0,0
org_4zw9xa3k,2025-08-21,storage,0.5961,0,0.0,25.6706,3,0,0
org_4zw9xa3k,2025-08-22,analytics,31.2963,370.0,0,34.2885,6,1,0
org_4zw9xa3k,2025-08-22,compute,21.4363,264.0,1.7074,0,3,0,0
org_4zw9xa3k,2025-08-22,genai,31.2385,221.0,0.6251,0,3,0,0
org_4zw9xa3k,2025-08-23,analytics,24.8669,370.0,2.2864,11.0648,6,0,0
org_4zw9xa3k,2025-08-23,compute,22.5122,236.0,0,17.632,3,0,0
org_4zw9xa3k,2025-08-23,genai,43.0496,211.0,0,0,3,1,0
org_4zw9xa3k,2025-08-23,storage,0.6959,0,1.2388,32.0992,3,0,0
org_4zw9xa3k,2025-08-24,analytics,15.7017,204.0,1.2908,0,3,0,0
org_4zw9xa3k,2025-08-24,compute,0.3020,0,4.0822,0.0,3,0,0
org_4zw9xa3k,2025-08-24,genai,16.0315,115.0,2.1309,0,3,1,0
org_4zw9xa3k,2025-08-24,storage,3.0653,132.0,3.2027,4.4904,3,0,0
org_4zw9xa3k,2025-08-25,analytics,26.0550,362.0,4.7893,0,6,0,0
org_4zw9xa3k,2025-08-25,genai,3.8968,0,3.649,27.6370,3,0,0
org_4zw9xa3k,2025-08-25,storage,2.4911,108.0,0,2.9975,3,0,0
org_4zw9xa3k,2025-08-26,genai,12.1111,114.0,2.8509,9.3181,3,0,0
org_4zw9xa3k,2025-08-27,analytics,21.3045,257.0,0,15.8671,3,0,0
org_4zw9xa3k,2025-08-27,genai,42.1858,348.0,0,0,3,0,0
org_4zw9xa3k,2025-08-27,storage,0.2367,0,2.4409,10.3701,3,0,0
org_4zw9xa3k,2025-08-28,analytics,42.4421,626.0,0,0.3343,6,0,0
org_4zw9xa3k,2025-08-28,genai,27.9531,227.0,0,12.7364,3,0,0
org_4zw9xa3k,2025-08-29,analytics,10.3452,113.0,0,13.783,3,0,0
org_4zw9xa3k,2025-08-29,compute,11.4175,111.0,0.0,10.0759,3,0,0
org_4zw9xa3k,2025-08-29,storage,4.9582,221.0,2.9596,0,3,0,0
org_4zw9xa3k,2025-08-30,analytics,19.8044,242.0,1.8442,10.6550,6,0,0
org_4zw9xa3k,2025-08-30,storage,0.0264,115.0,0,13.9434,3,1,1
org_4zw9xa3k,2025-08-31,analytics,11.4397,122.0,0.2551,36.7230,6,0,0
org_4zw9xa3k,2025-08-31,compute,0.0879,0,0.9736,0,3,0,0
org_4zw9xa3k,2025-08-31,storage,0.2238,0,4.2757,5.4192,3,0,0
org_53lc58dr,2025-07-03,analytics,11.3441,144.0,0,20.7441,3,0,0
org_53lc58dr,2025-07-03,compute,0.2784,0,0.0905,3.9282,3,0,0
org_53lc58dr,2025-07-03,database,17.1475,342.0,2.7415,16.6201,6,0,0
org_53lc58dr,2025-07-03,genai,28.8737,276.0,0.4225,0,3,0,0
org_53lc58dr,2025-07-03,networking,3.0056,259.0,0,5.1349,3,0,0
org_53lc58dr,2025-07-03,storage,4.5204,212.0,0,5.7058,3,0,0
org_53lc58dr,2025-07-04,compute,19.0011,234.0,0,11.7544,3,0,0
org_53lc58dr,2025-07-04,database,8.1904,115.0,0,41.4243,3,0,0
org_53lc58dr,2025-07-04,genai,29.6736,231.0,2.8697,0,3,0,0
org_53lc58dr,2025-07-04,networking,1.4251,139.0,0.0,6.8539,3,0,0
org_53lc58dr,2025-07-05,analytics,1.9160,0,2.7624,30.8704,3,0,0
org_53lc58dr,2025-07-05,compute,13.0489,120.0,2.5332,20.68,3,0,0
org_53lc58dr,2025-07-05,database,0.2879,0,2.4634,3.9391,3,0,0
org_53lc58dr,2025-07-05,genai,27.7378,237.0,2.9950,13.9123,6,0,0
org_53lc58dr,2025-07-05,storage,2.9043,128.0,1.4148,5.4156,3,0,0
org_53lc58dr,2025-07-06,analytics,36.6590,478.0,0,23.3765,6,0,0
org_53lc58dr,2025-07-06,compute,20.4844,245.0,0.4004,28.9226,6,0,0
org_53lc58dr,2025-07-06,database,17.0563,365.0,0,12.5779,6,1,0
org_53lc58dr,2025-07-06,genai,15.4250,109.0,0.0,20.3552,3,0,0
org_53lc58dr,2025-07-06,storage,-2.2080,122.0,1.4465,5.6108,3,0,1
org_53lc58dr,2025-07-07,analytics,20.6118,261.0,3.3115,18.0683,6,0,0
org_53lc58dr,2025-07-07,compute,13.6037,202.0,0,3.8564,3,0,0
org_53lc58dr,2025-07-07,database,0.3420,0,4.7301,1.855,3,0,0
org_53lc58dr,2025-07-07,networking,0.9706,110.0,0,22.6318,3,0,0
org_53lc58dr,2025-07-08,analytics,23.6263,245.0,0,0,3,1,0
org_53lc58dr,2025-07-08,compute,184.6920,203.0,2.582,0,3,0,0
org_53lc58dr,2025-07-08,database,5.9192,114.0,3.9705,18.9094,3,0,0
org_53lc58dr,2025-07-08,genai,22.7161,125.0,2.5681,44.7925,6,0,0
org_53lc58dr,2025-07-08,storage,5.5687,259.0,0,4.6425,3,0,0
org_53lc58dr,2025-07-09,analytics,21.6517,318.0,6.2866,0,6,0,0
org_53lc58dr,2025-07-09,compute,11.1362,124.0,0.0,10.747,3,0,0
org_53lc58dr,2025-07-09,database,11.2125,223.0,2.7307,8.0613,6,0,0
org_53lc58dr,2025-07-09,networking,2.2179,243.0,0,0.0,3,0,0
org_53lc58dr,2025-07-09,storage,2.9490,139.0,1.363,13.1134,3,0,0
org_53lc58dr,2025-07-10,analytics,23.9105,355.0,0,22.6001,6,0,0
org_53lc58dr,2025-07-10,compute,0.2036,0,2.5498,0.0,3,0,0
org_53lc58dr,2025-07-10,database,12.6298,212.0,0,24.2118,3,0,0
org_53lc58dr,2025-07-10,storage,3.6290,130.0,2.7203,0,3,0,0
org_53lc58dr,2025-07-11,analytics,20.0548,251.0,6.1754,18.7466,6,0,0
org_53lc58dr,2025-07-11,compute,32.9500,382.0,0,41.3631,6,0,0
org_53lc58dr,2025-07-11,database,12.9219,254.0,3.1975,0,3,0,0
org_53lc58dr,2025-07-11,genai,30.5338,234.0,1.8191,13.7964,6,0,0
org_53lc58dr,2025-07-11,storage,2.8838,130.0,5.0188,0,3,0,0
org_53lc58dr,2025-07-12,analytics,2.9674,0,0,39.6150,3,0,0
org_53lc58dr,2025-07-12,compute,30.1292,340.0,5.1051,24.8229,6,0,0
org_53lc58dr,2025-07-12,database,6.2114,121.0,0,17.2184,3,0,0
org_53lc58dr,2025-07-12,networking,1.4153,131.0,4.4843,13.4221,3,0,0
org_53lc58dr,2025-07-12,storage,3.2525,114.0,0,25.3783,3,0,0
org_53lc58dr,2025-07-13,compute,36.5096,389.0,0,0,3,0,0
org_53lc58dr,2025-07-13,database,7.9127,117.0,4.3021,10.675,3,0,0
org_53lc58dr,2025-07-13,genai,43.6107,361.0,3.0830,0,6,0,0
org_53lc58dr,2025-07-13,storage,2.3992,119.0,0.3311,4.8364,3,0,0
org_53lc58dr,2025-07-14,analytics,15.0479,214.0,3.5207,26.7420,6,0,0
org_53lc58dr,2025-07-14,compute,32.9381,422.0,1.3219,0.0,6,0,0
org_53lc58dr,2025-07-14,genai,12.1595,110.0,2.7147,0,3,0,0
org_53lc58dr,2025-07-14,networking,2.7675,258.0,0,12.4914,3,0,0
org_53lc58dr,2025-07-14,storage,5.0273,242.0,0,12.9634,3,0,0
org_53lc58dr,2025-07-15,compute,9.0699,119.0,1.1736,0,3,0,0
org_53lc58dr,2025-07-15,database,23.6836,463.0,0.0707,22.7082,6,0,0
org_53lc58dr,2025-07-15,genai,20.3070,211.0,0.0,0,3,0,0
org_53lc58dr,2025-07-15,storage,3.5917,125.0,0,35.3735,3,0,0
org_53lc58dr,2025-07-16,analytics,17.1835,234.0,0.8239,0,3,0,0
org_53lc58dr,2025-07-16,compute,8.9035,100.0,0,19.8708,3,0,0
org_53lc58dr,2025-07-16,database,9.0253,135.0,2.1155,11.8458,3,0,0
org_53lc58dr,2025-07-16,genai,32.4692,246.0,5.9387,16.6693,6,0,0
org_53lc58dr,2025-07-16,storage,2.5316,103.0,1.4794,15.9067,3,0,0
org_53lc58dr,2025-07-17,compute,30.4857,362.0,0.6042,25.3688,6,0,0
org_53lc58dr,2025-07-17,database,10.3871,202.0,0,20.2075,3,0,0
org_53lc58dr,2025-07-17,genai,74.0407,470.0,0,5.5707,6,1,0
org_53lc58dr,2025-07-17,networking,2.4712,226.0,0,5.3858,3,0,0
org_53lc58dr,2025-07-17,storage,0.5346,0,0,29.8589,3,0,0
org_53lc58dr,2025-07-18,analytics,30.3674,372.0,3.7381,32.3563,6,0,0
org_53lc58dr,2025-07-18,compute,25.8735,340.0,0,0,3,0,0
org_53lc58dr,2025-07-18,storage,5.2191,253.0,0.0,0,3,0,0
org_53lc58dr,2025-07-19,analytics,26.5605,366.0,3.0146,7.445,6,0,0
org_53lc58dr,2025-07-19,compute,56.2751,744.0,0,0,6,0,0
org_53lc58dr,2025-07-19,database,4.2141,108.0,0.0,3.6086,3,0,0
org_53lc58dr,2025-07-19,genai,32.5758,235.0,2.4958,32.9121,6,0,0
org_53lc58dr,2025-07-19,networking,2.3555,235.0,3.8173,0,3,0,0
org_53lc58dr,2025-07-19,storage,2.6725,127.0,2.72,4.5379,3,0,0
org_53lc58dr,2025-07-20,analytics,26.1688,358.0,3.3955,36.8188,6,0,0
org_53lc58dr,2025-07-20,compute,26.8781,378.0,0,0,3,0,0
org_53lc58dr,2025-07-20,genai,45.4249,349.0,0,30.9560,6,0,0
org_53lc58dr,2025-07-20,networking,4.2937,362.0,0,0,3,0,0
org_53lc58dr,2025-07-20,storage,4.8089,260.0,2.4663,0,3,0,0
org_53lc58dr,2025-07-21,analytics,25.2162,371.0,0,0,3,0,0
org_53lc58dr,2025-07-21,compute,20.7530,218.0,0.081,18.6247,6,0,0
org_53lc58dr,2025-07-21,database,22.7845,485.0,1.6289,17.6636,6,0,0
org_53lc58dr,2025-07-21,genai,13.5144,0,1.7033,6.3816,3,1,0
org_53lc58dr,2025-07-21,storage,5.613,240.0,0,0.0,3,0,0
org_53lc58dr,2025-07-22,analytics,26.1963,345.0,0,0,3,0,0
org_53lc58dr,2025-07-22,compute,20.1451,226.0,0,26.6823,6,0,0
org_53lc58dr,2025-07-22,database,7.1981,330.0,2.3435,0.0,6,0,1
org_53lc58dr,2025-07-22,networking,3.6947,385.0,0,0,3,0,0
org_53lc58dr,2025-07-23,analytics,24.3965,360.0,6.1145,0,6,0,0
org_53lc58dr,2025-07-23,compute,9.9694,104.0,0,18.2752,3,0,0
org_53lc58dr,2025-07-23,database,20.8394,378.0,0,0,3,0,0
org_53lc58dr,2025-07-23,genai,31.6795,262.0,0,5.112,3,0,0
org_53lc58dr,2025-07-23,networking,2.1487,226.0,2.7982,0,3,0,0
org_53lc58dr,2025-07-23,storage,4.9622,255.0,0.2777,0,3,0,0
org_53lc58dr,2025-07-24,analytics,1.7901,0,1.7893,18.2234,3,0,0
org_53lc58dr,2025-07-24,compute,18.8284,210.0,5.5434,22.9771,6,0,0
org_53lc58dr,2025-07-24,database,17.9742,365.0,5.0486,2.1674,6,0,0
org_53lc58dr,2025-07-24,genai,13.4580,115.0,0.494,22.5654,3,0,0
org_53lc58dr,2025-07-24,networking,1.0077,106.0,3.6399,0,3,0,0
org_53lc58dr,2025-07-24,storage,7.8140,387.0,0,0,3,0,0
org_53lc58dr,2025-07-25,analytics,9.4243,99.0,1.8284,5.3329,3,0,0
org_53lc58dr,2025-07-25,compute,21.6364,225.0,1.2677,45.1274,6,0,0
org_53lc58dr,2025-07-25,genai,3.0403,0,4.3116,16.3275,3,0,0
org_53lc58dr,2025-07-25,storage,0.1381,0,1.7445,6.1479,3,0,0
org_53lc58dr,2025-07-26,compute,17.4898,217.0,2.7488,0,3,0,0
org_53lc58dr,2025-07-26,database,13.7662,225.0,2.3149,44.6686,6,0,0
org_53lc58dr,2025-07-26,genai,28.2578,229.0,1.0369,0,3,0,0
org_53lc58dr,2025-07-26,networking,3.3832,381.0,0,0,3,0,0
org_53lc58dr,2025-07-27,compute,8.7706,93.0,0,4.6715,3,0,0
org_53lc58dr,2025-07-27,database,6.5307,110.0,1.6915,0,3,0,0
org_53lc58dr,2025-07-27,genai,41.0611,346.0,7.1409,0,6,0,0
org_53lc58dr,2025-07-27,networking,3.4055,351.0,0,0,3,0,0
org_53lc58dr,2025-07-28,analytics,25.2366,245.0,4.5811,38.5257,6,0,0
org_53lc58dr,2025-07-28,compute,23.0708,329.0,0,0,3,0,0
org_53lc58dr,2025-07-28,database,16.8114,351.0,0,0,3,0,0
org_53lc58dr,2025-07-28,genai,34.4960,273.0,0,14.2796,3,0,0
org_53lc58dr,2025-07-28,networking,2.6898,231.0,0,12.6997,3,0,0
org_53lc58dr,2025-07-28,storage,5.6178,233.0,0,11.4334,3,0,0
org_53lc58dr,2025-07-29,compute,21.9338,235.0,0,14.9544,3,0,0
org_53lc58dr,2025-07-29,database,6.9505,101.0,0,12.6779,3,0,0
org_53lc58dr,2025-07-29,genai,14.5598,122.0,2.1225,0,3,0,0
org_53lc58dr,2025-07-29,networking,2.7682,243.0,0.0,0,3,0,0
org_53lc58dr,2025-07-29,storage,1.0025,0,0,47.3516,3,0,0
org_53lc58dr,2025-07-30,analytics,37.1458,472.0,3.0568,13.2428,6,0,0
org_53lc58dr,2025-07-30,compute,7.5878,137.0,0.8331,0,3,1,0
org_53lc58dr,2025-07-30,genai,18.6522,118.0,0,25.7031,3,0,0
org_53lc58dr,2025-07-30,networking,1.2753,107.0,3.0032,2.7125,3,0,0
org_53lc58dr,2025-07-31,analytics,22.4162,263.0,3.0713,25.7009,6,0,0
org_53lc58dr,2025-07-31,compute,27.8831,355.0,1.0191,37.2253,6,0,0
org_53lc58dr,2025-07-31,database,6.5517,107.0,0,33.1736,3,0,0
org_53lc58dr,2025-07-31,genai,0.6697,0,4.808,0.0,3,0,0
org_53lc58dr,2025-07-31,networking,1.4926,120.0,2.7221,4.8222,3,0,0
org_53lc58dr,2025-07-31,storage,0.5171,0,0,25.9876,3,0,0
org_53lc58dr,2025-08-01,database,1.5839,0,9.9605,22.2549,6,0,0
org_53lc58dr,2025-08-01,genai,15.6442,131.0,0.0,0.0,3,0,0
org_53lc58dr,2025-08-01,networking,4.3094,375.0,0,0,3,0,0
org_53lc58dr,2025-08-02,analytics,32.7553,478.0,0,21.1757,6,0,0
org_53lc58dr,2025-08-02,database,1.5619,0,0.0,34.8622,3,0,0
org_53lc58dr,2025-08-02,networking,2.2607,237.0,0,0.0,3,0,0
org_53lc58dr,2025-08-02,storage,4.8398,255.0,0.87,0,3,0,0
org_53lc58dr,2025-08-03,analytics,25.4613,343.0,0,27.9035,6,0,0
org_53lc58dr,2025-08-03,compute,12.6292,136.0,1.2170,0,3,0,0
org_53lc58dr,2025-08-03,genai,19.2865,124.0,5.6561,39.9251,6,0,0
org_53lc58dr,2025-08-03,networking,1.4020,114.0,0,30.5185,3,0,0
org_53lc58dr,2025-08-03,storage,2.3900,109.0,2.9771,0,3,0,0
org_53lc58dr,2025-08-04,analytics,30.0090,382.0,2.9046,13.8197,6,0,0
org_53lc58dr,2025-08-04,compute,8.2714,115.0,3.8471,0,3,0,0
org_53lc58dr,2025-08-04,database,25.4942,496.0,0,21.8536,6,0,0
org_53lc58dr,2025-08-04,genai,45.2335,349.0,0,0,3,0,0
org_53lc58dr,2025-08-05,analytics,8.4587,112.0,4.0705,0,3,0,0
org_53lc58dr,2025-08-05,compute,37.2031,474.0,0,12.5201,6,0,0
org_53lc58dr,2025-08-05,database,31.7724,574.0,0,13.4744,6,0,0
org_53lc58dr,2025-08-05,networking,0.0673,0,2.0525,4.2724,3,0,0
org_53lc58dr,2025-08-05,storage,5.4904,236.0,0,4.9618,3,0,0
org_53lc58dr,2025-08-06,analytics,13.7353,220.0,3.187,0,3,0,0
org_53lc58dr,2025-08-06,compute,29.0817,251.0,0,61.9473,6,1,0
org_53lc58dr,2025-08-06,genai,15.9694,112.0,3.6034,10.2813,3,0,0
org_53lc58dr,2025-08-06,networking,0.2329,0,1.4532,20.6815,3,0,0
org_53lc58dr,2025-08-07,analytics,22.0545,237.0,3.3801,11.6458,6,0,0
org_53lc58dr,2025-08-07,compute,9.8249,103.0,0.9165,7.3844,3,0,0
org_53lc58dr,2025-08-07,database,6.3905,110.0,7.1934,29.4429,6,0,0
org_53lc58dr,2025-08-07,storage,5.7852,255.0,0,19.1174,3,0,0
org_53lc58dr,2025-08-08,analytics,27.2734,333.0,0,33.7569,6,0,0
org_53lc58dr,2025-08-08,compute,16.2560,132.0,0,14.5485,3,0,0
org_53lc58dr,2025-08-08,database,12.5208,250.0,2.5947,19.5200,6,1,0
org_53lc58dr,2025-08-08,genai,12.6030,115.0,6.0988,0,3,0,1
org_53lc58dr,2025-08-08,networking,2.3145,241.0,0,0.0,3,0,0
org_53lc58dr,2025-08-08,storage,0.4204,0,3.4547,14.9956,3,0,0
org_53lc58dr,2025-08-09,analytics,17.3200,251.0,0,17.3451,3,0,0
org_53lc58dr,2025-08-09,compute,20.6426,245.0,5.9519,7.6808,6,0,0
org_53lc58dr,2025-08-09,database,1.0802,0,0.4146,20.1491,3,0,0
org_53lc58dr,2025-08-09,genai,8.5450,0,0,66.4594,3,0,0
org_53lc58dr,2025-08-09,networking,0.9785,121.0,2.373,0.4508,3,0,0
org_53lc58dr,2025-08-10,analytics,28.0826,383.0,0,0,3,0,0
org_53lc58dr,2025-08-10,compute,19.4371,120.0,2.7325,29.2433,6,1,0
org_53lc58dr,2025-08-10,database,19.9626,354.0,1.7119,43.1683,6,0,0
org_53lc58dr,2025-08-10,genai,32.6456,260.0,3.5929,0,3,0,0
org_53lc58dr,2025-08-10,networking,2.2711,223.0,2.2383,0,3,0,0
org_53lc58dr,2025-08-11,analytics,8.8409,111.0,4.9630,5.5089,6,1,0
org_53lc58dr,2025-08-11,compute,15.1036,235.0,0,10.1194,3,0,0
org_53lc58dr,2025-08-11,database,18.5643,361.0,3.0829,19.4205,6,0,0
org_53lc58dr,2025-08-11,genai,1.0253,0,8.9641,0,3,0,0
org_53lc58dr,2025-08-11,networking,2.7014,258.0,2.5901,0,3,0,0
org_53lc58dr,2025-08-12,analytics,25.0617,366.0,3.2767,2.9719,6,0,0
org_53lc58dr,2025-08-12,compute,13.3800,125.0,1.7171,21.0457,6,0,0
org_53lc58dr,2025-08-12,database,13.3276,239.0,2.7877,0,3,0,0
org_53lc58dr,2025-08-12,storage,1.7468,116.0,4.5658,0.0,3,0,0
org_53lc58dr,2025-08-13,analytics,24.1012,319.0,0,0,3,0,0
org_53lc58dr,2025-08-13,compute,15.9698,202.0,0,3.4656,3,0,0
org_53lc58dr,2025-08-13,database,32.8499,612.0,0.0,0,6,0,0
org_53lc58dr,2025-08-13,genai,21.8835,128.0,0,22.6372,3,0,0
org_53lc58dr,2025-08-14,analytics,22.3154,344.0,0,0,3,0,0
org_53lc58dr,2025-08-14,compute,2.4244,0,2.5195,24.2685,3,0,0
org_53lc58dr,2025-08-14,database,30.5159,600.0,4.1355,0,6,0,0
org_53lc58dr,2025-08-14,genai,44.1082,339.0,2.0665,28.2899,6,0,0
org_53lc58dr,2025-08-14,networking,-1.1414,121.0,0.0,0.0,3,0,1
org_53lc58dr,2025-08-14,storage,2.9711,131.0,1.5353,14.1715,3,0,0
org_53lc58dr,2025-08-15,analytics,16.2018,234.0,1.9608,0,3,0,0
org_53lc58dr,2025-08-15,compute,1.0367,0,2.8939,9.9213,3,0,0
org_53lc58dr,2025-08-15,database,16.4687,274.0,3.4751,10.9862,6,0,0
org_53lc58dr,2025-08-15,genai,48.9921,372.0,4.9618,13.51,6,0,0
org_53lc58dr,2025-08-15,networking,3.4467,228.0,0,0,3,1,0
org_53lc58dr,2025-08-15,storage,0.6561,0,0,34.2500,3,0,0
org_53lc58dr,2025-08-16,analytics,1.9478,0,1.4224,27.0138,3,0,0
org_53lc58dr,2025-08-16,compute,33.5945,348.0,0.7674,25.9470,6,0,0
org_53lc58dr,2025-08-16,database,1.8374,0,3.0892,31.8998,3,0,0
org_53lc58dr,2025-08-16,genai,42.5419,365.0,0,0,3,0,0
org_53lc58dr,2025-08-16,networking,1.1082,117.0,0,13.6098,3,0,0
org_53lc58dr,2025-08-17,compute,10.4529,109.0,0,26.6897,3,0,0
org_53lc58dr,2025-08-17,genai,30.8716,223.0,3.5559,0,3,0,0
org_53lc58dr,2025-08-17,networking,1.5535,138.0,4.8535,0,3,0,0
org_53lc58dr,2025-08-17,storage,6.9671,370.0,0,0,3,0,0
org_53lc58dr,2025-08-18,analytics,0.4923,0,6.2283,0,3,1,0
org_53lc58dr,2025-08-18,compute,22.1298,223.0,0,13.7409,3,0,0
org_53lc58dr,2025-08-18,database,0.3937,0,1.8148,8.8871,3,0,0
org_53lc58dr,2025-08-18,genai,26.6217,207.0,0.0,0,3,0,0
org_53lc58dr,2025-08-18,storage,5.1524,259.0,2.5318,0,3,0,0
org_53lc58dr,2025-08-19,analytics,24.3852,235.0,0,0,3,1,0
org_53lc58dr,2025-08-19,compute,32.5129,380.0,0,0,3,0,0
org_53lc58dr,2025-08-19,database,12.1782,224.0,0,6.2789,3,0,0
org_53lc58dr,2025-08-19,genai,37.9091,370.0,2.163,0,6,0,0
org_53lc58dr,2025-08-19,storage,1.8470,113.0,0.8603,0,3,0,0
org_53lc58dr,2025-08-20,analytics,14.4314,226.0,0.5347,0,3,0,0
org_53lc58dr,2025-08-20,database,10.8178,224.0,5.5638,15.6878,6,0,0
org_53lc58dr,2025-08-20,genai,18.1929,128.0,0,17.0861,3,0,0
org_53lc58dr,2025-08-20,storage,0.1815,0,1.3453,7.9245,3,0,0
org_53lc58dr,2025-08-21,analytics,20.6898,261.0,0.0,0,3,0,0
org_53lc58dr,2025-08-21,compute,11.9649,129.0,3.8295,0,3,0,0
org_53lc58dr,2025-08-21,database,24.4848,332.0,2.0793,0.0,6,1,0
org_53lc58dr,2025-08-21,genai,20.5782,123.0,0,15.5417,3,0,0
org_53lc58dr,2025-08-21,networking,3.0366,124.0,0,16.0861,3,1,0
org_53lc58dr,2025-08-21,storage,4.5225,226.0,0.6196,0,3,0,0
org_53lc58dr,2025-08-22,analytics,21.6376,235.0,1.2251,42.8163,6,0,0
org_53lc58dr,2025-08-22,compute,48.3125,613.0,4.8598,0,6,0,0
org_53lc58dr,2025-08-22,database,7.1178,110.0,0.2366,12.1862,3,0,0
org_53lc58dr,2025-08-22,genai,3.8063,0,2.7244,31.5029,3,0,0
org_53lc58dr,2025-08-22,networking,1.4962,97.0,0.3112,22.2234,3,0,0
org_53lc58dr,2025-08-22,storage,6.1091,132.0,0,0.6758,3,1,0
org_53lc58dr,2025-08-23,analytics,32.8759,493.0,3.1161,0,6,0,0
org_53lc58dr,2025-08-23,compute,11.5343,120.0,0,24.1822,3,0,0
org_53lc58dr,2025-08-23,database,19.4919,342.0,1.1585,14.0718,6,1,0
org_53lc58dr,2025-08-23,genai,55.4541,364.0,4.9603,20.4844,6,0,0
org_53lc58dr,2025-08-23,storage,5.2288,228.0,0,0,3,1,0
org_53lc58dr,2025-08-24,analytics,17.7172,259.0,0.6866,0,3,0,0
org_53lc58dr,2025-08-24,compute,8.5030,119.0,0.0,7.1019,3,0,0
org_53lc58dr,2025-08-24,database,12.9411,231.0,2.5781,0,3,0,0
org_53lc58dr,2025-08-25,analytics,22.3512,340.0,5.6076,12.3903,6,0,0
org_53lc58dr,2025-08-25,database,6.2304,107.0,0.5589,6.6042,3,0,0
org_53lc58dr,2025-08-25,networking,2.5736,248.0,0.0,0,3,0,0
org_53lc58dr,2025-08-26,analytics,30.2047,335.0,1.8012,42.1578,6,0,0
org_53lc58dr,2025-08-26,compute,18.5113,225.0,1.1709,0,3,0,0
org_53lc58dr,2025-08-26,database,24.9761,355.0,2.436,16.9477,6,1,0
org_53lc58dr,2025-08-26,genai,1.8175,0,2.4774,12.453,3,0,0
org_53lc58dr,2025-08-26,networking,1.1920,122.0,2.6959,0,3,0,0
org_53lc58dr,2025-08-26,storage,2.7482,121.0,2.4693,5.7455,3,0,0
org_53lc58dr,2025-08-27,analytics,18.0925,226.0,0.4916,0,3,0,0
org_53lc58dr,2025-08-27,compute,42.1894,516.0,2.5227,14.2233,6,0,0
org_53lc58dr,2025-08-27,database,10.6345,238.0,0,3.0021,3,0,0
org_53lc58dr,2025-08-27,genai,43.6883,349.0,0,0,3,0,0
org_53lc58dr,2025-08-27,storage,0.2769,0,0.925,14.9547,3,0,0
org_53lc58dr,2025-08-28,analytics,14.5366,223.0,1.0715,0,3,0,0
org_53lc58dr,2025-08-28,compute,28.9662,370.0,4.1463,0,6,0,0
org_53lc58dr,2025-08-28,database,22.1574,374.0,2.3128,15.3664,6,0,0
org_53lc58dr,2025-08-28,genai,14.9901,120.0,1.6786,0,3,0,0
org_53lc58dr,2025-08-28,networking,2.4788,240.0,0,15.4104,3,0,0
org_53lc58dr,2025-08-28,storage,4.9234,238.0,0.5733,0,3,0,0
org_53lc58dr,2025-08-29,analytics,17.2923,234.0,2.5587,0,3,0,0
org_53lc58dr,2025-08-29,compute,0.4647,0,2.0671,4.3844,3,0,0
org_53lc58dr,2025-08-29,database,10.3658,201.0,3.0087,0,3,0,0
org_53lc58dr,2025-08-29,networking,1.2445,109.0,3.5249,7.6373,3,0,0
org_53lc58dr,2025-08-30,compute,11.3755,112.0,6.0239,9.2324,6,0,0
org_53lc58dr,2025-08-30,database,19.2887,365.0,0.0,17.9903,6,0,0
org_53lc58dr,2025-08-30,genai,33.0729,243.0,0,9.1316,3,0,0
org_53lc58dr,2025-08-30,networking,3.4050,321.0,0,0,3,0,0
org_53lc58dr,2025-08-30,storage,2.6326,114.0,2.7532,7.9395,3,0,0
org_53lc58dr,2025-08-31,analytics,47.3679,604.0,0.0,0,6,0,0
org_53lc58dr,2025-08-31,compute,1.0125,0,1.1799,9.8664,6,0,0
org_53lc58dr,2025-08-31,database,1.7011,0,0.0,37.2119,3,0,0
org_53lc58dr,2025-08-31,genai,15.1432,112.0,0.0,12.9945,3,0,0
org_53lc58dr,2025-08-31,storage,2.6436,125.0,0,33.5686,3,0,0
org_5935a0l7,2025-07-03,analytics,9.2364,119.0,0,20.4220,3,0,0
org_5935a0l7,2025-07-03,database,5.5049,115.0,0,3.3199,3,0,0
org_5935a0l7,2025-07-03,networking,2.0275,232.0,0,11.9592,3,0,0
org_5935a0l7,2025-07-04,analytics,10.7549,129.0,1.7868,0.0,3,0,0
org_5935a0l7,2025-07-04,compute,30.4769,381.0,2.5785,9.0819,6,0,0
org_5935a0l7,2025-07-04,networking,3.4865,374.0,0,0,3,0,0
org_5935a0l7,2025-07-05,compute,42.7824,488.0,4.8776,0,6,0,0
org_5935a0l7,2025-07-05,database,8.9471,126.0,1.8475,0,3,1,0
org_5935a0l7,2025-07-06,compute,2.1069,259.0,0,35.838,3,0,1
org_5935a0l7,2025-07-06,database,18.5377,238.0,0.8981,11.7049,6,1,0
org_5935a0l7,2025-07-06,networking,0.1990,0,1.8205,17.5736,3,0,0
org_5935a0l7,2025-07-07,analytics,11.4335,136.0,0,0.3441,3,0,0
org_5935a0l7,2025-07-07,database,14.7972,245.0,0,1.4794,3,0,0
org_5935a0l7,2025-07-08,compute,18.4933,241.0,0,0,3,1,0
org_5935a0l7,2025-07-08,database,7.4450,111.0,5.9557,30.6823,6,0,0
org_5935a0l7,2025-07-08,networking,1.2636,119.0,1.8127,6.6467,3,0,0
org_5935a0l7,2025-07-09,compute,271.6404,267.0,1.1745,7.2181,6,0,0
org_5935a0l7,2025-07-09,database,23.0049,490.0,4.654,10.3723,6,0,0
org_5935a0l7,2025-07-09,networking,0.2879,0,1.3243,25.2767,3,0,0
org_5935a0l7,2025-07-10,compute,9.4040,125.0,2.757,5.624,3,0,0
org_5935a0l7,2025-07-10,database,8.0820,133.0,0,22.9787,3,0,0
org_5935a0l7,2025-07-10,networking,1.4907,120.0,2.7619,14.937,3,0,0
org_5935a0l7,2025-07-11,compute,18.3091,226.0,0.0,0,3,0,0
org_5935a0l7,2025-07-11,database,17.0668,349.0,0,0,3,0,0
org_5935a0l7,2025-07-11,networking,1.3544,101.0,6.4651,28.3068,6,0,0
org_5935a0l7,2025-07-12,compute,13.9626,133.0,3.7081,10.9603,3,0,0
org_5935a0l7,2025-07-12,networking,6.2789,593.0,2.3422,0,6,0,0
org_5935a0l7,2025-07-13,compute,9.4503,112.0,0.0,0.0,3,0,0
org_5935a0l7,2025-07-13,database,17.3443,366.0,4.8123,19.1076,6,0,0
org_5935a0l7,2025-07-14,analytics,0.1888,0,3.0361,0,3,1,0
org_5935a0l7,2025-07-14,compute,31.4833,344.0,0,0,3,0,0
org_5935a0l7,2025-07-14,database,-1.3533,243.0,1.5388,0,3,0,1
org_5935a0l7,2025-07-15,analytics,8.3143,108.0,0.0,6.136,3,0,0
org_5935a0l7,2025-07-15,compute,264.4856,611.0,1.8931,0,6,0,0
org_5935a0l7,2025-07-15,database,18.5792,373.0,6.5768,0,6,0,0
org_5935a0l7,2025-07-15,networking,1.2721,121.0,3.2862,0,3,0,0
org_5935a0l7,2025-07-16,database,10.3091,127.0,4.3723,38.2281,6,0,0
org_5935a0l7,2025-07-16,networking,1.4187,118.0,4.4641,0,3,0,0
org_5935a0l7,2025-07-17,analytics,7.7322,109.0,1.0263,17.0036,3,0,0
org_5935a0l7,2025-07-17,compute,28.3119,346.0,4.7430,0,6,0,0
org_5935a0l7,2025-07-17,database,23.8355,429.0,0,33.0492,6,0,0
org_5935a0l7,2025-07-17,networking,2.7720,251.0,0.8851,0,3,0,0
org_5935a0l7,2025-07-18,analytics,9.5060,127.0,2.8003,10.9336,3,0,0
org_5935a0l7,2025-07-18,compute,8.7940,101.0,0.0,19.9246,3,0,0
org_5935a0l7,2025-07-18,networking,1.4866,132.0,8.5060,16.5099,6,0,0
org_5935a0l7,2025-07-19,analytics,7.4978,104.0,0.2458,19.9354,3,0,0
org_5935a0l7,2025-07-19,compute,11.8286,130.0,2.44,5.3734,3,0,0
org_5935a0l7,2025-07-19,database,35.7839,716.0,0,0,6,0,0
org_5935a0l7,2025-07-19,networking,0.3001,0,5.2537,26.7175,3,0,0
org_5935a0l7,2025-07-20,analytics,10.1482,139.0,1.7477,17.1637,3,0,0
org_5935a0l7,2025-07-20,networking,0.1717,0,0,14.5041,3,0,0
org_5935a0l7,2025-07-21,analytics,17.4140,226.0,2.6927,0,3,0,0
org_5935a0l7,2025-07-21,compute,20.7570,242.0,2.4708,28.2833,6,0,0
org_5935a0l7,2025-07-21,database,14.6994,236.0,2.4547,30.4509,6,0,0
org_5935a0l7,2025-07-21,networking,3.3587,355.0,0,0,3,0,0
org_5935a0l7,2025-07-22,analytics,17.8924,240.0,0,25.5285,3,0,0
org_5935a0l7,2025-07-22,compute,20.4010,239.0,0.6482,0,3,0,0
org_5935a0l7,2025-07-22,database,19.3345,355.0,0,0,3,0,0
org_5935a0l7,2025-07-23,compute,21.5509,243.0,0,22.0333,3,0,0
org_5935a0l7,2025-07-23,database,12.8254,131.0,0,10.5962,3,1,0
org_5935a0l7,2025-07-24,analytics,7.8951,118.0,0,5.0892,3,0,0
org_5935a0l7,2025-07-24,compute,22.7020,258.0,3.173,0,3,0,0
org_5935a0l7,2025-07-24,networking,3.8812,367.0,0.0,4.9529,6,1,0
org_5935a0l7,2025-07-25,compute,39.2057,497.0,4.1566,0,6,0,0
org_5935a0l7,2025-07-25,database,0.162,0,0.0,2.4794,3,0,0
org_5935a0l7,2025-07-25,networking,0.0571,0,6.5724,0,3,0,0
org_5935a0l7,2025-07-26,compute,38.6841,498.0,1.4367,15.4089,6,0,0
org_5935a0l7,2025-07-26,database,18.8216,336.0,0,25.0216,6,0,0
org_5935a0l7,2025-07-26,networking,1.4278,122.0,0,23.5555,3,0,0
org_5935a0l7,2025-07-27,compute,42.6651,515.0,3.0352,0,6,0,0
org_5935a0l7,2025-07-27,database,27.0852,488.0,0.0659,13.8445,6,0,0
org_5935a0l7,2025-07-27,networking,2.5605,221.0,1.8277,45.7093,6,1,0
org_5935a0l7,2025-07-28,analytics,24.6405,368.0,0,0,3,0,0
org_5935a0l7,2025-07-28,compute,19.2502,243.0,0,29.4866,3,0,0
org_5935a0l7,2025-07-29,compute,9.7542,132.0,0.0,3.6432,3,0,0
org_5935a0l7,2025-07-29,database,22.0233,360.0,2.4546,37.3859,6,0,0
org_5935a0l7,2025-07-29,networking,2.0717,221.0,0.2325,0,3,0,0
org_5935a0l7,2025-07-30,compute,9.4235,109.0,0.9569,0.0,3,0,0
org_5935a0l7,2025-07-30,database,7.7586,134.0,0,22.5078,3,0,0
org_5935a0l7,2025-07-30,networking,1.9159,132.0,0.0,27.6284,6,1,0
org_5935a0l7,2025-07-31,compute,29.0961,333.0,0,0,3,0,0
org_5935a0l7,2025-07-31,database,8.4272,127.0,0,21.7363,3,0,0
org_5935a0l7,2025-08-01,analytics,7.4593,117.0,4.7129,2.5448,3,0,0
org_5935a0l7,2025-08-01,compute,16.4640,228.0,1.9028,0,3,0,0
org_5935a0l7,2025-08-01,database,7.4212,118.0,2.204,10.1099,3,0,0
org_5935a0l7,2025-08-01,networking,3.5857,370.0,0,0,3,0,0
org_5935a0l7,2025-08-02,database,20.2236,364.0,5.3635,0,6,0,0
org_5935a0l7,2025-08-02,networking,3.4347,263.0,7.3663,17.6025,6,0,0
org_5935a0l7,2025-08-03,analytics,11.9123,130.0,0,30.0382,3,0,0
org_5935a0l7,2025-08-03,compute,16.5679,245.0,2.6136,0,3,0,0
org_5935a0l7,2025-08-03,networking,0.1931,0,0.9905,16.7989,3,0,0
org_5935a0l7,2025-08-04,analytics,1.9885,0,1.0918,29.3322,3,0,0
org_5935a0l7,2025-08-04,compute,13.3926,0,0,37.9557,3,1,0
org_5935a0l7,2025-08-04,networking,2.7198,232.0,5.7211,11.5889,6,0,0
org_5935a0l7,2025-08-05,analytics,8.2686,134.0,0,24.6501,3,0,0
org_5935a0l7,2025-08-05,database,16.0057,240.0,4.2657,57.3829,6,0,0
org_5935a0l7,2025-08-05,networking,4.3390,252.0,0,21.0622,6,1,0
org_5935a0l7,2025-08-06,compute,20.1430,240.0,2.7441,36.9829,6,0,0
org_5935a0l7,2025-08-06,database,16.5714,235.0,7.1501,12.5151,6,0,0
org_5935a0l7,2025-08-07,database,27.6002,465.0,0,51.8726,6,0,0
org_5935a0l7,2025-08-07,networking,3.9225,370.0,1.2089,15.6713,6,0,0
org_5935a0l7,2025-08-08,compute,11.1929,137.0,0,9.568,3,0,0
org_5935a0l7,2025-08-08,database,17.5004,402.0,5.5121,3.5277,6,0,1
org_5935a0l7,2025-08-08,networking,1.4842,120.0,0,42.5030,3,0,0
org_5935a0l7,2025-08-09,compute,21.3355,248.0,7.1731,16.9197,6,0,0
org_5935a0l7,2025-08-09,database,3.7916,0,8.3192,50.0630,6,1,0
org_5935a0l7,2025-08-09,networking,3.0528,237.0,2.5340,39.0052,6,0,0
org_5935a0l7,2025-08-10,analytics,2.0420,0,0.0,29.5107,3,0,0
org_5935a0l7,2025-08-10,compute,200.4531,273.0,0.0,0,3,0,0
org_5935a0l7,2025-08-10,database,21.7665,368.0,7.7579,16.1914,6,0,0
org_5935a0l7,2025-08-10,networking,2.9980,274.0,3.0704,0,3,0,0
org_5935a0l7,2025-08-11,analytics,8.3986,133.0,2.9938,0,3,0,0
org_5935a0l7,2025-08-11,compute,11.7893,133.0,2.8435,13.4483,3,0,0
org_5935a0l7,2025-08-11,networking,2.1195,230.0,0,0.0,3,0,0
org_5935a0l7,2025-08-12,analytics,10.8262,119.0,2.1923,0,3,0,0
org_5935a0l7,2025-08-12,compute,19.9286,233.0,2.6271,0,3,0,0
org_5935a0l7,2025-08-12,database,24.8477,470.0,0.7642,23.8016,6,0,0
org_5935a0l7,2025-08-12,networking,1.8320,141.0,3.1103,38.7036,6,0,0
org_5935a0l7,2025-08-13,compute,2.2893,0,3.9347,24.3237,3,0,0
org_5935a0l7,2025-08-13,database,2.1079,0,0,46.8494,3,0,0
org_5935a0l7,2025-08-14,compute,21.9152,249.0,3.2619,0,3,0,0
org_5935a0l7,2025-08-14,database,18.7240,384.0,0.7577,0.2025,6,1,0
org_5935a0l7,2025-08-14,networking,1.5681,128.0,11.5373,4.5144,6,0,0
org_5935a0l7,2025-08-15,analytics,9.1542,109.0,3.8276,2.5093,3,0,0
org_5935a0l7,2025-08-15,compute,10.1574,128.0,0,14.6181,3,0,0
org_5935a0l7,2025-08-15,database,12.4850,232.0,2.9725,0,3,0,0
org_5935a0l7,2025-08-15,networking,2.1219,227.0,0,22.0316,6,2,0
org_5935a0l7,2025-08-16,analytics,9.2824,128.0,0,32.8257,3,0,0
org_5935a0l7,2025-08-16,compute,30.2955,372.0,0,0,3,0,0
org_5935a0l7,2025-08-16,database,6.3289,110.0,0,35.1992,3,0,0
org_5935a0l7,2025-08-16,networking,0.1581,0,3.6079,12.7163,3,0,0
org_5935a0l7,2025-08-17,compute,41.4622,488.0,0,8.4584,6,0,0
org_5935a0l7,2025-08-17,database,7.6010,128.0,1.4492,32.0912,6,0,0
org_5935a0l7,2025-08-17,networking,1.2498,124.0,1.0321,19.2023,3,0,0
org_5935a0l7,2025-08-18,analytics,8.8894,114.0,0.5072,11.7349,3,0,0
org_5935a0l7,2025-08-18,compute,24.8250,251.0,0.0,37.9241,6,0,0
org_5935a0l7,2025-08-18,database,18.9477,343.0,3.245,20.0355,6,0,0
org_5935a0l7,2025-08-18,networking,6.0612,576.0,0,15.8804,6,0,0
org_5935a0l7,2025-08-19,compute,19.4395,242.0,0,17.9672,3,0,0
org_5935a0l7,2025-08-19,database,12.9850,238.0,3.6244,0.0,6,0,0
org_5935a0l7,2025-08-19,networking,2.8122,239.0,0,11.1503,3,0,0
org_5935a0l7,2025-08-20,compute,26.8324,333.0,2.122,15.5459,6,0,0
org_5935a0l7,2025-08-20,networking,2.4188,227.0,0,0.4794,3,0,0
org_5935a0l7,2025-08-21,analytics,1.2896,0,2.9518,16.3791,3,0,0
org_5935a0l7,2025-08-21,compute,10.6461,123.0,0.0,0.6646,3,0,0
org_5935a0l7,2025-08-21,database,1.8284,0,0,32.5750,3,0,0
org_5935a0l7,2025-08-21,networking,1.1498,127.0,3.7451,0,3,0,0
org_5935a0l7,2025-08-22,analytics,15.9008,225.0,0,4.5764,3,0,0
org_5935a0l7,2025-08-22,compute,11.3558,110.0,2.0171,24.226,3,0,0
org_5935a0l7,2025-08-22,database,11.0424,221.0,2.0893,30.0097,6,0,0
org_5935a0l7,2025-08-22,networking,3.7348,350.0,3.9810,12.4481,6,0,0
org_5935a0l7,2025-08-23,compute,21.5289,116.0,0,14.3841,3,1,0
org_5935a0l7,2025-08-23,database,12.6658,243.0,2.509,0,3,0,0
org_5935a0l7,2025-08-24,analytics,0.3807,0,5.5452,0,3,0,0
org_5935a0l7,2025-08-24,compute,22.7109,0,0.3886,24.9429,3,0,0
org_5935a0l7,2025-08-24,database,7.0958,105.0,5.1118,18.3109,6,0,0
org_5935a0l7,2025-08-24,networking,2.1368,211.0,0.0,0,3,0,0
org_5935a0l7,2025-08-25,analytics,0.1960,0,3.2504,0,3,0,0
org_5935a0l7,2025-08-25,compute,17.8537,236.0,0,0.0,3,0,0
org_5935a0l7,2025-08-25,database,1.0983,0,4.1985,0.0,3,1,0
org_5935a0l7,2025-08-25,networking,2.5944,210.0,5.0860,26.3334,6,0,0
org_5935a0l7,2025-08-26,analytics,10.7416,119.0,2.5294,15.8135,3,0,0
org_5935a0l7,2025-08-26,compute,2.5553,0,3.2094,27.9652,3,0,0
org_5935a0l7,2025-08-26,database,11.9166,232.0,0,6.4498,3,0,0
org_5935a0l7,2025-08-26,networking,27.9664,336.0,2.8312,27.7645,6,0,0
org_5935a0l7,2025-08-27,compute,0.9207,0,3.9695,7.4018,3,0,0
org_5935a0l7,2025-08-27,networking,2.3450,260.0,5.1056,0,3,0,0
org_5935a0l7,2025-08-28,analytics,16.4693,241.0,2.1297,0,3,0,0
org_5935a0l7,2025-08-28,compute,12.8446,156.0,2.4513,0,3,0,0
org_5935a0l7,2025-08-28,database,15.4576,248.0,0.0,16.9987,6,0,0
org_5935a0l7,2025-08-29,analytics,6.2539,117.0,0.7789,0.0,3,0,0
org_5935a0l7,2025-08-29,compute,19.9545,130.0,1.5718,61.4943,6,0,0
org_5935a0l7,2025-08-29,database,19.6373,365.0,0.5679,29.4175,6,0,0
org_5935a0l7,2025-08-30,compute,8.8275,118.0,0.0,9.8721,3,0,0
org_5935a0l7,2025-08-30,database,7.3683,334.0,5.1956,18.7635,6,0,1
org_5935a0l7,2025-08-30,networking,0.0238,0,0.147,2.3265,3,0,0
org_5935a0l7,2025-08-31,analytics,17.8502,237.0,0,8.0921,3,0,0
org_5935a0l7,2025-08-31,compute,16.7698,222.0,2.6988,0,3,0,0
org_5935a0l7,2025-08-31,database,19.7226,377.0,2.2124,18.5738,6,0,0
org_5935a0l7,2025-08-31,networking,1.1367,106.0,0.3275,0,3,1,0
org_5iqvnb4g,2025-07-03,database,7.0964,132.0,0.6817,3.0318,3,0,0
org_5iqvnb4g,2025-07-03,networking,1.2825,125.0,1.3687,15.3621,3,0,0
org_5iqvnb4g,2025-07-04,database,19.9834,394.0,0,0,3,0,0
org_5iqvnb4g,2025-07-04,networking,5.9159,611.0,0,16.1479,6,0,0
org_5iqvnb4g,2025-07-05,networking,0.0725,0,7.5500,0,3,0,0
org_5iqvnb4g,2025-07-07,database,6.0060,117.0,4.8075,20.1874,3,0,0
org_5iqvnb4g,2025-07-07,networking,2.5307,229.0,0,6.1126,3,0,1
org_5iqvnb4g,2025-07-08,networking,1.8887,216.0,0.0,0,3,0,0
org_5iqvnb4g,2025-07-09,database,0.2509,0,4.192,0.0,3,0,0
org_5iqvnb4g,2025-07-10,database,3.6431,98.0,2.5057,1.3769,3,0,0
org_5iqvnb4g,2025-07-10,networking,0.9750,121.0,0.4011,0,3,0,0
org_5iqvnb4g,2025-07-11,networking,31.9191,367.0,0,0,3,0,0
org_5iqvnb4g,2025-07-12,database,17.9583,370.0,0,0,3,0,0
org_5iqvnb4g,2025-07-12,networking,-0.1357,226.0,2.2815,0,3,0,1
org_5iqvnb4g,2025-07-13,database,5.5834,117.0,3.9629,0,3,0,0
org_5iqvnb4g,2025-07-14,networking,2.1972,252.0,4.8954,0,3,0,0
org_5iqvnb4g,2025-07-15,database,1.0219,0,1.2502,18.0784,3,0,0
org_5iqvnb4g,2025-07-16,database,13.0350,248.0,0,9.842,3,0,0
org_5iqvnb4g,2025-07-16,networking,1.5843,142.0,0,14.3360,3,0,0
org_5iqvnb4g,2025-07-17,database,13.8213,222.0,0,4.9805,3,0,0
org_5iqvnb4g,2025-07-18,database,0.2244,0,5.4456,0,3,0,0
org_5iqvnb4g,2025-07-18,networking,3.5954,227.0,0,0,3,1,0
org_5iqvnb4g,2025-07-19,database,6.1075,116.0,4.527,16.9713,3,0,0
org_5iqvnb4g,2025-07-19,networking,2.3228,237.0,0,10.9789,3,0,0
org_5iqvnb4g,2025-07-20,database,5.1985,105.0,2.8408,3.7837,3,0,0
org_5iqvnb4g,2025-07-20,networking,1.2036,108.0,4.2332,0,3,0,0
org_5iqvnb4g,2025-07-21,database,5.5632,120.0,5.9231,0,3,0,0
org_5iqvnb4g,2025-07-21,networking,3.7254,351.0,1.606,13.1226,6,0,0
org_5iqvnb4g,2025-07-22,networking,1.9522,237.0,2.3469,0,3,0,0
org_5iqvnb4g,2025-07-23,networking,1.2362,138.0,3.0155,5.1472,3,0,0
org_5iqvnb4g,2025-07-24,database,18.5395,346.0,0,0,3,0,0
org_5iqvnb4g,2025-07-25,database,12.6911,251.0,0,3.5107,3,0,0
org_5iqvnb4g,2025-07-26,networking,3.5018,361.0,2.7488,5.1233,6,0,0
org_5iqvnb4g,2025-07-27,database,11.4046,341.0,0,0,3,0,0
org_5iqvnb4g,2025-07-27,networking,2.9870,250.0,0,6.1426,3,0,0
org_5iqvnb4g,2025-07-28,networking,0.7070,0,5.0452,40.1670,6,1,0
org_5iqvnb4g,2025-07-29,networking,4.8383,479.0,0.0,0.0,6,0,0
org_5iqvnb4g,2025-07-30,networking,3.9930,343.0,9.0099,0,6,0,0
org_5iqvnb4g,2025-07-31,database,11.2646,226.0,0,17.6129,3,0,0
org_5iqvnb4g,2025-07-31,networking,2.5409,221.0,0.0,2.7567,6,0,0
org_5iqvnb4g,2025-08-01,networking,2.6330,264.0,0.635,0,3,0,0
org_5iqvnb4g,2025-08-02,networking,3.0144,264.0,5.1331,0,6,0,0
org_5iqvnb4g,2025-08-03,networking,3.8722,375.0,7.2071,0,6,0,0
org_5iqvnb4g,2025-08-04,database,1.6855,0,0.6713,37.6997,3,0,0
org_5iqvnb4g,2025-08-04,networking,1.3477,116.0,3.7132,0,3,0,0
org_5iqvnb4g,2025-08-05,database,16.4465,325.0,0,0,3,0,0
org_5iqvnb4g,2025-08-05,networking,2.4831,250.0,1.0445,0,3,0,0
org_5iqvnb4g,2025-08-06,networking,3.6701,364.0,0,9.0828,6,0,0
org_5iqvnb4g,2025-08-07,database,12.0148,238.0,2.4045,0,3,0,0
org_5iqvnb4g,2025-08-07,networking,4.9890,474.0,1.9525,0.0,6,0,0
org_5iqvnb4g,2025-08-08,networking,2.1777,214.0,2.1506,0,3,0,0
org_5iqvnb4g,2025-08-09,database,9.1323,224.0,0,3.8276,3,0,0
org_5iqvnb4g,2025-08-09,networking,1.8599,109.0,7.7405,33.9440,6,0,0
org_5iqvnb4g,2025-08-10,database,6.1703,142.0,2.2701,0,3,0,0
org_5iqvnb4g,2025-08-11,database,4.1827,119.0,4.3508,0,3,0,0
org_5iqvnb4g,2025-08-11,networking,3.5618,345.0,0.9183,25.1246,6,0,0
org_5iqvnb4g,2025-08-12,database,15.9651,363.0,0,0,3,0,0
org_5iqvnb4g,2025-08-12,networking,1.5374,126.0,5.1248,0,3,0,0
org_5iqvnb4g,2025-08-13,database,14.1887,240.0,0,14.8603,3,0,0
org_5iqvnb4g,2025-08-13,networking,7.8436,340.0,1.2329,17.2650,6,0,0
org_5iqvnb4g,2025-08-15,database,0.1669,0,3.5630,0,3,0,0
org_5iqvnb4g,2025-08-15,networking,2.6653,267.0,0,0.0,3,0,0
org_5iqvnb4g,2025-08-16,database,0.4831,0,4.6957,4.4787,3,0,0
org_5iqvnb4g,2025-08-16,networking,1.4884,333.0,1.6179,21.2952,6,0,1
org_5iqvnb4g,2025-08-17,database,8.7197,242.0,0.0,0,3,0,0
org_5iqvnb4g,2025-08-17,networking,1.2125,109.0,0,19.6590,3,0,0
org_5iqvnb4g,2025-08-18,database,5.4198,116.0,0,20.1526,3,0,0
org_5iqvnb4g,2025-08-18,networking,3.8013,375.0,2.6376,0,6,0,0
org_5iqvnb4g,2025-08-19,database,7.2871,134.0,2.0981,1.6255,3,0,0
org_5iqvnb4g,2025-08-19,networking,0.2146,0,0,19.8885,3,0,0
org_5iqvnb4g,2025-08-20,networking,1.4522,131.0,0.0,10.1099,3,0,0
org_5iqvnb4g,2025-08-21,database,19.4117,351.0,0,0,3,0,0
org_5iqvnb4g,2025-08-22,networking,1.8788,236.0,1.4033,0,3,0,0
org_5iqvnb4g,2025-08-23,database,1.0898,0,0,25.8099,3,0,0
org_5iqvnb4g,2025-08-23,networking,1.2844,118.0,1.4621,11.2918,3,0,0
org_5iqvnb4g,2025-08-24,database,13.1817,246.0,0.0361,0,3,0,0
org_5iqvnb4g,2025-08-24,networking,3.6115,354.0,1.8749,0.0,6,0,0
org_5iqvnb4g,2025-08-25,database,12.6867,242.0,0,0.0,3,0,0
org_5iqvnb4g,2025-08-25,networking,0.2684,0,0,31.7119,3,0,0
org_5iqvnb4g,2025-08-26,networking,4.0733,412.0,2.6441,11.4724,6,0,0
org_5iqvnb4g,2025-08-27,database,12.4733,254.0,0,9.2874,3,0,0
org_5iqvnb4g,2025-08-27,networking,5.5274,491.0,0,32.1547,6,0,0
org_5iqvnb4g,2025-08-28,networking,3.1588,275.0,0,10.1082,3,0,0
org_5iqvnb4g,2025-08-29,database,9.9143,253.0,0.5375,0,3,0,0
org_5iqvnb4g,2025-08-30,database,10.6658,236.0,0.6859,0,3,0,0
org_5iqvnb4g,2025-08-30,networking,2.6507,259.0,9.1707,0,6,0,0
org_5iqvnb4g,2025-08-31,networking,0.6161,111.0,3.9878,0.4036,3,0,0
org_5lxo6qji,2025-07-03,compute,41.5139,589.0,5.2231,2.4113,9,1,0
org_5lxo6qji,2025-07-03,database,9.5429,232.0,2.7974,0,3,0,0
org_5lxo6qji,2025-07-03,networking,1.4509,120.0,3.2295,0,3,0,0
org_5lxo6qji,2025-07-04,compute,27.7048,250.0,0,0,3,1,0
org_5lxo6qji,2025-07-04,networking,1.0552,128.0,1.4277,7.329,3,0,0
org_5lxo6qji,2025-07-05,compute,25.7344,268.0,4.5112,0,6,0,0
org_5lxo6qji,2025-07-05,database,6.0001,120.0,0,15.9178,3,1,0
org_5lxo6qji,2025-07-05,networking,2.2795,212.0,1.0689,0,3,0,0
org_5lxo6qji,2025-07-06,compute,10.9147,100.0,5.4239,17.4914,6,0,0
org_5lxo6qji,2025-07-06,database,17.6103,223.0,0,0,3,1,0
org_5lxo6qji,2025-07-07,compute,34.0054,368.0,3.3028,34.5585,9,1,0
org_5lxo6qji,2025-07-07,database,11.1105,228.0,0.8618,0,3,0,0
org_5lxo6qji,2025-07-07,networking,1.2542,112.0,2.2152,9.267,3,0,0
org_5lxo6qji,2025-07-08,compute,34.6365,378.0,4.2288,43.8166,9,0,0
org_5lxo6qji,2025-07-08,database,3.0306,248.0,0,26.2319,3,0,1
org_5lxo6qji,2025-07-09,compute,30.5393,389.0,7.4357,21.8746,9,0,0
org_5lxo6qji,2025-07-09,database,6.5099,108.0,3.7027,0,3,0,0
org_5lxo6qji,2025-07-09,networking,2.9487,355.0,0,0,3,0,0
org_5lxo6qji,2025-07-10,compute,21.5824,247.0,6.9311,13.1278,6,0,0
org_5lxo6qji,2025-07-10,networking,0.1863,0,1.3149,17.5107,3,0,0
org_5lxo6qji,2025-07-11,compute,32.8275,381.0,0.0,15.6974,6,0,0
org_5lxo6qji,2025-07-11,database,6.7938,106.0,1.3173,20.0064,3,0,0
org_5lxo6qji,2025-07-12,compute,19.6841,251.0,4.5988,0.0,6,1,0
org_5lxo6qji,2025-07-12,database,5.9131,108.0,0.0,8.5472,3,0,0
org_5lxo6qji,2025-07-13,compute,11.6548,0,4.0621,14.5268,6,1,0
org_5lxo6qji,2025-07-13,networking,2.3513,202.0,0,19.1398,3,0,0
org_5lxo6qji,2025-07-14,compute,18.2859,233.0,5.3699,0,3,0,0
org_5lxo6qji,2025-07-14,database,6.9802,116.0,1.9622,16.9011,3,0,0
org_5lxo6qji,2025-07-14,networking,3.6209,355.0,0,0,3,0,0
org_5lxo6qji,2025-07-15,compute,9.6941,110.0,7.7174,0,3,0,0
org_5lxo6qji,2025-07-15,database,17.9574,377.0,0,0,3,0,0
org_5lxo6qji,2025-07-15,networking,2.0995,241.0,0,17.0483,3,0,0
org_5lxo6qji,2025-07-16,compute,45.1627,582.0,0,8.803,6,0,0
org_5lxo6qji,2025-07-16,database,18.5074,403.0,0,0,3,0,0
org_5lxo6qji,2025-07-16,networking,1.3129,128.0,0.4234,15.4313,3,0,0
org_5lxo6qji,2025-07-17,compute,33.3971,0,3.2449,34.0128,6,1,0
org_5lxo6qji,2025-07-17,networking,2.2322,209.0,2.2134,0,3,0,0
org_5lxo6qji,2025-07-18,compute,2.0900,0,4.2451,22.725,3,0,0
org_5lxo6qji,2025-07-18,database,9.0838,122.0,0.4561,18.2238,3,0,0
org_5lxo6qji,2025-07-18,networking,3.9205,348.0,0,0,3,0,0
org_5lxo6qji,2025-07-19,compute,19.4963,258.0,0.8648,0,3,0,0
org_5lxo6qji,2025-07-19,database,6.1387,114.0,3.3776,6.6765,3,0,0
org_5lxo6qji,2025-07-19,networking,5.0562,402.0,0,0,3,0,0
org_5lxo6qji,2025-07-20,compute,32.5114,456.0,4.6585,7.1848,6,0,0
org_5lxo6qji,2025-07-20,database,1.1625,0,2.3004,25.7674,3,0,0
org_5lxo6qji,2025-07-20,networking,0.8122,91.0,0.0,12.6817,3,0,0
org_5lxo6qji,2025-07-21,compute,30.0904,348.0,2.4069,32.9384,9,0,0
org_5lxo6qji,2025-07-21,database,9.6495,142.0,0,34.1823,3,0,0
org_5lxo6qji,2025-07-22,compute,13.0624,122.0,9.1149,25.5809,6,0,0
org_5lxo6qji,2025-07-23,compute,22.3139,242.0,2.3675,31.7925,6,0,0
org_5lxo6qji,2025-07-24,compute,70.2835,846.0,0,28.6141,9,0,0
org_5lxo6qji,2025-07-25,compute,10.2504,108.0,5.7899,0,3,0,0
org_5lxo6qji,2025-07-25,networking,1.3337,109.0,0,12.3246,3,1,0
org_5lxo6qji,2025-07-26,compute,10.6817,113.0,3.2745,15.0782,6,0,0
org_5lxo6qji,2025-07-26,networking,2.2749,230.0,0,7.6828,3,0,0
org_5lxo6qji,2025-07-27,compute,18.0026,247.0,2.3391,17.5167,6,0,0
org_5lxo6qji,2025-07-27,networking,2.3227,225.0,0,4.9818,3,0,0
org_5lxo6qji,2025-07-28,compute,55.2976,606.0,10.3913,6.4256,9,0,0
org_5lxo6qji,2025-07-29,networking,1.2278,121.0,0.5919,13.6188,3,0,0
org_5lxo6qji,2025-07-30,compute,18.1440,248.0,0,10.6781,3,0,0
org_5lxo6qji,2025-07-30,database,14.8146,257.0,0,20.8371,3,0,0
org_5lxo6qji,2025-07-30,networking,2.0717,243.0,0.0,0,3,0,0
org_5lxo6qji,2025-07-31,compute,34.7174,358.0,0.0,14.6041,6,0,0
org_5lxo6qji,2025-07-31,database,4.3996,130.0,7.0889,0,3,0,0
org_5lxo6qji,2025-07-31,networking,2.0272,238.0,0,14.2692,3,0,0
org_5lxo6qji,2025-08-01,compute,23.3401,230.0,0,25.206,3,0,0
org_5lxo6qji,2025-08-01,database,8.0939,117.0,0,23.0764,3,0,0
org_5lxo6qji,2025-08-01,networking,4.6081,369.0,0,0,3,0,0
org_5lxo6qji,2025-08-02,compute,34.6600,451.0,1.3261,0.0,6,0,0
org_5lxo6qji,2025-08-02,networking,0.9002,106.0,2.3809,0,3,0,0
org_5lxo6qji,2025-08-03,compute,39.2876,480.0,3.9540,40.2298,9,0,0
org_5lxo6qji,2025-08-04,compute,11.5501,124.0,4.8019,34.7022,6,0,0
org_5lxo6qji,2025-08-04,database,5.9973,114.0,5.2258,0,3,0,0
org_5lxo6qji,2025-08-05,compute,15.2861,136.0,4.2989,27.2083,6,0,0
org_5lxo6qji,2025-08-05,database,9.0814,199.0,0,6.4455,3,0,0
org_5lxo6qji,2025-08-05,networking,1.0856,117.0,4.7245,6.2445,3,0,0
org_5lxo6qji,2025-08-06,compute,32.0233,376.0,2.9308,14.1867,6,0,0
org_5lxo6qji,2025-08-07,compute,195.9243,376.0,0,34.6573,6,0,0
org_5lxo6qji,2025-08-07,database,5.7609,104.0,5.5763,0,3,0,0
org_5lxo6qji,2025-08-07,networking,2.7162,242.0,0.0,0,3,0,0
org_5lxo6qji,2025-08-08,compute,40.2480,510.0,8.2382,27.9551,9,0,0
org_5lxo6qji,2025-08-08,database,6.0719,104.0,4.5462,0,3,0,0
org_5lxo6qji,2025-08-08,networking,1.6119,130.0,2.7577,18.0315,3,0,0
org_5lxo6qji,2025-08-09,compute,12.6995,122.0,0,14.3215,3,0,0
org_5lxo6qji,2025-08-09,database,13.5700,258.0,0,12.6819,3,0,0
org_5lxo6qji,2025-08-10,compute,64.6019,737.0,2.2652,26.7765,9,0,0
org_5lxo6qji,2025-08-10,database,9.6083,123.0,0,35.4455,3,0,0
org_5lxo6qji,2025-08-10,networking,2.2573,239.0,1.7384,0,3,0,0
org_5lxo6qji,2025-08-11,compute,23.3602,240.0,1.2405,38.6778,6,0,0
org_5lxo6qji,2025-08-11,database,7.9285,124.0,2.8601,3.8112,3,0,0
org_5lxo6qji,2025-08-11,networking,2.4873,247.0,0,21.2036,3,0,0
org_5lxo6qji,2025-08-12,compute,11.4452,123.0,2.7795,18.8085,3,0,0
org_5lxo6qji,2025-08-12,database,0.6754,0,1.9248,12.6597,3,0,0
org_5lxo6qji,2025-08-12,networking,1.2505,102.0,0.8733,15.8914,3,0,0
org_5lxo6qji,2025-08-13,compute,48.5407,572.0,2.2986,14.0241,9,0,0
org_5lxo6qji,2025-08-13,networking,1.3933,103.0,0,18.0842,3,0,0
org_5lxo6qji,2025-08-14,compute,16.4424,223.0,1.8698,0,3,0,0
org_5lxo6qji,2025-08-14,networking,3.1867,265.0,0,14.7494,3,0,0
org_5lxo6qji,2025-08-15,compute,31.2331,362.0,6.1510,27.5013,9,0,0
org_5lxo6qji,2025-08-15,networking,2.7784,255.0,4.3222,0,3,0,0
org_5lxo6qji,2025-08-16,compute,27.4981,323.0,6.3777,0,6,0,0
org_5lxo6qji,2025-08-16,database,8.1865,112.0,0,32.8275,3,0,0
org_5lxo6qji,2025-08-16,networking,0.0683,0,8.0902,0,3,0,0
org_5lxo6qji,2025-08-17,compute,71.3948,850.0,2.9862,11.4633,9,0,0
org_5lxo6qji,2025-08-17,database,7.2657,124.0,2.1089,0,3,0,0
org_5lxo6qji,2025-08-17,networking,1.2763,110.0,4.4925,0,3,0,0
org_5lxo6qji,2025-08-18,compute,33.9925,360.0,0,18.3424,6,0,0
org_5lxo6qji,2025-08-18,networking,1.1420,116.0,0.0,3.7308,3,0,0
org_5lxo6qji,2025-08-19,compute,15.7561,138.0,2.9096,3.9748,3,0,0
org_5lxo6qji,2025-08-19,networking,0.2379,0,0,27.5330,3,0,0
org_5lxo6qji,2025-08-20,compute,30.6461,355.0,3.1834,17.3388,9,0,0
org_5lxo6qji,2025-08-20,database,1.0432,0,0,19.297,3,0,0
org_5lxo6qji,2025-08-20,networking,0.3290,0,2.9595,31.8845,3,0,0
org_5lxo6qji,2025-08-21,compute,17.2711,132.0,4.8138,36.7742,6,0,0
org_5lxo6qji,2025-08-21,database,4.9351,95.0,2.9042,3.2989,3,0,0
org_5lxo6qji,2025-08-22,compute,46.4795,633.0,0,6.3278,9,0,0
org_5lxo6qji,2025-08-22,database,7.5375,117.0,0.0,9.6093,3,0,0
org_5lxo6qji,2025-08-23,compute,18.0465,224.0,0,0,3,1,0
org_5lxo6qji,2025-08-23,networking,1.3678,114.0,0,13.4273,3,0,0
org_5lxo6qji,2025-08-24,compute,21.4399,236.0,5.2253,36.7968,6,0,0
org_5lxo6qji,2025-08-24,database,13.5769,259.0,0,15.5345,3,0,0
org_5lxo6qji,2025-08-25,compute,18.4478,228.0,0,39.8417,6,0,0
org_5lxo6qji,2025-08-25,database,6.9989,134.0,3.3278,1.9408,3,0,0
org_5lxo6qji,2025-08-26,compute,20.0118,258.0,0.0,17.2461,6,0,0
org_5lxo6qji,2025-08-26,database,19.2876,388.0,0,0,3,0,0
org_5lxo6qji,2025-08-26,networking,0.0886,0,5.8989,4.3354,3,0,0
org_5lxo6qji,2025-08-27,networking,0.0566,0,5.2665,0,3,0,0
org_5lxo6qji,2025-08-28,compute,11.1199,120.0,2.7223,0.0,3,0,0
org_5lxo6qji,2025-08-28,database,0.6227,0,2.4511,14.5433,3,0,1
org_5lxo6qji,2025-08-29,compute,17.9746,144.0,0,43.3264,6,0,0
org_5lxo6qji,2025-08-29,database,8.9323,102.0,0,33.6152,3,0,0
org_5lxo6qji,2025-08-30,compute,19.8019,228.0,0.0,0,3,0,0
org_5lxo6qji,2025-08-30,networking,2.6133,247.0,1.3312,0,3,0,0
org_5lxo6qji,2025-08-31,compute,59.2429,766.0,0,0,6,0,0
org_7e8g8jdp,2025-07-03,networking,3.5514,380.0,0,0,3,0,0
org_7e8g8jdp,2025-07-04,networking,2.8036,241.0,0,3.1983,3,0,0
org_7e8g8jdp,2025-07-05,networking,1.4303,125.0,5.8670,0,3,0,0
org_7e8g8jdp,2025-07-07,networking,1.6507,121.0,0,31.1375,3,0,0
org_7e8g8jdp,2025-07-08,networking,2.7152,237.0,0,19.8306,3,0,0
org_7e8g8jdp,2025-07-14,networking,1.3036,124.0,0,21.8318,3,0,0
org_7e8g8jdp,2025-07-16,networking,1.0255,118.0,0.0333,7.9719,3,0,0
org_7e8g8jdp,2025-07-17,networking,4.1700,362.0,0,0,3,0,0
org_7e8g8jdp,2025-07-18,networking,3.6204,365.0,0,0,3,0,0
org_7e8g8jdp,2025-07-19,networking,2.6615,239.0,0,0,3,1,0
org_7e8g8jdp,2025-07-20,networking,27.1867,125.0,0,6.6671,3,0,0
org_7e8g8jdp,2025-07-21,networking,1.2604,127.0,0.8594,0,3,0,0
org_7e8g8jdp,2025-07-22,networking,2.8399,273.0,5.5655,0,3,0,0
org_7e8g8jdp,2025-07-23,networking,1.0041,101.0,0.0,8.3632,3,0,0
org_7e8g8jdp,2025-07-27,networking,0.3543,0,0,37.6377,3,0,0
org_7e8g8jdp,2025-07-28,networking,2.7600,248.0,5.2414,0,3,0,0
org_7e8g8jdp,2025-07-29,networking,1.1874,111.0,2.2189,0,3,0,0
org_7e8g8jdp,2025-07-30,networking,0.0657,0,6.2356,0,3,0,0
org_7e8g8jdp,2025-07-31,networking,1.5690,104.0,0,25.0167,3,0,0
org_7e8g8jdp,2025-08-02,networking,1.6207,123.0,0.9363,7.2225,3,0,0
org_7e8g8jdp,2025-08-04,networking,1.4571,126.0,2.0318,5.3827,3,0,0
org_7e8g8jdp,2025-08-07,networking,0.2357,0,2.6309,19.3217,3,0,0
org_7e8g8jdp,2025-08-08,networking,1.3018,129.0,1.3273,0.3134,3,0,0
org_7e8g8jdp,2025-08-09,networking,1.2640,121.0,0.0,18.0249,3,0,0
org_7e8g8jdp,2025-08-12,networking,0.1999,0,1.4632,17.8263,3,0,0
org_7e8g8jdp,2025-08-13,networking,2.5662,261.0,0,13.9089,3,0,0
org_7e8g8jdp,2025-08-14,networking,2.8538,281.0,0,19.1841,3,0,0
org_7e8g8jdp,2025-08-18,networking,1.2129,111.0,0.0,0.0,3,0,0
org_7e8g8jdp,2025-08-19,networking,2.7000,255.0,4.2815,0,3,0,0
org_7e8g8jdp,2025-08-20,networking,1.0610,118.0,3.8659,15.5732,3,0,1
org_7e8g8jdp,2025-08-23,networking,0.9838,108.0,0.452,3.9343,3,0,0
org_7e8g8jdp,2025-08-25,networking,0.1270,0,4.7389,7.7208,3,0,0
org_7e8g8jdp,2025-08-26,networking,1.2892,119.0,0.4343,4.1004,3,0,0
org_874frhoc,2025-07-03,compute,24.5757,277.0,1.9364,0,3,0,0
org_874frhoc,2025-07-03,networking,2.1788,217.0,0,0.0,3,0,0
org_874frhoc,2025-07-04,compute,18.9474,240.0,0,6.2185,3,0,0
org_874frhoc,2025-07-04,networking,1.6313,130.0,3.1303,11.0999,3,0,0
org_874frhoc,2025-07-04,storage,5.2961,253.0,2.929,0,3,0,0
org_874frhoc,2025-07-05,storage,0.5152,0,3.0579,22.8996,3,0,0
org_874frhoc,2025-07-06,database,6.3222,122.0,2.1063,0,3,0,0
org_874frhoc,2025-07-06,networking,2.3145,244.0,0,7.2485,3,0,0
org_874frhoc,2025-07-07,compute,1.5724,0,2.6608,22.4082,3,0,0
org_874frhoc,2025-07-07,database,0.9414,0,0.6152,17.8276,3,0,0
org_874frhoc,2025-07-07,storage,4.2571,209.0,0,0,3,1,0
org_874frhoc,2025-07-08,compute,0.7187,0,8.6242,0,3,0,0
org_874frhoc,2025-07-08,database,1.1181,0,0.0,2.2052,3,1,0
org_874frhoc,2025-07-09,compute,21.8677,241.0,2.355,0,3,0,0
org_874frhoc,2025-07-09,database,6.0190,118.0,3.4333,0,3,0,0
org_874frhoc,2025-07-10,compute,15.4193,231.0,0,11.7497,3,0,0
org_874frhoc,2025-07-10,database,14.3137,227.0,0,4.1101,3,0,0
org_874frhoc,2025-07-10,networking,-0.0155,218.0,0,14.1959,3,0,1
org_874frhoc,2025-07-10,storage,3.1898,122.0,1.5624,10.5794,3,0,0
org_874frhoc,2025-07-11,database,10.8350,264.0,0,10.8711,3,0,0
org_874frhoc,2025-07-11,storage,4.7231,259.0,2.5368,0,3,0,0
org_874frhoc,2025-07-12,compute,23.0394,253.0,0,2.7423,3,0,0
org_874frhoc,2025-07-12,database,17.1031,346.0,0,0,3,0,0
org_874frhoc,2025-07-13,compute,8.1979,106.0,4.6968,0,3,0,0
org_874frhoc,2025-07-13,database,18.4901,382.0,0,0,3,0,0
org_874frhoc,2025-07-14,database,6.8109,132.0,3.3461,1.1847,3,0,0
org_874frhoc,2025-07-14,networking,4.0393,369.0,0,0,3,0,0
org_874frhoc,2025-07-14,storage,0.1096,0,5.0460,0,3,0,0
org_874frhoc,2025-07-15,networking,0.3230,0,1.6357,29.7771,3,0,0
org_874frhoc,2025-07-15,storage,3.0296,116.0,2.339,8.9617,3,0,0
org_874frhoc,2025-07-16,compute,29.5939,369.0,0,0,3,0,0
org_874frhoc,2025-07-16,database,7.4334,132.0,0,18.4444,3,0,0
org_874frhoc,2025-07-16,networking,0.0520,0,4.8171,0,3,0,0
org_874frhoc,2025-07-16,storage,4.0660,245.0,0,5.0341,3,0,0
org_874frhoc,2025-07-17,compute,1.0548,0,0.5466,13.1795,3,0,0
org_874frhoc,2025-07-17,networking,27.6510,224.0,0,23.5418,3,0,0
org_874frhoc,2025-07-17,storage,4.1114,209.0,0,8.0655,3,0,0
org_874frhoc,2025-07-18,networking,1.5170,125.0,2.5082,5.6876,3,0,0
org_874frhoc,2025-07-19,database,1.5018,0,3.8998,22.9100,3,0,0
org_874frhoc,2025-07-19,networking,1.7560,130.0,6.0191,4.7739,3,0,0
org_874frhoc,2025-07-19,storage,5.7591,230.0,1.4446,0,3,0,0
org_874frhoc,2025-07-20,networking,2.9099,252.0,0,22.736,3,0,0
org_874frhoc,2025-07-20,storage,0.4389,0,2.6501,15.582,3,1,0
org_874frhoc,2025-07-21,compute,9.4179,121.0,1.9888,0.0,3,0,0
org_874frhoc,2025-07-21,storage,3.2723,115.0,0,26.8838,3,1,0
org_874frhoc,2025-07-22,compute,18.0986,335.0,0,0,3,0,0
org_874frhoc,2025-07-22,database,6.2863,137.0,2.0227,9.2672,3,0,0
org_874frhoc,2025-07-22,storage,0.6963,0,0,40.9101,3,0,0
org_874frhoc,2025-07-23,compute,0.6854,0,8.1250,0,3,0,0
org_874frhoc,2025-07-23,database,5.5914,120.0,6.7708,0.3496,3,0,0
org_874frhoc,2025-07-23,networking,1.2585,111.0,0.0,18.0605,3,0,0
org_874frhoc,2025-07-24,compute,14.0017,143.0,0,29.0010,3,0,0
org_874frhoc,2025-07-25,database,12.8525,115.0,0,0.0,3,1,0
org_874frhoc,2025-07-25,storage,4.4601,221.0,2.4264,0,3,0,0
org_874frhoc,2025-07-26,database,7.0561,125.0,0.7008,0,3,0,0
org_874frhoc,2025-07-26,networking,1.2680,131.0,0.0,6.1603,3,0,0
org_874frhoc,2025-07-26,storage,2.4521,115.0,0,18.9424,3,0,0
org_874frhoc,2025-07-27,compute,14.7921,137.0,4.3293,7.8053,3,0,0
org_874frhoc,2025-07-27,database,12.3587,241.0,0,14.6263,3,0,0
org_874frhoc,2025-07-27,storage,5.3760,247.0,0,9.0451,3,0,0
org_874frhoc,2025-07-28,compute,18.9485,228.0,0,20.3969,3,0,0
org_874frhoc,2025-07-28,database,7.3865,124.0,6.5596,0,3,0,0
org_874frhoc,2025-07-28,networking,1.2778,126.0,3.6928,0,3,0,0
org_874frhoc,2025-07-29,compute,21.7953,251.0,0,14.04,3,0,0
org_874frhoc,2025-07-29,database,1.6191,0,0.979,31.4280,3,0,0
org_874frhoc,2025-07-29,networking,2.2008,228.0,2.0778,0,3,0,0
org_874frhoc,2025-07-29,storage,50.1847,231.0,0,15.4359,3,0,0
org_874frhoc,2025-07-30,database,13.9755,239.0,0.6491,0,3,0,0
org_874frhoc,2025-07-30,networking,2.8109,247.0,2.2872,0,3,0,0
org_874frhoc,2025-07-30,storage,4.9535,233.0,2.2486,0,3,0,0
org_874frhoc,2025-07-31,storage,5.3205,249.0,2.8769,0,3,0,0
org_874frhoc,2025-08-01,database,7.7347,140.0,3.1847,1.5475,3,0,0
org_874frhoc,2025-08-01,networking,1.2610,0,1.1068,13.2639,3,1,0
org_874frhoc,2025-08-02,database,5.8236,0,2.1862,9.1549,3,1,0
org_874frhoc,2025-08-02,networking,1.7374,120.0,0,28.8306,3,0,0
org_874frhoc,2025-08-02,storage,4.2908,215.0,0,12.6423,3,0,0
org_874frhoc,2025-08-03,database,6.8617,115.0,0,21.9132,3,0,0
org_874frhoc,2025-08-03,storage,3.7939,226.0,0.3873,0,3,0,0
org_874frhoc,2025-08-04,storage,8.5180,372.0,0,0,3,0,0
org_874frhoc,2025-08-05,compute,36.0381,362.0,0,0,3,0,0
org_874frhoc,2025-08-05,database,11.9915,222.0,0,8.9959,3,0,0
org_874frhoc,2025-08-05,networking,3.8272,400.0,0,0,3,0,0
org_874frhoc,2025-08-06,compute,17.0796,248.0,0,4.1063,3,0,0
org_874frhoc,2025-08-06,database,7.1957,139.0,0.9956,0,3,0,0
org_874frhoc,2025-08-06,networking,1.4525,121.0,0,26.2410,3,0,0
org_874frhoc,2025-08-07,database,8.3899,124.0,0.0,4.7607,3,0,0
org_874frhoc,2025-08-07,networking,2.3432,261.0,2.8979,0,3,0,0
org_874frhoc,2025-08-07,storage,7.7341,393.0,0,0,3,0,0
org_874frhoc,2025-08-08,compute,0.5422,0,2.5111,4.7041,3,0,0
org_874frhoc,2025-08-08,database,21.8793,353.0,0,0,3,0,0
org_874frhoc,2025-08-08,networking,1.7080,115.0,0,15.7562,3,0,0
org_874frhoc,2025-08-09,compute,10.6695,137.0,6.3028,0,3,0,0
org_874frhoc,2025-08-09,storage,5.2785,232.0,0,19.6281,3,0,0
org_874frhoc,2025-08-10,networking,1.1290,107.0,1.6105,7.8594,3,0,0
org_874frhoc,2025-08-10,storage,1.2018,0,0,61.1152,3,0,0
org_874frhoc,2025-08-11,database,13.4693,234.0,1.1317,0,3,0,0
org_874frhoc,2025-08-11,storage,-0.8312,251.0,2.4864,0,3,0,1
org_874frhoc,2025-08-12,database,1.9173,0,5.8938,21.4655,3,0,0
org_874frhoc,2025-08-12,storage,4.5317,229.0,5.3864,0,3,0,0
org_874frhoc,2025-08-13,database,5.1327,132.0,4.1529,0,3,0,0
org_874frhoc,2025-08-14,compute,0.1575,0,0,2.3361,3,0,0
org_874frhoc,2025-08-14,database,17.4413,347.0,0,0,3,0,0
org_874frhoc,2025-08-14,networking,3.7093,342.0,0,0,3,0,0
org_874frhoc,2025-08-14,storage,3.2858,130.0,0,32.2725,3,0,0
org_874frhoc,2025-08-15,compute,8.2624,116.0,2.1876,0,3,0,0
org_874frhoc,2025-08-15,database,12.0445,261.0,0,5.8097,3,0,0
org_874frhoc,2025-08-15,networking,2.0444,112.0,2.6122,0,3,1,0
org_874frhoc,2025-08-16,database,6.2492,117.0,0,18.2917,3,0,0
org_874frhoc,2025-08-16,networking,0.9749,92.0,0,19.5657,3,0,0
org_874frhoc,2025-08-16,storage,0.1636,0,0.5861,9.6853,3,0,0
org_874frhoc,2025-08-17,compute,10.6449,124.0,0,27.3690,3,0,0
org_874frhoc,2025-08-17,database,7.6669,107.0,0,37.8163,3,0,0
org_874frhoc,2025-08-17,networking,1.3442,116.0,1.9435,10.2799,3,0,0
org_874frhoc,2025-08-17,storage,2.3015,121.0,0.8874,7.8112,3,0,0
org_874frhoc,2025-08-18,database,13.7334,244.0,1.5303,0,3,0,0
org_874frhoc,2025-08-18,storage,2.9250,128.0,4.4694,0,3,1,0
org_874frhoc,2025-08-19,compute,11.8872,134.0,2.7629,0,3,0,0
org_874frhoc,2025-08-19,database,10.4418,217.0,0,8.816,3,0,0
org_874frhoc,2025-08-19,networking,1.0641,96.0,0.9877,0.0,3,0,0
org_874frhoc,2025-08-19,storage,1.8115,113.0,3.1906,5.781,3,0,0
org_874frhoc,2025-08-20,compute,9.7588,125.0,0.0,8.0938,3,0,0
org_874frhoc,2025-08-20,database,11.1284,241.0,0,12.7422,3,0,0
org_874frhoc,2025-08-21,compute,10.0277,114.0,4.3464,3.0906,3,0,1
org_874frhoc,2025-08-21,database,5.2671,106.0,4.9224,0,3,0,0
org_874frhoc,2025-08-22,compute,9.6766,111.0,0,9.2339,3,0,0
org_874frhoc,2025-08-22,storage,2.6119,108.0,2.5958,6.9958,3,0,0
org_874frhoc,2025-08-23,networking,2.5284,258.0,0,0.0,3,0,0
org_874frhoc,2025-08-23,storage,0.2479,0,0,12.1011,3,0,0
org_874frhoc,2025-08-24,database,11.4217,250.0,0,0.0,3,0,0
org_874frhoc,2025-08-25,database,7.0454,123.0,0.287,3.2702,3,0,0
org_874frhoc,2025-08-25,storage,2.5560,113.0,0.1546,4.1105,3,0,0
org_874frhoc,2025-08-26,database,6.1016,110.0,6.7767,0,3,0,0
org_874frhoc,2025-08-26,storage,5.0104,210.0,0,16.7451,3,0,0
org_874frhoc,2025-08-27,compute,21.0870,240.0,1.1687,0,3,0,0
org_874frhoc,2025-08-27,storage,6.2699,262.0,0,2.6519,3,0,0
org_874frhoc,2025-08-28,compute,21.8752,262.0,0,7.3663,3,0,0
org_874frhoc,2025-08-28,networking,2.8185,245.0,0,0.0,3,0,0
org_874frhoc,2025-08-28,storage,0.3143,0,5.1581,12.1202,3,0,0
org_874frhoc,2025-08-29,database,5.6202,112.0,1.8163,4.7688,3,0,0
org_874frhoc,2025-08-29,networking,0.1401,0,1.9931,13.0723,3,0,0
org_874frhoc,2025-08-29,storage,0.1209,0,1.2068,1.8458,3,1,0
org_874frhoc,2025-08-30,database,10.7875,234.0,0,0.593,3,0,0
org_874frhoc,2025-08-31,compute,24.4833,266.0,3.5372,0,3,0,0
org_874frhoc,2025-08-31,database,6.9382,155.0,2.4447,3.0303,3,0,0
org_874frhoc,2025-08-31,storage,4.3889,217.0,0,0.0,3,0,0
org_8mdd4v30,2025-07-03,database,11.1105,225.0,2.8047,0,3,0,0
org_8mdd4v30,2025-07-03,networking,3.4550,250.0,0,0,3,1,0
org_8mdd4v30,2025-07-03,storage,2.5242,116.0,4.7917,0,3,0,0
org_8mdd4v30,2025-07-04,database,23.2133,463.0,0,0.0,6,0,0
org_8mdd4v30,2025-07-04,storage,0.0016,0,0.0791,0,3,0,0
org_8mdd4v30,2025-07-05,database,6.0833,133.0,1.2907,3.8415,3,0,0
org_8mdd4v30,2025-07-05,networking,0.3027,0,2.5481,25.5351,3,0,0
org_8mdd4v30,2025-07-06,database,1.0343,0,2.4678,14.8335,3,0,0
org_8mdd4v30,2025-07-07,database,5.3435,109.0,2.4423,0,3,0,0
org_8mdd4v30,2025-07-08,database,19.6712,349.0,1.4942,18.2849,6,0,0
org_8mdd4v30,2025-07-08,networking,1.2290,105.0,3.1979,28.0705,3,0,0
org_8mdd4v30,2025-07-09,database,13.6487,262.0,4.8785,24.0480,6,0,0
org_8mdd4v30,2025-07-09,networking,1.1207,101.0,4.9017,12.2844,3,0,0
org_8mdd4v30,2025-07-09,storage,3.0922,123.0,0,43.0384,3,0,0
org_8mdd4v30,2025-07-10,database,8.5002,137.0,0.4308,8.7723,3,0,0
org_8mdd4v30,2025-07-10,networking,2.6258,257.0,0,0.0,3,0,0
org_8mdd4v30,2025-07-10,storage,2.9341,121.0,0,2.5583,3,0,0
org_8mdd4v30,2025-07-11,database,6.2638,102.0,0,22.1124,3,0,0
org_8mdd4v30,2025-07-11,networking,2.1580,220.0,0.0,0,3,0,0
org_8mdd4v30,2025-07-12,database,9.8858,240.0,0,2.2105,3,0,0
org_8mdd4v30,2025-07-12,networking,1.3486,130.0,0.0,0.0,3,0,0
org_8mdd4v30,2025-07-12,storage,7.6512,348.0,0,0,3,0,0
org_8mdd4v30,2025-07-13,database,15.0767,127.0,3.6327,16.5591,6,1,0
org_8mdd4v30,2025-07-13,networking,3.3595,351.0,0,0,3,0,0
org_8mdd4v30,2025-07-14,database,7.7122,113.0,3.3557,18.1404,6,0,0
org_8mdd4v30,2025-07-14,networking,3.3248,330.0,0,0,3,0,0
org_8mdd4v30,2025-07-14,storage,3.0934,117.0,3.6665,15.3924,3,0,0
org_8mdd4v30,2025-07-15,database,8.7182,0,1.2146,8.0935,3,0,0
org_8mdd4v30,2025-07-15,networking,1.3817,118.0,0,20.7035,3,0,0
org_8mdd4v30,2025-07-16,database,0.9677,0,4.9084,13.2747,3,0,0
org_8mdd4v30,2025-07-17,database,7.6361,131.0,3.6493,0,3,0,0
org_8mdd4v30,2025-07-17,networking,3.3117,341.0,0,0,3,0,0
org_8mdd4v30,2025-07-18,database,12.9908,244.0,0,11.5612,3,0,0
org_8mdd4v30,2025-07-18,storage,3.0399,111.0,0.0,21.7492,3,0,0
org_8mdd4v30,2025-07-19,database,1.0745,0,0.0,23.0369,3,0,0
org_8mdd4v30,2025-07-19,networking,1.9177,141.0,1.8972,21.6726,3,0,0
org_8mdd4v30,2025-07-19,storage,1.9698,98.0,3.7441,0,3,0,0
org_8mdd4v30,2025-07-20,database,11.6948,216.0,0,11.1891,3,0,0
org_8mdd4v30,2025-07-20,networking,2.8367,253.0,0,15.5683,3,0,0
org_8mdd4v30,2025-07-20,storage,6.7338,358.0,0,0,3,0,0
org_8mdd4v30,2025-07-21,database,28.1679,608.0,2.7032,0,6,0,0
org_8mdd4v30,2025-07-21,networking,2.6336,230.0,0,12.353,3,0,0
org_8mdd4v30,2025-07-21,storage,0.3698,0,0.153,18.7785,3,0,0
org_8mdd4v30,2025-07-22,database,13.3958,267.0,1.3173,0,3,0,0
org_8mdd4v30,2025-07-22,networking,1.8885,135.0,0,37.6181,3,0,0
org_8mdd4v30,2025-07-22,storage,2.6244,123.0,4.3224,0.0,3,0,0
org_8mdd4v30,2025-07-23,database,1.7572,0,2.5686,38.2505,3,0,0
org_8mdd4v30,2025-07-23,networking,1.3336,115.0,1.2183,6.1425,3,0,0
org_8mdd4v30,2025-07-23,storage,5.2968,248.0,0,6.5943,3,0,0
org_8mdd4v30,2025-07-24,database,0.0781,0,0.0,0.5839,3,1,0
org_8mdd4v30,2025-07-25,database,11.6416,245.0,1.5786,0,3,0,0
org_8mdd4v30,2025-07-25,storage,0.0843,0,4.5292,0,3,0,0
org_8mdd4v30,2025-07-26,database,18.7237,362.0,1.496,22.6632,6,0,0
org_8mdd4v30,2025-07-26,networking,1.6362,118.0,2.0938,7.6926,3,0,0
org_8mdd4v30,2025-07-26,storage,2.4754,120.0,3.0733,16.7668,3,0,0
org_8mdd4v30,2025-07-27,database,25.8265,451.0,0.0,12.1945,6,0,0
org_8mdd4v30,2025-07-27,networking,1.5126,136.0,0,32.8390,3,0,0
org_8mdd4v30,2025-07-27,storage,2.7376,121.0,3.7048,0,3,1,0
org_8mdd4v30,2025-07-28,database,12.6868,250.0,0,3.3503,3,0,0
org_8mdd4v30,2025-07-28,networking,1.4597,130.0,0,6.5409,3,0,0
org_8mdd4v30,2025-07-29,database,20.7442,327.0,2.0128,1.6965,6,1,0
org_8mdd4v30,2025-07-30,networking,2.0970,237.0,0.9868,0,3,0,0
org_8mdd4v30,2025-07-30,storage,2.7100,136.0,0,11.5149,3,0,0
org_8mdd4v30,2025-07-31,database,13.1963,252.0,4.0234,0,3,0,0
org_8mdd4v30,2025-07-31,networking,2.4049,262.0,0,17.3604,3,0,0
org_8mdd4v30,2025-08-01,database,7.6913,117.0,0,21.6524,3,0,0
org_8mdd4v30,2025-08-01,networking,1.2032,112.0,1.4562,6.0365,3,0,0
org_8mdd4v30,2025-08-01,storage,3.1005,127.0,0,11.3384,3,1,0
org_8mdd4v30,2025-08-02,database,12.4968,233.0,1.2208,19.6336,6,0,0
org_8mdd4v30,2025-08-02,networking,3.0280,263.0,0,3.4509,3,0,0
org_8mdd4v30,2025-08-02,storage,0.4912,0,0,26.2609,3,0,0
org_8mdd4v30,2025-08-03,database,16.7233,260.0,0,0,3,1,0
org_8mdd4v30,2025-08-03,networking,0.0701,0,1.5787,6.6857,3,0,0
org_8mdd4v30,2025-08-03,storage,0.1090,227.0,0,14.5081,3,0,1
org_8mdd4v30,2025-08-04,database,20.3972,366.0,4.7512,5.8324,6,0,0
org_8mdd4v30,2025-08-04,networking,1.0692,107.0,1.264,7.9001,3,0,0
org_8mdd4v30,2025-08-04,storage,2.5622,132.0,3.0985,10.2475,3,0,0
org_8mdd4v30,2025-08-05,database,19.5447,385.0,2.9140,7.2864,6,0,0
org_8mdd4v30,2025-08-05,networking,0.1703,0,2.5976,13.0533,3,0,0
org_8mdd4v30,2025-08-05,storage,2.5476,113.0,0,24.8233,3,0,0
org_8mdd4v30,2025-08-06,database,17.8276,345.0,1.0394,35.1678,6,0,0
org_8mdd4v30,2025-08-06,networking,2.5023,231.0,2.0786,0,3,0,0
org_8mdd4v30,2025-08-07,database,27.3101,597.0,0,0.0,6,0,0
org_8mdd4v30,2025-08-07,networking,3.3430,383.0,0,0,3,0,0
org_8mdd4v30,2025-08-08,database,12.6008,262.0,4.7862,0,3,0,0
org_8mdd4v30,2025-08-08,networking,0.0807,0,1.8072,7.9089,3,0,0
org_8mdd4v30,2025-08-08,storage,4.6983,224.0,0,1.5728,3,0,0
org_8mdd4v30,2025-08-09,database,9.3481,123.0,5.5948,36.2858,6,0,0
org_8mdd4v30,2025-08-09,networking,2.3949,222.0,0,10.1593,3,0,0
org_8mdd4v30,2025-08-09,storage,0.5188,0,2.1394,27.4437,3,0,0
org_8mdd4v30,2025-08-10,database,6.7942,114.0,6.1669,25.4521,6,0,0
org_8mdd4v30,2025-08-10,networking,4.0168,274.0,0,0,3,1,0
org_8mdd4v30,2025-08-10,storage,2.4325,109.0,4.4133,0,3,0,0
org_8mdd4v30,2025-08-11,database,24.5101,472.0,5.7636,0,6,0,0
org_8mdd4v30,2025-08-11,networking,3.3511,355.0,0,0,3,0,0
org_8mdd4v30,2025-08-11,storage,4.7538,231.0,3.2906,0,3,0,0
org_8mdd4v30,2025-08-12,networking,1.7109,115.0,0,27.8673,3,0,0
org_8mdd4v30,2025-08-12,storage,2.5670,120.0,0.3867,0,3,0,0
org_8mdd4v30,2025-08-13,database,2.6196,0,1.6525,48.9005,6,0,0
org_8mdd4v30,2025-08-13,networking,2.5572,242.0,0,10.3209,3,0,0
org_8mdd4v30,2025-08-14,database,11.9918,224.0,0,10.151,3,0,0
org_8mdd4v30,2025-08-14,storage,2.4490,129.0,0.0,10.4979,3,0,0
org_8mdd4v30,2025-08-15,networking,2.0574,259.0,0.1063,0,3,0,0
org_8mdd4v30,2025-08-16,database,5.6994,104.0,3.3601,8.0852,3,0,0
org_8mdd4v30,2025-08-16,networking,1.5041,119.0,0.0,2.0102,3,0,0
org_8mdd4v30,2025-08-16,storage,5.0673,248.0,0,9.2388,3,0,0
org_8mdd4v30,2025-08-17,database,1.2455,0,3.6394,21.0883,3,0,0
org_8mdd4v30,2025-08-17,storage,2.1297,130.0,2.4102,0,3,0,0
org_8mdd4v30,2025-08-18,database,12.4710,229.0,6.4676,5.9071,6,0,0
org_8mdd4v30,2025-08-18,networking,0.1409,0,7.5243,4.6069,3,0,0
org_8mdd4v30,2025-08-20,networking,2.8253,273.0,2.0104,0,3,0,0
org_8mdd4v30,2025-08-20,storage,0.4560,0,2.4369,20.7419,3,0,0
org_8mdd4v30,2025-08-21,database,5.6359,110.0,0,14.9807,3,0,0
org_8mdd4v30,2025-08-21,networking,1.2654,101.0,0.8681,16.2648,3,0,0
org_8mdd4v30,2025-08-21,storage,4.9006,252.0,0,14.6698,3,0,0
org_8mdd4v30,2025-08-22,database,35.4198,259.0,0,57.8462,6,0,0
org_8mdd4v30,2025-08-22,networking,1.2889,125.0,0,18.0924,3,0,0
org_8mdd4v30,2025-08-23,database,5.9079,128.0,3.8454,0.0,3,0,0
org_8mdd4v30,2025-08-23,storage,2.0096,108.0,2.6873,0,3,1,0
org_8mdd4v30,2025-08-24,database,7.3823,111.0,1.3715,40.6121,6,0,0
org_8mdd4v30,2025-08-24,networking,4.1109,355.0,0,0,3,0,0
org_8mdd4v30,2025-08-24,storage,2.3183,121.0,0,3.1961,3,0,0
org_8mdd4v30,2025-08-25,database,26.3099,469.0,0,26.0043,6,0,0
org_8mdd4v30,2025-08-25,networking,1.0245,107.0,3.4888,0,3,0,0
org_8mdd4v30,2025-08-25,storage,0.3588,0,5.7548,14.5171,3,0,0
org_8mdd4v30,2025-08-26,database,7.5737,126.0,2.6937,19.8627,3,0,0
org_8mdd4v30,2025-08-26,networking,1.5275,132.0,0,24.3663,3,0,0
org_8mdd4v30,2025-08-27,database,22.4911,349.0,0,16.2893,6,1,1
org_8mdd4v30,2025-08-27,storage,4.6641,247.0,0,13.7908,3,0,0
org_8mdd4v30,2025-08-28,database,12.5024,255.0,1.7664,0,3,0,0
org_8mdd4v30,2025-08-28,storage,3.2170,148.0,0,26.3329,3,0,0
org_8mdd4v30,2025-08-29,networking,2.6262,254.0,0,10.5069,3,0,0
org_8mdd4v30,2025-08-29,storage,4.0747,156.0,0,10.8681,3,0,0
org_8mdd4v30,2025-08-30,database,4.6827,107.0,1.9443,4.398,3,0,0
org_8mdd4v30,2025-08-31,database,12.5324,221.0,2.5831,0,3,0,0
org_8mdd4v30,2025-08-31,storage,2.4420,118.0,1.26,22.5871,3,0,0
org_9mx2x18h,2025-07-03,database,6.1249,107.0,0,27.3626,3,0,0
org_9mx2x18h,2025-07-03,networking,1.4932,124.0,0,20.5367,3,0,0
org_9mx2x18h,2025-07-04,database,1.1915,0,5.2320,15.2318,6,0,0
org_9mx2x18h,2025-07-04,networking,1.6262,131.0,0.614,13.8298,3,0,0
org_9mx2x18h,2025-07-05,compute,22.6697,242.0,0,22.2694,3,0,0
org_9mx2x18h,2025-07-05,database,30.5672,575.0,0,9.9932,6,0,0
org_9mx2x18h,2025-07-06,compute,33.4696,364.0,0,0,3,0,0
org_9mx2x18h,2025-07-06,networking,0.1523,0,3.9715,12.3746,3,0,0
org_9mx2x18h,2025-07-07,database,6.3595,122.0,1.6471,0.0,3,0,0
org_9mx2x18h,2025-07-08,database,15.6976,363.0,0,0,3,0,0
org_9mx2x18h,2025-07-09,database,7.9705,136.0,6.8190,23.1403,6,0,0
org_9mx2x18h,2025-07-10,database,13.4678,261.0,2.609,0,3,0,0
org_9mx2x18h,2025-07-10,networking,1.3246,116.0,0,15.1273,3,0,0
org_9mx2x18h,2025-07-11,database,13.3819,243.0,5.4548,19.4812,6,0,0
org_9mx2x18h,2025-07-12,compute,9.0462,0,0,6.08,3,2,0
org_9mx2x18h,2025-07-12,database,13.4671,222.0,0,39.2081,6,0,0
org_9mx2x18h,2025-07-12,networking,0.3037,0,7.1678,24.4201,3,0,0
org_9mx2x18h,2025-07-13,database,5.6535,117.0,2.7999,0.0,3,0,0
org_9mx2x18h,2025-07-14,database,12.5814,248.0,3.4405,10.191,6,0,0
org_9mx2x18h,2025-07-15,networking,0.9984,124.0,3.2596,12.771,3,0,0
org_9mx2x18h,2025-07-16,compute,19.7175,251.0,0,11.4419,3,0,0
org_9mx2x18h,2025-07-16,database,10.2692,0,0,31.9564,3,1,0
org_9mx2x18h,2025-07-17,compute,29.0350,356.0,0,0,3,0,0
org_9mx2x18h,2025-07-17,database,0.4867,0,2.128,6.842,3,0,0
org_9mx2x18h,2025-07-17,networking,1.7338,119.0,0,37.3384,3,0,0
org_9mx2x18h,2025-07-18,compute,0.8058,0,4.1681,4.4017,3,0,0
org_9mx2x18h,2025-07-19,compute,11.5217,126.0,3.9419,4.1939,3,0,0
org_9mx2x18h,2025-07-19,networking,2.3106,259.0,0,4.4427,3,0,0
org_9mx2x18h,2025-07-20,networking,4.2463,363.0,0,0,3,0,0
org_9mx2x18h,2025-07-21,compute,18.4751,236.0,0,0,3,1,0
org_9mx2x18h,2025-07-21,database,15.1967,135.0,0,35.2923,6,1,0
org_9mx2x18h,2025-07-22,compute,25.2332,255.0,0,0.0,3,0,0
org_9mx2x18h,2025-07-22,database,6.1959,110.0,3.3308,13.4861,3,0,0
org_9mx2x18h,2025-07-22,networking,1.4236,135.0,0,5.4118,3,0,0
org_9mx2x18h,2025-07-23,database,30.2492,581.0,0,0.0,6,0,0
org_9mx2x18h,2025-07-23,networking,1.2979,123.0,2.5577,19.3092,3,0,0
org_9mx2x18h,2025-07-24,compute,18.0361,244.0,0,11.6048,3,0,0
org_9mx2x18h,2025-07-24,database,5.0497,101.0,0.4597,0.0,3,0,0
org_9mx2x18h,2025-07-24,networking,2.6554,232.0,0,22.1093,3,0,0
org_9mx2x18h,2025-07-25,compute,8.0103,110.0,3.7269,0,3,0,0
org_9mx2x18h,2025-07-25,database,25.9333,589.0,0,1.8702,6,0,0
org_9mx2x18h,2025-07-25,networking,0.1649,0,1.8048,14.0868,3,0,0
org_9mx2x18h,2025-07-26,database,15.1249,269.0,2.6194,0,3,0,0
org_9mx2x18h,2025-07-26,networking,1.4805,115.0,0.55,16.1791,3,0,0
org_9mx2x18h,2025-07-27,compute,8.6561,108.0,1.4466,7.0564,3,0,0
org_9mx2x18h,2025-07-27,database,4.7094,113.0,2.6771,5.3024,3,0,0
org_9mx2x18h,2025-07-28,compute,2.7086,0,1.9128,25.9569,3,0,0
org_9mx2x18h,2025-07-29,compute,12.7878,111.0,6.0681,0,3,0,0
org_9mx2x18h,2025-07-29,database,18.2774,350.0,0.7774,22.4935,6,0,0
org_9mx2x18h,2025-07-30,compute,13.0479,114.0,1.8369,18.1842,3,0,0
org_9mx2x18h,2025-07-31,database,7.3391,116.0,7.8391,21.5327,6,0,0
org_9mx2x18h,2025-08-01,compute,9.3866,126.0,0,27.0564,3,0,0
org_9mx2x18h,2025-08-01,database,0.4798,0,0,6.5002,3,1,0
org_9mx2x18h,2025-08-01,networking,0.0892,0,3.9136,4.5594,3,0,0
org_9mx2x18h,2025-08-02,compute,0.4309,0,1.0467,4.1478,3,0,0
org_9mx2x18h,2025-08-02,database,5.2517,108.0,1.5338,0,3,0,0
org_9mx2x18h,2025-08-02,networking,0.1354,0,2.0809,10.1859,3,0,0
org_9mx2x18h,2025-08-03,compute,18.7857,230.0,0,5.989,3,0,0
org_9mx2x18h,2025-08-03,database,12.1669,238.0,4.2414,12.0554,6,0,0
org_9mx2x18h,2025-08-04,compute,2.3449,0,0,27.5304,3,0,0
org_9mx2x18h,2025-08-04,database,22.4683,474.0,2.6793,1.0435,6,0,0
org_9mx2x18h,2025-08-05,compute,11.0603,132.0,0,31.8933,3,0,0
org_9mx2x18h,2025-08-05,database,8.1194,122.0,3.957,9.3127,3,0,0
org_9mx2x18h,2025-08-06,database,13.3249,248.0,3.5461,3.7656,6,0,0
org_9mx2x18h,2025-08-06,networking,2.5907,213.0,0,14.3596,3,0,0
org_9mx2x18h,2025-08-07,database,19.4770,359.0,4.138,27.7834,6,0,0
org_9mx2x18h,2025-08-07,networking,4.1117,368.0,0,0,3,0,0
org_9mx2x18h,2025-08-08,compute,29.9610,353.0,0,0,3,0,0
org_9mx2x18h,2025-08-08,networking,1.6186,122.0,0,26.2291,3,0,0
org_9mx2x18h,2025-08-09,database,7.4680,130.0,0,30.5962,3,0,0
org_9mx2x18h,2025-08-09,networking,2.6282,247.0,0,20.259,3,0,0
org_9mx2x18h,2025-08-10,compute,18.9447,235.0,0,10.4863,3,0,0
org_9mx2x18h,2025-08-10,database,147.3464,221.0,1.2626,26.9389,6,0,0
org_9mx2x18h,2025-08-11,database,0.2583,0,0.593,4.4310,3,0,0
org_9mx2x18h,2025-08-12,database,20.3556,237.0,0,0,3,1,0
org_9mx2x18h,2025-08-12,networking,0.2166,0,3.3336,15.883,3,0,0
org_9mx2x18h,2025-08-13,compute,20.4726,234.0,0,6.0734,3,0,0
org_9mx2x18h,2025-08-13,database,10.3190,216.0,0,0.0,3,0,0
org_9mx2x18h,2025-08-14,compute,18.7544,248.0,0,5.6827,3,0,0
org_9mx2x18h,2025-08-14,database,0.8098,0,0,1.6707,3,1,0
org_9mx2x18h,2025-08-15,database,14.3418,248.0,0.8897,0,3,0,0
org_9mx2x18h,2025-08-15,networking,3.6834,363.0,0,0,3,0,0
org_9mx2x18h,2025-08-16,networking,1.5133,123.0,2.5858,9.36,3,0,0
org_9mx2x18h,2025-08-17,compute,10.0887,103.0,2.5023,0.0,3,0,0
org_9mx2x18h,2025-08-17,database,13.4450,255.0,3.2816,4.2335,6,0,0
org_9mx2x18h,2025-08-17,networking,1.6388,123.0,3.2425,38.1652,3,0,0
org_9mx2x18h,2025-08-18,networking,0.1176,0,3.2021,9.077,3,0,0
org_9mx2x18h,2025-08-19,database,15.7210,363.0,0,0,3,0,0
org_9mx2x18h,2025-08-20,compute,15.9880,230.0,1.8126,0,3,0,0
org_9mx2x18h,2025-08-20,database,7.4422,128.0,3.866,21.5722,3,0,0
org_9mx2x18h,2025-08-21,compute,14.1340,361.0,0,0,3,0,1
org_9mx2x18h,2025-08-21,database,3.5734,118.0,1.065,2.2143,3,0,0
org_9mx2x18h,2025-08-21,networking,2.2410,246.0,0,0.0,3,0,0
org_9mx2x18h,2025-08-22,compute,20.6708,262.0,0,19.0535,3,0,0
org_9mx2x18h,2025-08-22,database,11.2674,225.0,3.1798,15.4938,6,0,0
org_9mx2x18h,2025-08-22,networking,3.0872,264.0,0,11.6233,3,0,0
org_9mx2x18h,2025-08-23,compute,9.6931,111.0,2.3105,2.3528,3,0,0
org_9mx2x18h,2025-08-23,database,10.1458,203.0,4.4158,24.3940,6,0,0
org_9mx2x18h,2025-08-23,networking,1.2396,122.0,3.0445,12.4736,3,0,0
org_9mx2x18h,2025-08-24,compute,10.5398,128.0,6.4317,0,3,0,0
org_9mx2x18h,2025-08-24,database,11.5541,222.0,0,0.4095,3,0,0
org_9mx2x18h,2025-08-24,networking,2.7353,249.0,0,12.7248,3,0,0
org_9mx2x18h,2025-08-25,compute,9.2139,127.0,2.2988,4.9897,3,0,0
org_9mx2x18h,2025-08-25,database,4.0735,121.0,7.4658,0,6,0,0
org_9mx2x18h,2025-08-26,networking,2.2395,236.0,1.3872,0,3,0,0
org_9mx2x18h,2025-08-27,compute,3.3979,0,1.7267,44.0051,3,0,0
org_9mx2x18h,2025-08-27,database,8.3689,138.0,0.687,45.7954,6,1,0
org_9mx2x18h,2025-08-27,networking,1.4675,123.0,0.0,0,3,1,0
org_9mx2x18h,2025-08-28,compute,1.2195,0,0.0,13.2409,3,0,0
org_9mx2x18h,2025-08-28,database,34.9136,636.0,1.7694,0,6,0,0
org_9mx2x18h,2025-08-28,networking,0.1137,0,1.1754,6.9396,3,1,0
org_9mx2x18h,2025-08-29,compute,0.7871,0,8.9067,0,3,0,0
org_9mx2x18h,2025-08-29,database,22.6415,443.0,0,22.8922,6,0,0
org_9mx2x18h,2025-08-30,database,7.2438,128.0,3.247,17.9142,3,0,0
org_9mx2x18h,2025-08-31,compute,10.5079,128.0,0.2034,15.1373,3,0,0
org_9mx2x18h,2025-08-31,database,12.8471,226.0,12.0980,0,6,0,0
org_9t84azyt,2025-07-03,database,12.2671,112.0,3.3786,99.5814,9,0,0
org_9t84azyt,2025-07-03,networking,2.2465,224.0,1.9876,0,3,0,0
org_9t84azyt,2025-07-03,storage,8.6674,388.0,0,0,3,0,0
org_9t84azyt,2025-07-04,database,11.9515,221.0,3.6722,33.8201,6,0,0
org_9t84azyt,2025-07-04,networking,1.9599,231.0,0.0,0,3,0,0
org_9t84azyt,2025-07-04,storage,4.7896,268.0,0,0.2601,3,0,0
org_9t84azyt,2025-07-05,database,24.7740,351.0,1.6458,17.3908,6,1,0
org_9t84azyt,2025-07-05,storage,0.6326,0,3.2106,27.9502,3,0,0
org_9t84azyt,2025-07-06,database,13.4220,229.0,0,6.3718,3,0,0
org_9t84azyt,2025-07-06,networking,2.5748,226.0,0,0.8424,3,0,0
org_9t84azyt,2025-07-07,database,12.6635,123.0,4.345,39.5691,9,2,0
org_9t84azyt,2025-07-07,networking,1.3381,118.0,1.5946,5.4868,3,0,0
org_9t84azyt,2025-07-08,database,6.0607,115.0,4.8536,23.4053,6,0,0
org_9t84azyt,2025-07-08,networking,1.0933,111.0,0.1597,17.4839,3,0,0
org_9t84azyt,2025-07-08,storage,4.9886,237.0,0,3.4301,3,0,0
org_9t84azyt,2025-07-09,networking,2.6067,253.0,0,0.0,3,0,0
org_9t84azyt,2025-07-10,database,18.8392,391.0,4.6229,28.1527,9,0,0
org_9t84azyt,2025-07-10,networking,2.7978,247.0,0,1.7563,3,0,0
org_9t84azyt,2025-07-10,storage,3.0682,138.0,2.7944,2.9959,3,0,0
org_9t84azyt,2025-07-11,database,25.6722,486.0,2.2469,29.0045,9,0,0
org_9t84azyt,2025-07-11,networking,1.6436,128.0,0,26.0343,3,0,0
org_9t84azyt,2025-07-12,database,11.4443,229.0,2.8039,22.3632,6,0,0
org_9t84azyt,2025-07-12,networking,2.2381,230.0,0,0.0,3,0,0
org_9t84azyt,2025-07-12,storage,2.8010,115.0,4.109,4.3595,3,0,0
org_9t84azyt,2025-07-13,database,23.4497,454.0,0,28.4723,6,0,0
org_9t84azyt,2025-07-13,networking,2.7825,254.0,0,22.8269,3,0,0
org_9t84azyt,2025-07-15,database,7.2627,127.0,0.9689,37.1751,6,0,0
org_9t84azyt,2025-07-15,networking,1.9407,209.0,0,2.6249,3,0,0
org_9t84azyt,2025-07-15,storage,3.7852,130.0,0.0,19.1662,3,0,0
org_9t84azyt,2025-07-16,database,6.7150,119.0,2.9474,16.8141,3,0,0
org_9t84azyt,2025-07-16,storage,0.6256,0,3.3333,27.2631,3,0,0
org_9t84azyt,2025-07-17,database,22.2520,448.0,2.2748,0,6,0,0
org_9t84azyt,2025-07-17,storage,0.4945,0,1.9758,23.7214,3,0,0
org_9t84azyt,2025-07-18,database,13.5028,243.0,0,3.576,3,0,0
org_9t84azyt,2025-07-19,database,0.2158,0,4.5056,0,3,0,0
org_9t84azyt,2025-07-19,networking,1.2816,112.0,3.4591,14.0052,3,0,0
org_9t84azyt,2025-07-20,database,19.6327,256.0,0,0,3,1,0
org_9t84azyt,2025-07-20,storage,0.4996,0,1.8252,22.7457,3,0,0
org_9t84azyt,2025-07-21,database,6.7354,117.0,0.7446,1.982,3,0,0
org_9t84azyt,2025-07-21,networking,2.0011,244.0,0.6652,0,3,0,0
org_9t84azyt,2025-07-21,storage,1.9398,106.0,4.6773,0,3,0,0
org_9t84azyt,2025-07-22,database,33.2158,612.0,1.8344,0,6,0,0
org_9t84azyt,2025-07-22,networking,1.9447,217.0,1.0028,0,3,0,0
org_9t84azyt,2025-07-22,storage,2.1203,108.0,0.5799,18.375,3,0,0
org_9t84azyt,2025-07-23,database,8.2282,131.0,6.4346,0,3,0,0
org_9t84azyt,2025-07-23,networking,0.0211,0,1.7414,0,3,0,0
org_9t84azyt,2025-07-24,database,28.4295,603.0,4.6954,0,6,0,0
org_9t84azyt,2025-07-24,storage,4.4930,241.0,0,4.6647,3,0,0
org_9t84azyt,2025-07-25,database,18.5465,343.0,0,0,3,0,0
org_9t84azyt,2025-07-25,storage,2.4159,124.0,1.7437,0,3,0,0
org_9t84azyt,2025-07-26,database,7.0011,124.0,4.5571,4.4859,3,0,0
org_9t84azyt,2025-07-26,storage,4.0796,234.0,3.243,0,3,0,0
org_9t84azyt,2025-07-27,database,12.1073,207.0,1.3344,47.7270,6,0,0
org_9t84azyt,2025-07-27,networking,0.2279,0,3.014,17.9191,3,0,0
org_9t84azyt,2025-07-28,database,9.8810,144.0,0,22.9047,3,0,0
org_9t84azyt,2025-07-28,networking,1.3690,118.0,4.0954,19.1947,3,0,0
org_9t84azyt,2025-07-29,networking,1.2999,112.0,1.6754,12.4678,3,0,0
org_9t84azyt,2025-07-29,storage,5.0492,241.0,0.0,0,3,0,0
org_9t84azyt,2025-07-30,database,13.8062,256.0,4.8855,12.8854,6,0,0
org_9t84azyt,2025-07-30,networking,1.574,119.0,0,17.7855,3,0,0
org_9t84azyt,2025-07-30,storage,5.1362,230.0,0,11.2057,3,0,0
org_9t84azyt,2025-07-31,database,12.5029,224.0,0,0.0,3,0,0
org_9t84azyt,2025-07-31,networking,1.3906,124.0,0.018,4.1226,3,0,0
org_9t84azyt,2025-08-01,database,34.5691,461.0,2.0645,32.4889,9,1,0
org_9t84azyt,2025-08-01,networking,2.3848,237.0,0,24.1743,3,0,0
org_9t84azyt,2025-08-02,database,5.1776,117.0,4.9634,0,3,0,0
org_9t84azyt,2025-08-02,networking,3.6018,364.0,0,0,3,0,0
org_9t84azyt,2025-08-02,storage,3.7343,225.0,0,0.0,3,0,0
org_9t84azyt,2025-08-03,database,20.1871,355.0,1.313,22.3155,6,0,0
org_9t84azyt,2025-08-03,networking,2.1651,209.0,0,14.0943,3,0,0
org_9t84azyt,2025-08-04,database,7.6763,138.0,0,3.3662,3,0,0
org_9t84azyt,2025-08-05,database,16.3078,310.0,6.9902,11.0191,6,0,0
org_9t84azyt,2025-08-05,networking,2.3240,220.0,0,15.7894,3,0,0
org_9t84azyt,2025-08-05,storage,3.4306,127.0,0.0,15.8253,3,0,0
org_9t84azyt,2025-08-06,database,12.3136,255.0,3.8855,24.6727,6,0,0
org_9t84azyt,2025-08-06,networking,0.9080,112.0,1.3646,0,3,0,0
org_9t84azyt,2025-08-06,storage,6.7648,332.0,0,0,3,0,0
org_9t84azyt,2025-08-07,database,10.766,266.0,0.0,0,3,0,0
org_9t84azyt,2025-08-07,networking,3.8557,410.0,0,0,3,0,0
org_9t84azyt,2025-08-07,storage,6.0968,251.0,0,18.7112,3,0,0
org_9t84azyt,2025-08-08,database,13.5833,233.0,3.6825,37.1491,6,0,0
org_9t84azyt,2025-08-09,storage,6.0143,348.0,0,0,3,0,0
org_9t84azyt,2025-08-10,database,28.8304,521.0,0.2719,12.6548,6,0,0
org_9t84azyt,2025-08-10,storage,2.6170,126.0,1.9259,0.0,3,0,0
org_9t84azyt,2025-08-11,database,16.4576,325.0,0.1234,20.6218,6,0,0
org_9t84azyt,2025-08-12,database,14.2479,273.0,1.5338,19.7767,6,0,0
org_9t84azyt,2025-08-12,networking,1.4748,112.0,5.9876,0,3,0,0
org_9t84azyt,2025-08-12,storage,1.922,116.0,0.3943,0.0,3,0,0
org_9t84azyt,2025-08-13,database,0.1047,0,1.4287,0.6107,3,0,0
org_9t84azyt,2025-08-13,networking,3.7066,354.0,0,0,3,0,0
org_9t84azyt,2025-08-14,database,5.8391,108.0,2.1016,0,3,1,0
org_9t84azyt,2025-08-15,database,13.3660,231.0,0,5.9576,3,0,0
org_9t84azyt,2025-08-15,networking,2.6826,233.0,0,4.1421,3,0,0
org_9t84azyt,2025-08-16,database,9.7630,112.0,1.6171,55.4834,6,0,0
org_9t84azyt,2025-08-16,storage,2.3187,119.0,0.0,3.8338,3,0,0
org_9t84azyt,2025-08-17,database,5.2023,113.0,1.3423,10.2676,3,0,0
org_9t84azyt,2025-08-17,storage,0.1153,0,4.8775,0,3,0,0
org_9t84azyt,2025-08-18,database,18.5221,392.0,0,0,3,0,0
org_9t84azyt,2025-08-18,networking,2.3714,245.0,0,0.6056,3,0,0
org_9t84azyt,2025-08-18,storage,2.8088,120.0,0,28.1793,3,0,0
org_9t84azyt,2025-08-19,database,18.1630,383.0,11.5487,2.1924,9,0,0
org_9t84azyt,2025-08-19,storage,3.5329,126.0,0,27.3352,3,0,0
org_9t84azyt,2025-08-20,database,13.9754,228.0,3.7758,48.1243,9,0,0
org_9t84azyt,2025-08-20,storage,4.9078,255.0,2.4755,0,3,0,0
org_9t84azyt,2025-08-21,database,6.9335,118.0,2.4784,10.7547,3,0,0
org_9t84azyt,2025-08-21,networking,2.0359,214.0,0,13.3015,3,0,0
org_9t84azyt,2025-08-22,database,11.1859,222.0,3.2461,11.6157,6,0,0
org_9t84azyt,2025-08-22,networking,1.6326,122.0,0.4187,24.4312,3,0,0
org_9t84azyt,2025-08-22,storage,0.7306,0,1.9763,30.514,3,0,0
org_9t84azyt,2025-08-23,database,147.5435,234.0,2.1692,28.6811,6,0,0
org_9t84azyt,2025-08-23,networking,1.4257,122.0,0,36.3113,3,0,0
org_9t84azyt,2025-08-24,database,23.1370,466.0,1.6469,9.4745,6,0,0
org_9t84azyt,2025-08-24,networking,0.2172,0,3.323,22.4736,3,0,0
org_9t84azyt,2025-08-25,database,20.2503,326.0,0,25.5079,6,0,0
org_9t84azyt,2025-08-25,networking,2.6067,245.0,0,0.0,3,0,0
org_9t84azyt,2025-08-25,storage,6.8266,350.0,0,0,3,0,0
org_9t84azyt,2025-08-26,database,22.5485,444.0,0.5993,24.1832,9,0,0
org_9t84azyt,2025-08-26,networking,1.2358,114.0,0.5013,9.6063,3,0,0
org_9t84azyt,2025-08-26,storage,8.6942,366.0,0,0,3,0,0
org_9t84azyt,2025-08-27,database,4.8221,100.0,0,14.6231,3,0,0
org_9t84azyt,2025-08-28,database,37.6552,681.0,0,21.7087,9,1,0
org_9t84azyt,2025-08-28,storage,5.8303,348.0,0,0,3,0,0
org_9t84azyt,2025-08-29,storage,2.2525,109.0,2.2125,4.1867,3,0,0
org_9t84azyt,2025-08-30,database,19.9633,366.0,0,0,3,0,0
org_9t84azyt,2025-08-30,networking,0.3419,0,0,31.2126,3,0,0
org_9t84azyt,2025-08-30,storage,4.8751,251.0,0,13.055,3,0,0
org_9t84azyt,2025-08-31,database,24.2363,500.0,0,20.7188,6,0,0
org_9t84azyt,2025-08-31,networking,1.7117,128.0,1.2354,12.9018,3,0,0
org_a7tz0ync,2025-07-03,analytics,17.4400,141.0,2.9481,0,3,1,0
org_a7tz0ync,2025-07-03,genai,18.1015,121.0,0,31.2748,3,0,0
org_a7tz0ync,2025-07-03,storage,2.7411,130.0,1.5989,0.4918,3,0,0
org_a7tz0ync,2025-07-04,analytics,9.0570,107.0,0,14.6199,3,0,0
org_a7tz0ync,2025-07-04,genai,32.9388,230.0,0,7.8791,3,0,0
org_a7tz0ync,2025-07-05,genai,13.2201,0,0,15.4224,3,1,0
org_a7tz0ync,2025-07-06,analytics,9.2067,132.0,1.1579,0,3,0,0
org_a7tz0ync,2025-07-06,genai,26.5136,213.0,0,8.3666,3,0,0
org_a7tz0ync,2025-07-07,genai,30.7426,251.0,0.3929,0,3,0,0
org_a7tz0ync,2025-07-08,genai,52.9200,450.0,4.2663,0,6,0,0
org_a7tz0ync,2025-07-09,analytics,12.4757,127.0,6.5423,0,3,0,0
org_a7tz0ync,2025-07-09,compute,10.4989,115.0,0,34.4111,3,0,0
org_a7tz0ync,2025-07-09,genai,15.0208,124.0,0.0,26.4787,3,0,0
org_a7tz0ync,2025-07-09,storage,0.1834,0,0.9492,8.0079,3,0,0
org_a7tz0ync,2025-07-10,compute,10.9258,121.0,0.0,12.3726,3,0,0
org_a7tz0ync,2025-07-10,genai,16.5128,127.0,3.702,0.0,3,0,0
org_a7tz0ync,2025-07-10,storage,0.3289,0,3.1040,14.4322,3,0,0
org_a7tz0ync,2025-07-11,compute,22.3159,265.0,3.9883,0,3,0,0
org_a7tz0ync,2025-07-11,genai,76.8148,636.0,0,0,6,1,0
org_a7tz0ync,2025-07-11,storage,2.6861,119.0,0,12.9193,3,0,0
org_a7tz0ync,2025-07-12,analytics,15.3899,232.0,0,19.5508,3,0,0
org_a7tz0ync,2025-07-12,genai,42.4504,366.0,0.0,32.0848,6,0,0
org_a7tz0ync,2025-07-13,analytics,9.8426,118.0,1.0965,0,3,0,0
org_a7tz0ync,2025-07-13,genai,1.3873,0,3.4893,10.6705,3,0,0
org_a7tz0ync,2025-07-14,compute,23.4571,239.0,1.3939,0,3,0,0
org_a7tz0ync,2025-07-14,genai,16.9267,110.0,0,18.6325,3,0,0
org_a7tz0ync,2025-07-14,storage,1.7568,99.0,5.3423,0,3,0,0
org_a7tz0ync,2025-07-15,analytics,2.5129,0,1.842,32.8003,3,0,0
org_a7tz0ync,2025-07-15,genai,26.1098,228.0,3.3445,5.5293,6,0,0
org_a7tz0ync,2025-07-15,storage,5.5377,263.0,0,14.8622,3,0,0
org_a7tz0ync,2025-07-16,compute,9.6184,111.0,0.671,1.9097,3,0,0
org_a7tz0ync,2025-07-16,genai,1.6388,0,4.8414,8.3362,3,0,0
org_a7tz0ync,2025-07-16,storage,0.1628,0,3.951,3.2283,3,0,0
org_a7tz0ync,2025-07-17,analytics,15.9173,233.0,0,12.5718,3,0,0
org_a7tz0ync,2025-07-17,compute,1.6279,0,0.1132,21.8394,3,0,0
org_a7tz0ync,2025-07-17,genai,0.2779,0,1.9149,0,3,1,0
org_a7tz0ync,2025-07-18,compute,15.1243,244.0,0,1.9824,3,0,0
org_a7tz0ync,2025-07-18,genai,59.4962,467.0,2.7180,0,6,0,0
org_a7tz0ync,2025-07-19,analytics,14.7003,242.0,0.0,0,3,0,0
org_a7tz0ync,2025-07-19,compute,11.7304,115.0,0,39.4261,3,0,0
org_a7tz0ync,2025-07-19,genai,30.3299,240.0,4.2727,0,3,0,0
org_a7tz0ync,2025-07-19,storage,3.6994,130.0,0,31.5016,3,0,0
org_a7tz0ync,2025-07-20,compute,19.6675,241.0,0,0.0,3,0,0
org_a7tz0ync,2025-07-20,genai,16.6137,119.0,0.0,0,3,1,0
org_a7tz0ync,2025-07-21,genai,24.0502,232.0,0,10.9265,3,0,0
org_a7tz0ync,2025-07-22,storage,3.1821,108.0,0,18.4307,3,0,0
org_a7tz0ync,2025-07-23,compute,17.3928,226.0,0.0,0,3,0,0
org_a7tz0ync,2025-07-23,genai,19.8412,131.0,2.2121,0.0,3,0,0
org_a7tz0ync,2025-07-23,storage,2.4525,116.0,3.0302,0,3,0,0
org_a7tz0ync,2025-07-24,genai,14.3145,110.0,2.1686,0,3,0,0
org_a7tz0ync,2025-07-24,storage,1.6085,0,0,9.8982,3,1,0
org_a7tz0ync,2025-07-25,compute,26.8926,357.0,0,0,3,0,0
org_a7tz0ync,2025-07-25,genai,17.4919,119.0,0,28.5455,3,0,0
org_a7tz0ync,2025-07-26,genai,22.8503,139.0,7.0474,29.5051,6,0,0
org_a7tz0ync,2025-07-26,storage,2.6442,123.0,0,39.0547,3,0,0
org_a7tz0ync,2025-07-27,analytics,10.0582,113.0,0,31.0963,3,0,0
org_a7tz0ync,2025-07-27,genai,15.5266,109.0,0,32.1167,3,0,0
org_a7tz0ync,2025-07-27,storage,8.1439,350.0,0,0,3,0,0
org_a7tz0ync,2025-07-28,analytics,2.1935,0,4.1267,28.0631,3,0,0
org_a7tz0ync,2025-07-28,compute,25.7622,355.0,0,0,3,0,0
org_a7tz0ync,2025-07-28,genai,17.7383,109.0,0,14.593,3,0,0
org_a7tz0ync,2025-07-28,storage,0.1194,0,5.2416,0,3,0,0
org_a7tz0ync,2025-07-29,analytics,10.4433,104.0,0,37.3295,3,0,0
org_a7tz0ync,2025-07-29,compute,32.5128,257.0,0,0,3,1,0
org_a7tz0ync,2025-07-29,genai,57.3059,501.0,1.1361,6.8873,6,0,0
org_a7tz0ync,2025-07-29,storage,5.0670,234.0,2.2724,0,3,0,0
org_a7tz0ync,2025-07-30,analytics,10.5558,147.0,2.065,10.7025,3,0,0
org_a7tz0ync,2025-07-30,compute,2.7507,0,1.1324,28.7308,3,0,0
org_a7tz0ync,2025-07-30,genai,44.2156,382.0,0,0,3,0,0
org_a7tz0ync,2025-07-30,storage,5.0445,233.0,2.3201,0,3,0,0
org_a7tz0ync,2025-07-31,analytics,18.2016,229.0,0,23.9261,3,0,0
org_a7tz0ync,2025-07-31,genai,17.8352,107.0,2.7746,14.7294,6,0,0
org_a7tz0ync,2025-07-31,storage,2.1941,109.0,2.1474,7.2665,3,0,0
org_a7tz0ync,2025-08-01,compute,9.1905,110.0,1.4331,2.2805,3,0,0
org_a7tz0ync,2025-08-01,storage,2.6635,123.0,1.2439,21.6126,3,0,0
org_a7tz0ync,2025-08-02,analytics,17.7664,254.0,1.3969,0,3,0,0
org_a7tz0ync,2025-08-02,compute,17.0336,190.0,0,0.0,3,0,0
org_a7tz0ync,2025-08-02,genai,34.0627,240.0,2.472,32.8807,6,0,0
org_a7tz0ync,2025-08-02,storage,4.9463,253.0,0,14.3437,3,0,0
org_a7tz0ync,2025-08-03,analytics,18.0961,234.0,0,17.9389,3,0,0
org_a7tz0ync,2025-08-03,compute,11.1707,117.0,6.2203,0,3,0,0
org_a7tz0ync,2025-08-03,genai,46.4105,328.0,0,0,3,0,0
org_a7tz0ync,2025-08-04,analytics,23.8675,354.0,0,0,3,0,0
org_a7tz0ync,2025-08-04,compute,9.6211,121.0,2.3642,20.7797,3,0,0
org_a7tz0ync,2025-08-04,genai,47.4606,210.0,4.5268,26.3502,6,1,0
org_a7tz0ync,2025-08-04,storage,7.2897,348.0,0,0,3,0,0
org_a7tz0ync,2025-08-05,analytics,16.4692,232.0,0.0,0,3,0,0
org_a7tz0ync,2025-08-05,genai,24.9850,241.0,0,4.1655,3,0,0
org_a7tz0ync,2025-08-05,storage,2.3244,108.0,3.8406,0,3,1,0
org_a7tz0ync,2025-08-06,analytics,9.5395,117.0,0,20.3936,3,0,0
org_a7tz0ync,2025-08-06,compute,9.6972,117.0,2.8437,0,3,0,0
org_a7tz0ync,2025-08-06,genai,29.6796,246.0,3.5154,10.9532,6,0,0
org_a7tz0ync,2025-08-07,analytics,8.2265,116.0,0,18.4885,3,0,0
org_a7tz0ync,2025-08-07,compute,20.1777,253.0,0.0,0,3,0,0
org_a7tz0ync,2025-08-07,genai,15.2593,98.0,6.7257,10.6241,6,0,0
org_a7tz0ync,2025-08-08,compute,10.1393,135.0,0,15.6049,3,0,0
org_a7tz0ync,2025-08-08,genai,34.6821,246.0,1.2772,52.0943,6,0,0
org_a7tz0ync,2025-08-08,storage,5.6576,250.0,0.0,0,3,0,0
org_a7tz0ync,2025-08-09,compute,7.2126,128.0,2.6529,0.0,3,0,0
org_a7tz0ync,2025-08-09,genai,40.6753,355.0,0,0,3,0,0
org_a7tz0ync,2025-08-10,compute,26.6686,349.0,0,0,3,0,0
org_a7tz0ync,2025-08-10,genai,4.3665,0,0,34.4389,3,0,0
org_a7tz0ync,2025-08-10,storage,4.1640,225.0,0,1.0366,3,0,0
org_a7tz0ync,2025-08-11,analytics,30.6130,372.0,0,0,3,0,0
org_a7tz0ync,2025-08-11,compute,11.2891,120.0,1.821,0.0,3,0,0
org_a7tz0ync,2025-08-11,genai,0.7597,0,6.4346,0,3,0,0
org_a7tz0ync,2025-08-11,storage,2.2952,100.0,6.1005,0,3,0,0
org_a7tz0ync,2025-08-12,analytics,12.1574,138.0,0,3.3156,3,1,0
org_a7tz0ync,2025-08-12,compute,18.1844,222.0,0,1.3739,3,0,0
org_a7tz0ync,2025-08-12,genai,51.0010,449.0,0,17.4055,6,1,0
org_a7tz0ync,2025-08-13,compute,2.6313,0,5.4224,34.4892,3,0,0
org_a7tz0ync,2025-08-13,genai,36.3374,121.0,1.694,0,3,1,0
org_a7tz0ync,2025-08-14,analytics,9.9683,126.0,3.6818,0,3,0,0
org_a7tz0ync,2025-08-14,compute,26.1826,353.0,0,0,3,0,0
org_a7tz0ync,2025-08-14,genai,28.1544,252.0,0,7.3473,3,0,0
org_a7tz0ync,2025-08-14,storage,5.2174,259.0,1.6615,0,3,0,0
org_a7tz0ync,2025-08-15,analytics,7.0696,119.0,0.1248,0,3,1,0
org_a7tz0ync,2025-08-15,genai,48.5016,358.0,0,34.0896,6,1,0
org_a7tz0ync,2025-08-16,analytics,24.9613,350.0,0,0,3,0,0
org_a7tz0ync,2025-08-16,genai,30.7645,220.0,0,27.2085,3,0,0
org_a7tz0ync,2025-08-17,genai,21.1697,126.0,1.6397,55.4769,6,0,0
org_a7tz0ync,2025-08-18,analytics,1.7281,0,0,28.0612,3,0,0
org_a7tz0ync,2025-08-18,compute,11.8982,119.0,0,24.3204,3,0,0
org_a7tz0ync,2025-08-18,genai,27.2677,233.0,0,16.2002,3,0,0
org_a7tz0ync,2025-08-18,storage,6.8304,358.0,0,0,3,0,0
org_a7tz0ync,2025-08-19,analytics,10.2250,112.0,0,29.8358,3,0,0
org_a7tz0ync,2025-08-19,compute,9.0521,111.0,0.9974,1.3104,3,0,0
org_a7tz0ync,2025-08-19,genai,58.9078,493.0,0,5.0267,6,1,0
org_a7tz0ync,2025-08-19,storage,4.2143,241.0,0.8658,0,3,0,0
org_a7tz0ync,2025-08-20,compute,21.8296,243.0,4.0001,0,3,0,0
org_a7tz0ync,2025-08-20,genai,45.3860,380.0,0,22.5319,6,0,0
org_a7tz0ync,2025-08-21,genai,18.1564,120.0,0,1.9981,3,1,0
org_a7tz0ync,2025-08-21,storage,5.1451,273.0,0,14.924,3,0,0
org_a7tz0ync,2025-08-22,compute,10.6842,123.0,0,32.5219,3,0,0
org_a7tz0ync,2025-08-22,genai,0.2755,0,1.994,0.0,3,0,0
org_a7tz0ync,2025-08-23,analytics,10.3002,120.0,6.5625,0,3,0,0
org_a7tz0ync,2025-08-23,compute,9.3321,130.0,0,11.1606,3,0,0
org_a7tz0ync,2025-08-23,genai,26.9957,125.0,0.4514,5.1487,3,0,0
org_a7tz0ync,2025-08-23,storage,4.0034,227.0,0.2749,0,3,0,0
org_a7tz0ync,2025-08-24,analytics,17.6056,265.0,0,10.0813,3,0,0
org_a7tz0ync,2025-08-24,genai,41.1407,377.0,0.0,0.0,6,0,0
org_a7tz0ync,2025-08-24,storage,3.4472,142.0,0,9.2014,3,1,0
org_a7tz0ync,2025-08-25,analytics,2.1502,0,4.2634,29.1226,3,0,0
org_a7tz0ync,2025-08-25,compute,12.6869,142.0,0.0,20.327,3,0,0
org_a7tz0ync,2025-08-25,genai,16.2121,134.0,0.1976,0.0,3,0,0
org_a7tz0ync,2025-08-25,storage,4.0765,129.0,0.0,0,3,1,0
org_a7tz0ync,2025-08-26,analytics,21.4494,352.0,0,0,3,0,0
org_a7tz0ync,2025-08-26,compute,0.9940,0,4.8357,8.5786,3,0,0
org_a7tz0ync,2025-08-26,genai,19.5122,123.0,1.1911,9.2101,3,0,0
org_a7tz0ync,2025-08-27,compute,21.0718,255.0,0,5.6892,3,0,0
org_a7tz0ync,2025-08-27,genai,23.3199,123.0,4.9213,16.324,3,0,0
org_a7tz0ync,2025-08-28,compute,10.9627,106.0,0,25.3725,3,0,0
org_a7tz0ync,2025-08-29,analytics,0.8437,0,2.4237,8.9584,3,0,0
org_a7tz0ync,2025-08-29,compute,17.5875,249.0,0,9.4049,3,0,0
org_a7tz0ync,2025-08-29,genai,32.1028,252.0,0,12.0456,3,0,0
org_a7tz0ync,2025-08-30,compute,8.9633,108.0,0.0,14.4324,3,0,0
org_a7tz0ync,2025-08-30,storage,5.1267,233.0,0,0,3,1,0
org_a7tz0ync,2025-08-31,compute,18.3697,232.0,1.2713,0,3,0,0
org_a7tz0ync,2025-08-31,storage,2.2696,125.0,0,10.6112,3,0,0
org_afeyuhz1,2025-07-03,compute,19.5466,229.0,2.8933,0,3,0,0
org_afeyuhz1,2025-07-03,storage,2.0158,130.0,1.9070,0,3,0,0
org_afeyuhz1,2025-07-04,compute,1.4631,0,4.5114,12.4776,3,0,0
org_afeyuhz1,2025-07-04,database,14.4864,249.0,0,14.6602,3,0,0
org_afeyuhz1,2025-07-05,compute,39.8075,472.0,0,12.3301,6,0,0
org_afeyuhz1,2025-07-05,storage,2.5954,119.0,0.0,9.5292,3,0,0
org_afeyuhz1,2025-07-06,compute,26.8887,357.0,0,0,3,0,0
org_afeyuhz1,2025-07-06,database,7.5047,127.0,2.6208,12.657,3,0,0
org_afeyuhz1,2025-07-07,compute,227.0940,593.0,3.1803,0,6,0,0
org_afeyuhz1,2025-07-07,database,0.2893,0,6.2843,0,3,0,0
org_afeyuhz1,2025-07-07,storage,0.3972,0,2.6786,16.5641,3,0,0
org_afeyuhz1,2025-07-08,compute,7.6720,104.0,1.2358,15.1469,3,0,0
org_afeyuhz1,2025-07-08,database,0.3873,0,2.5048,6.766,3,0,0
org_afeyuhz1,2025-07-09,compute,23.9317,243.0,3.446,0,3,0,0
org_afeyuhz1,2025-07-09,database,6.5042,120.0,1.2188,0,3,0,0
org_afeyuhz1,2025-07-09,storage,6.0308,251.0,0.0,0,3,0,0
org_afeyuhz1,2025-07-10,storage,6.8389,366.0,0,0,3,0,0
org_afeyuhz1,2025-07-11,compute,29.7980,365.0,2.4401,15.7146,6,0,0
org_afeyuhz1,2025-07-11,storage,6.8920,367.0,0,0,3,0,0
org_afeyuhz1,2025-07-12,compute,14.2062,143.0,4.2451,17.836,3,0,0
org_afeyuhz1,2025-07-13,compute,1.3953,0,3.4578,14.7177,3,0,0
org_afeyuhz1,2025-07-13,database,13.7425,241.0,0,13.4486,3,0,0
org_afeyuhz1,2025-07-14,compute,3.3245,0,0,37.4121,3,0,0
org_afeyuhz1,2025-07-14,database,6.6972,110.0,0,31.0848,3,0,0
org_afeyuhz1,2025-07-14,storage,4.5149,240.0,0,0.0,3,0,0
org_afeyuhz1,2025-07-15,compute,18.0307,237.0,0,5.7302,3,0,0
org_afeyuhz1,2025-07-15,database,6.4683,114.0,0.5204,11.5751,3,0,0
org_afeyuhz1,2025-07-16,compute,18.0183,224.0,0,13.4269,3,0,0
org_afeyuhz1,2025-07-16,database,16.5618,375.0,0,0,3,0,0
org_afeyuhz1,2025-07-16,storage,4.9016,263.0,2.2466,0,3,0,0
org_afeyuhz1,2025-07-17,compute,19.9609,228.0,0,11.3928,3,0,0
org_afeyuhz1,2025-07-17,storage,5.5569,244.0,0,13.6174,3,0,0
org_afeyuhz1,2025-07-18,database,18.7539,360.0,0,0,3,0,0
org_afeyuhz1,2025-07-19,compute,33.6798,364.0,3.3188,7.29,6,0,0
org_afeyuhz1,2025-07-19,database,7.1382,108.0,4.8661,0,3,0,0
org_afeyuhz1,2025-07-19,storage,5.1267,213.0,0,13.1095,3,0,0
org_afeyuhz1,2025-07-20,compute,2.8659,0,7.7031,31.7578,6,0,0
org_afeyuhz1,2025-07-20,database,0.1564,0,3.1615,0.0,3,0,0
org_afeyuhz1,2025-07-21,compute,10.7038,121.0,12.2687,13.0301,6,0,0
org_afeyuhz1,2025-07-21,database,13.1319,240.0,0,10.7757,3,0,0
org_afeyuhz1,2025-07-21,storage,0.1719,0,2.6335,7.5465,3,0,0
org_afeyuhz1,2025-07-22,compute,22.9913,251.0,1.0485,17.0261,6,1,0
org_afeyuhz1,2025-07-22,storage,4.7961,241.0,0,0.0,3,0,0
org_afeyuhz1,2025-07-23,compute,34.5478,356.0,4.0889,23.1804,6,0,0
org_afeyuhz1,2025-07-23,database,6.9873,111.0,1.6504,0,3,0,0
org_afeyuhz1,2025-07-23,storage,4.7072,241.0,3.2871,0,3,0,0
org_afeyuhz1,2025-07-24,compute,31.4234,376.0,0,16.7659,6,1,0
org_afeyuhz1,2025-07-24,database,10.5598,217.0,0,0.0,3,0,0
org_afeyuhz1,2025-07-26,compute,0.2476,0,3.3982,0.0,3,0,0
org_afeyuhz1,2025-07-26,database,10.5922,234.0,0.0,0,3,0,0
org_afeyuhz1,2025-07-27,compute,35.6614,372.0,0,15.5487,6,0,0
org_afeyuhz1,2025-07-27,storage,2.1629,120.0,2.8373,0,3,0,0
org_afeyuhz1,2025-07-28,compute,12.9763,126.0,8.2896,18.6738,6,0,0
org_afeyuhz1,2025-07-28,storage,2.2699,108.0,2.4712,4.1932,3,0,0
org_afeyuhz1,2025-07-29,compute,-2.7747,258.0,1.1382,0,3,0,1
org_afeyuhz1,2025-07-29,storage,5.1646,260.0,0.7222,0,3,0,0
org_afeyuhz1,2025-07-30,compute,18.5659,239.0,0.0,0,3,0,0
org_afeyuhz1,2025-07-30,database,7.5269,133.0,0.0,21.0491,3,0,0
org_afeyuhz1,2025-07-30,storage,7.7948,358.0,0,0,3,0,0
org_afeyuhz1,2025-07-31,compute,48.2725,591.0,0,11.5213,6,0,0
org_afeyuhz1,2025-07-31,database,7.7578,0,3.6584,22.1598,3,1,0
org_afeyuhz1,2025-07-31,storage,0.4850,0,2.8607,18.9517,3,0,0
org_afeyuhz1,2025-08-01,compute,25.8110,253.0,5.7374,0,6,0,0
org_afeyuhz1,2025-08-01,storage,0.3082,0,5.3186,7.6398,3,0,0
org_afeyuhz1,2025-08-02,compute,22.3264,262.0,0,8.9266,3,0,0
org_afeyuhz1,2025-08-02,database,1.1500,0,0.0,19.6600,3,0,0
org_afeyuhz1,2025-08-02,storage,1.9912,111.0,3.7812,1.3578,3,0,0
org_afeyuhz1,2025-08-03,compute,43.4178,451.0,1.128,7.6265,6,0,0
org_afeyuhz1,2025-08-03,database,6.9025,137.0,2.2979,7.7954,3,0,0
org_afeyuhz1,2025-08-03,storage,4.0622,210.0,0,2.4546,3,0,0
org_afeyuhz1,2025-08-04,compute,31.2606,360.0,2.7794,11.5283,6,0,0
org_afeyuhz1,2025-08-04,database,0.6577,0,1.6296,12.2886,3,0,0
org_afeyuhz1,2025-08-04,storage,5.4853,252.0,0,14.8547,3,0,0
org_afeyuhz1,2025-08-05,compute,21.3873,252.0,4.7537,25.1700,6,0,0
org_afeyuhz1,2025-08-05,database,6.6121,114.0,4.3223,0.6968,3,0,0
org_afeyuhz1,2025-08-05,storage,0.3806,0,1.6085,17.5671,3,0,0
org_afeyuhz1,2025-08-06,compute,9.9180,120.0,2.1149,10.9533,3,0,0
org_afeyuhz1,2025-08-06,database,13.2821,247.0,0,0.0,3,0,0
org_afeyuhz1,2025-08-07,compute,243.2824,563.0,4.6836,0,6,0,0
org_afeyuhz1,2025-08-07,storage,0.2808,0,0.0,11.9903,3,0,0
org_afeyuhz1,2025-08-08,compute,16.4076,236.0,0,1.8656,3,0,0
org_afeyuhz1,2025-08-08,storage,4.1186,248.0,2.55,0,3,0,0
org_afeyuhz1,2025-08-09,compute,36.5218,508.0,0.0,5.851,6,0,0
org_afeyuhz1,2025-08-09,database,13.5789,238.0,0,17.8399,3,0,0
org_afeyuhz1,2025-08-09,storage,2.6330,0,0.0,17.3104,3,1,0
org_afeyuhz1,2025-08-10,compute,10.4620,115.0,2.9938,3.7611,3,0,0
org_afeyuhz1,2025-08-10,storage,2.1730,127.0,0,4.0618,3,0,0
org_afeyuhz1,2025-08-11,compute,9.3069,121.0,5.9664,26.8958,6,0,0
org_afeyuhz1,2025-08-11,storage,7.8778,366.0,0,0,3,0,0
org_afeyuhz1,2025-08-12,compute,20.6880,247.0,0.0,0,3,0,0
org_afeyuhz1,2025-08-13,compute,-8.6600,119.0,4.8441,26.4472,6,0,1
org_afeyuhz1,2025-08-13,database,9.3454,136.0,0,27.7951,3,0,0
org_afeyuhz1,2025-08-13,storage,7.5001,338.0,0,0,3,0,0
org_afeyuhz1,2025-08-14,compute,11.1166,101.0,0.6824,37.7878,6,0,0
org_afeyuhz1,2025-08-14,database,0.8963,0,4.0759,13.5704,3,0,0
org_afeyuhz1,2025-08-15,compute,28.7080,342.0,10.1687,0,6,0,0
org_afeyuhz1,2025-08-16,compute,18.3712,229.0,2.6586,0,3,0,0
org_afeyuhz1,2025-08-16,database,4.2934,103.0,7.7934,0,3,0,0
org_afeyuhz1,2025-08-17,database,11.5200,118.0,1.3981,0,3,1,0
org_afeyuhz1,2025-08-18,compute,9.8653,117.0,4.5128,0,3,0,0
org_afeyuhz1,2025-08-18,database,5.3066,122.0,7.5221,0,3,0,0
org_afeyuhz1,2025-08-18,storage,2.2299,113.0,1.8191,11.0913,3,0,0
org_afeyuhz1,2025-08-19,storage,2.4804,118.0,0.8935,10.7804,3,0,0
org_afeyuhz1,2025-08-20,compute,12.2005,132.0,9.1160,20.79,6,0,0
org_afeyuhz1,2025-08-20,storage,0.3202,0,1.5631,16.8479,3,0,0
org_afeyuhz1,2025-08-21,compute,19.8543,210.0,3.1518,15.7284,6,1,0
org_afeyuhz1,2025-08-21,database,0.7087,0,2.4076,10.6071,3,0,0
org_afeyuhz1,2025-08-21,storage,0.48,0,0,23.535,3,0,0
org_afeyuhz1,2025-08-22,compute,11.5742,116.0,0.0,28.2411,3,0,0
org_afeyuhz1,2025-08-22,database,12.9252,245.0,0,8.7401,3,0,0
org_afeyuhz1,2025-08-23,compute,9.5448,109.0,0,24.2828,3,0,0
org_afeyuhz1,2025-08-23,database,1.4994,0,3.8986,23.1174,3,0,0
org_afeyuhz1,2025-08-24,compute,26.8160,332.0,1.2374,37.7724,6,0,0
org_afeyuhz1,2025-08-24,database,5.8983,123.0,1.7278,0.0,3,0,0
org_afeyuhz1,2025-08-24,storage,2.7990,135.0,0,3.5012,3,0,0
org_afeyuhz1,2025-08-25,compute,16.2169,207.0,5.6278,7.8036,6,0,0
org_afeyuhz1,2025-08-25,storage,7.6461,250.0,0,0,3,1,0
org_afeyuhz1,2025-08-26,storage,2.9341,128.0,2.6673,0.0,3,0,0
org_afeyuhz1,2025-08-27,compute,41.5413,487.0,0,27.6823,6,0,0
org_afeyuhz1,2025-08-27,database,5.1528,120.0,0,24.3784,3,0,0
org_afeyuhz1,2025-08-27,storage,2.4842,107.0,0,5.7402,3,0,0
org_afeyuhz1,2025-08-28,compute,19.4197,245.0,1.9825,0,3,0,0
org_afeyuhz1,2025-08-28,database,11.8438,220.0,0,6.7751,3,0,0
org_afeyuhz1,2025-08-29,compute,17.4464,260.0,1.3529,0,3,0,0
org_afeyuhz1,2025-08-29,storage,5.5418,244.0,0,6.3841,3,0,0
org_afeyuhz1,2025-08-30,compute,23.5412,228.0,0,8.4692,3,0,0
org_afeyuhz1,2025-08-30,database,17.8478,379.0,0,0,3,0,0
org_afeyuhz1,2025-08-30,storage,5.8148,260.0,0,22.4113,3,0,0
org_afeyuhz1,2025-08-31,compute,23.9212,252.0,3.4474,12.6625,6,0,0
org_afeyuhz1,2025-08-31,database,7.2486,124.0,1.6224,0,3,0,0
org_afeyuhz1,2025-08-31,storage,2.9180,113.0,1.3043,0,3,0,0
org_axeqbnhl,2025-07-03,analytics,7.1020,0,0.2305,4.6481,3,1,0
org_axeqbnhl,2025-07-03,compute,19.9534,267.0,2.5413,0,3,0,0
org_axeqbnhl,2025-07-03,networking,3.0273,254.0,2.2602,0,3,0,0
org_axeqbnhl,2025-07-03,storage,2.2414,108.0,1.1229,13.7943,3,0,1
org_axeqbnhl,2025-07-04,networking,2.0850,101.0,0,4.7138,3,1,0
org_axeqbnhl,2025-07-04,storage,0.4054,0,3.884,15.9739,3,0,0
org_axeqbnhl,2025-07-05,compute,11.8024,133.0,0.4731,1.3349,3,0,0
org_axeqbnhl,2025-07-05,networking,3.9272,388.0,1.5447,5.6443,6,0,0
org_axeqbnhl,2025-07-05,storage,2.2594,111.0,0,21.8155,3,0,0
org_axeqbnhl,2025-07-06,analytics,14.7885,231.0,4.4843,0,3,0,0
org_axeqbnhl,2025-07-06,networking,2.5913,302.0,0,0,3,0,0
org_axeqbnhl,2025-07-06,storage,2.2085,119.0,4.2963,12.3146,3,0,0
org_axeqbnhl,2025-07-07,analytics,1.7123,0,17.3440,7.8495,6,0,0
org_axeqbnhl,2025-07-08,analytics,18.2618,245.0,0,11.592,3,0,0
org_axeqbnhl,2025-07-08,networking,6.0387,554.0,0,6.5262,6,0,0
org_axeqbnhl,2025-07-08,storage,2.6455,141.0,0,0.7062,3,1,0
org_axeqbnhl,2025-07-09,analytics,7.1227,103.0,1.4979,5.61,3,0,0
org_axeqbnhl,2025-07-09,compute,18.7283,254.0,0,16.4242,3,0,0
org_axeqbnhl,2025-07-09,networking,2.5704,229.0,1.8908,22.0222,6,0,0
org_axeqbnhl,2025-07-09,storage,5.8784,284.0,0,3.0374,3,0,0
org_axeqbnhl,2025-07-10,analytics,11.3630,131.0,6.7897,0.0,6,0,0
org_axeqbnhl,2025-07-10,compute,10.4601,131.0,1.8458,2.3842,3,0,0
org_axeqbnhl,2025-07-10,networking,4.5016,384.0,0,20.2390,6,0,0
org_axeqbnhl,2025-07-10,storage,0.3838,0,1.0473,0.0,3,1,0
org_axeqbnhl,2025-07-11,analytics,12.3776,116.0,0,28.2140,3,0,0
org_axeqbnhl,2025-07-11,networking,1.9832,108.0,0,5.3037,3,1,0
org_axeqbnhl,2025-07-12,analytics,8.2033,120.0,1.1796,0.2901,3,0,0
org_axeqbnhl,2025-07-12,networking,2.3764,227.0,0,0.0,3,0,0
org_axeqbnhl,2025-07-13,compute,8.6709,110.0,2.6782,1.9228,3,0,0
org_axeqbnhl,2025-07-13,networking,1.6832,125.0,3.8563,31.6963,6,0,0
org_axeqbnhl,2025-07-14,analytics,14.7936,229.0,1.1716,35.3844,6,0,0
org_axeqbnhl,2025-07-14,networking,1.1968,111.0,4.2881,0,3,0,0
org_axeqbnhl,2025-07-15,analytics,19.2301,236.0,0.0,23.0818,6,0,0
org_axeqbnhl,2025-07-15,networking,1.3645,114.0,4.5949,0,3,0,0
org_axeqbnhl,2025-07-15,storage,5.2294,241.0,0,21.6715,3,0,0
org_axeqbnhl,2025-07-16,analytics,10.1336,108.0,1.8753,18.901,3,0,0
org_axeqbnhl,2025-07-16,compute,11.3610,126.0,0,29.0448,3,0,0
org_axeqbnhl,2025-07-16,storage,4.4992,256.0,0,0.0,3,0,0
org_axeqbnhl,2025-07-17,compute,8.6996,104.0,4.8426,3.782,3,0,0
org_axeqbnhl,2025-07-17,networking,2.6340,245.0,1.4627,0,3,0,0
org_axeqbnhl,2025-07-17,storage,2.2552,116.0,3.4614,0.0,3,0,0
org_axeqbnhl,2025-07-18,analytics,9.7421,108.0,3.5531,22.6846,6,0,0
org_axeqbnhl,2025-07-18,networking,1.1596,117.0,0,25.6011,3,0,1
org_axeqbnhl,2025-07-19,networking,6.2616,603.0,0,13.8649,6,0,0
org_axeqbnhl,2025-07-19,storage,2.6527,145.0,2.3408,0,3,1,0
org_axeqbnhl,2025-07-20,analytics,20.8033,269.0,0,2.8894,3,0,0
org_axeqbnhl,2025-07-20,networking,4.6508,372.0,0,27.3100,6,0,0
org_axeqbnhl,2025-07-20,storage,5.3604,226.0,0,16.9702,3,0,0
org_axeqbnhl,2025-07-21,analytics,3.0501,0,0,40.8105,3,0,0
org_axeqbnhl,2025-07-21,compute,22.5715,256.0,0,3.2029,3,0,0
org_axeqbnhl,2025-07-21,networking,0.1748,0,0.6044,19.9809,3,0,0
org_axeqbnhl,2025-07-21,storage,0.7058,0,3.2196,33.3619,3,0,0
org_axeqbnhl,2025-07-22,analytics,9.9336,119.0,3.3855,0,3,0,0
org_axeqbnhl,2025-07-22,networking,5.2038,475.0,0,23.1334,6,0,0
org_axeqbnhl,2025-07-22,storage,1.9832,99.0,0,10.6475,3,0,0
org_axeqbnhl,2025-07-23,analytics,15.8749,241.0,0,1.6854,3,0,0
org_axeqbnhl,2025-07-23,networking,2.4609,241.0,0,7.1499,3,0,0
org_axeqbnhl,2025-07-23,storage,2.1052,105.0,4.0263,0,3,0,0
org_axeqbnhl,2025-07-24,networking,4.8441,473.0,3.0479,8.7337,6,0,0
org_axeqbnhl,2025-07-25,analytics,16.4401,243.0,0,7.4108,3,0,0
org_axeqbnhl,2025-07-25,networking,4.0691,334.0,0,0,3,0,0
org_axeqbnhl,2025-07-26,analytics,10.2447,113.0,2.7472,17.5638,3,0,0
org_axeqbnhl,2025-07-26,networking,1.4151,120.0,3.4664,12.8352,3,0,0
org_axeqbnhl,2025-07-26,storage,0.6883,0,0,38.6130,3,0,0
org_axeqbnhl,2025-07-27,analytics,30.9045,371.0,2.1078,13.6598,6,0,0
org_axeqbnhl,2025-07-27,networking,2.4233,235.0,0,3.381,3,0,0
org_axeqbnhl,2025-07-27,storage,2.3168,105.0,2.3015,0,3,1,0
org_axeqbnhl,2025-07-28,analytics,30.9761,356.0,1.0368,6.9805,6,1,0
org_axeqbnhl,2025-07-28,compute,27.2981,379.0,0,0,3,0,0
org_axeqbnhl,2025-07-28,networking,2.4991,244.0,1.5086,0,3,0,0
org_axeqbnhl,2025-07-28,storage,0.8949,0,1.1253,44.0255,3,0,0
org_axeqbnhl,2025-07-29,analytics,1.4696,0,1.5043,15.4581,3,0,0
org_axeqbnhl,2025-07-29,compute,11.8498,109.0,1.5542,25.7941,3,0,0
org_axeqbnhl,2025-07-29,networking,3.4996,361.0,2.166,16.8809,6,0,0
org_axeqbnhl,2025-07-29,storage,4.2956,223.0,2.1545,0,3,0,0
org_axeqbnhl,2025-07-30,analytics,20.1411,247.0,0,16.856,3,0,0
org_axeqbnhl,2025-07-30,networking,0.1819,0,3.0315,14.7947,3,1,0
org_axeqbnhl,2025-07-30,storage,2.9297,108.0,0,22.2389,3,0,0
org_axeqbnhl,2025-07-31,analytics,17.2412,247.0,0,1.2366,3,0,0
org_axeqbnhl,2025-07-31,compute,9.0187,111.0,0.9977,8.0653,3,0,0
org_axeqbnhl,2025-07-31,networking,1.6961,125.0,1.1935,1.048,3,0,0
org_axeqbnhl,2025-08-01,analytics,10.3112,122.0,0,20.2059,6,1,0
org_axeqbnhl,2025-08-01,compute,0.9738,0,2.6872,11.9850,3,0,0
org_axeqbnhl,2025-08-01,networking,1.2724,125.0,2.559,0.0,3,0,0
org_axeqbnhl,2025-08-02,analytics,7.9198,111.0,2.9071,6.4957,3,0,0
org_axeqbnhl,2025-08-02,compute,2.3678,0,0.0,24.1910,3,0,0
org_axeqbnhl,2025-08-02,networking,2.0988,236.0,1.1864,0,3,0,0
org_axeqbnhl,2025-08-03,networking,3.8291,371.0,3.0207,0.0,6,0,0
org_axeqbnhl,2025-08-04,analytics,30.6034,407.0,2.1783,1.3777,6,0,0
org_axeqbnhl,2025-08-05,analytics,11.1821,124.0,3.6910,15.9815,6,0,0
org_axeqbnhl,2025-08-05,compute,19.8145,262.0,4.6091,0,3,0,0
org_axeqbnhl,2025-08-05,networking,1.5382,102.0,0.8017,15.4799,3,0,0
org_axeqbnhl,2025-08-06,networking,0.8027,117.0,5.0352,0,3,0,0
org_axeqbnhl,2025-08-07,analytics,25.4767,391.0,7.1135,17.1042,6,0,0
org_axeqbnhl,2025-08-07,compute,9.9293,120.0,4.1718,24.0384,3,0,0
org_axeqbnhl,2025-08-08,analytics,18.7536,225.0,5.7190,37.8341,6,0,0
org_axeqbnhl,2025-08-08,compute,1.6279,0,2.1493,18.7158,3,0,0
org_axeqbnhl,2025-08-08,networking,2.8449,240.0,0,11.2145,3,0,0
org_axeqbnhl,2025-08-08,storage,5.0275,232.0,3.01,0,3,0,0
org_axeqbnhl,2025-08-09,analytics,11.6522,145.0,0.1584,9.5423,3,0,0
org_axeqbnhl,2025-08-09,networking,2.2672,252.0,0,0,3,1,0
org_axeqbnhl,2025-08-09,storage,2.6735,128.0,0.9295,8.8122,3,0,0
org_axeqbnhl,2025-08-10,analytics,13.4294,231.0,1.4265,0,3,0,0
org_axeqbnhl,2025-08-10,networking,0.0928,0,2.5129,8.0714,3,0,0
org_axeqbnhl,2025-08-11,analytics,10.3759,103.0,0,43.0414,3,0,0
org_axeqbnhl,2025-08-11,compute,25.4881,252.0,0,8.0204,3,0,0
org_axeqbnhl,2025-08-11,networking,3.6704,360.0,2.2198,14.8928,6,0,0
org_axeqbnhl,2025-08-11,storage,4.0188,233.0,0,0.0,3,0,0
org_axeqbnhl,2025-08-12,analytics,15.6408,243.0,0,0,3,1,0
org_axeqbnhl,2025-08-12,networking,3.9710,349.0,3.2968,9.1613,6,0,0
org_axeqbnhl,2025-08-12,storage,4.6959,236.0,0,8.6239,3,0,0
org_axeqbnhl,2025-08-13,analytics,15.0232,222.0,2.2412,0,3,0,0
org_axeqbnhl,2025-08-13,networking,2.0829,233.0,2.5341,0,3,0,0
org_axeqbnhl,2025-08-14,analytics,31.8267,476.0,0,2.7724,6,0,0
org_axeqbnhl,2025-08-14,compute,24.1152,262.0,0.6524,0,3,0,0
org_axeqbnhl,2025-08-14,networking,1.2566,119.0,2.0093,0,3,0,1
org_axeqbnhl,2025-08-15,analytics,49.8261,609.0,2.085,0,6,0,0
org_axeqbnhl,2025-08-15,networking,0.2902,0,1.4499,26.9826,3,0,0
org_axeqbnhl,2025-08-16,analytics,1.7262,0,2.3576,19.6677,3,0,0
org_axeqbnhl,2025-08-16,networking,0.2364,0,1.7195,26.4896,3,0,0
org_axeqbnhl,2025-08-16,storage,0.5899,0,3.2616,0,3,1,0
org_axeqbnhl,2025-08-17,analytics,10.7689,134.0,2.5455,8.4774,3,0,0
org_axeqbnhl,2025-08-17,compute,1.6137,0,0.6795,20.6718,3,0,0
org_axeqbnhl,2025-08-17,networking,3.1390,254.0,2.3361,22.9046,6,0,0
org_axeqbnhl,2025-08-17,storage,9.0409,395.0,0,0,3,0,0
org_axeqbnhl,2025-08-18,analytics,9.6182,117.0,0,25.8674,3,0,0
org_axeqbnhl,2025-08-18,compute,8.0581,131.0,0,5.5511,3,0,0
org_axeqbnhl,2025-08-18,networking,0.1764,0,2.8249,15.6629,6,0,0
org_axeqbnhl,2025-08-18,storage,0.532,0,0,24.2688,3,0,0
org_axeqbnhl,2025-08-19,analytics,24.3780,349.0,0,16.7107,6,0,0
org_axeqbnhl,2025-08-19,compute,27.5422,256.0,1.4698,0,3,0,0
org_axeqbnhl,2025-08-19,networking,0.9318,115.0,0.6178,0.0,3,0,0
org_axeqbnhl,2025-08-20,analytics,17.6378,256.0,0,13.5984,3,0,0
org_axeqbnhl,2025-08-20,networking,1.5234,126.0,6.228,11.6798,3,0,0
org_axeqbnhl,2025-08-20,storage,2.6506,124.0,5.4206,11.5569,3,0,0
org_axeqbnhl,2025-08-21,analytics,20.1853,234.0,5.5573,14.6943,6,0,0
org_axeqbnhl,2025-08-21,compute,19.3922,276.0,0.0,0,3,0,0
org_axeqbnhl,2025-08-21,networking,3.0873,265.0,0.0,52.6332,6,0,0
org_axeqbnhl,2025-08-22,analytics,13.9565,228.0,3.3022,0,3,0,0
org_axeqbnhl,2025-08-22,compute,18.9919,237.0,0,25.1548,3,0,0
org_axeqbnhl,2025-08-22,storage,5.3069,223.0,0,9.0119,3,0,0
org_axeqbnhl,2025-08-23,analytics,35.7170,454.0,1.4802,7.4541,6,0,0
org_axeqbnhl,2025-08-23,compute,17.8028,118.0,0.0,0,3,1,0
org_axeqbnhl,2025-08-23,networking,2.3923,241.0,1.5488,0,3,0,0
org_axeqbnhl,2025-08-24,analytics,1.6309,0,0,26.4637,3,0,0
org_axeqbnhl,2025-08-24,compute,0.4439,0,5.5086,0.0,3,0,0
org_axeqbnhl,2025-08-24,networking,1.3412,111.0,1.2303,7.4696,3,0,0
org_axeqbnhl,2025-08-25,analytics,33.2663,474.0,2.5079,0,6,0,0
org_axeqbnhl,2025-08-25,compute,22.7888,248.0,0,16.6944,3,0,0
org_axeqbnhl,2025-08-25,networking,1.5321,143.0,1.0196,9.595,3,0,0
org_axeqbnhl,2025-08-25,storage,1.9174,109.0,1.2759,4.9022,3,0,0
org_axeqbnhl,2025-08-26,analytics,11.3743,123.0,5.8212,0.8847,6,0,0
org_axeqbnhl,2025-08-26,compute,8.8794,107.0,0,19.4505,3,0,0
org_axeqbnhl,2025-08-26,networking,5.3809,472.0,3.6776,0,6,0,0
org_axeqbnhl,2025-08-26,storage,3.5967,116.0,0,38.8078,3,0,0
org_axeqbnhl,2025-08-27,analytics,26.0755,364.0,3.175,10.9981,6,0,0
org_axeqbnhl,2025-08-27,compute,22.3777,224.0,0,25.3024,3,0,0
org_axeqbnhl,2025-08-27,networking,2.0970,237.0,0.0,0,3,0,0
org_axeqbnhl,2025-08-27,storage,4.9351,227.0,0.5462,0,3,0,0
org_axeqbnhl,2025-08-28,analytics,2.2700,0,1.9898,28.4824,3,0,0
org_axeqbnhl,2025-08-28,compute,10.3241,142.0,0.0,3.0738,3,0,0
org_axeqbnhl,2025-08-28,networking,0.2121,0,3.7557,19.2930,6,0,0
org_axeqbnhl,2025-08-28,storage,0.6066,0,0,27.1299,3,1,0
org_axeqbnhl,2025-08-29,analytics,24.5517,348.0,3.0244,25.3438,6,0,0
org_axeqbnhl,2025-08-29,compute,18.0669,274.0,3.9115,0,3,0,0
org_axeqbnhl,2025-08-30,analytics,14.5764,248.0,0,13.2297,3,0,0
org_axeqbnhl,2025-08-30,compute,26.5119,366.0,0,0,3,0,0
org_axeqbnhl,2025-08-30,networking,5.3373,470.0,1.4899,5.0676,6,0,0
org_axeqbnhl,2025-08-31,analytics,20.5217,253.0,2.4344,27.9908,6,0,0
org_axeqbnhl,2025-08-31,compute,11.5025,117.0,1.054,19.0668,3,0,0
org_axeqbnhl,2025-08-31,networking,1.1696,132.0,12.2177,0,6,0,0
org_axeqbnhl,2025-08-31,storage,7.8091,361.0,0,0,3,0,0
org_c11ertj5,2025-07-03,compute,1.1522,0,0.0,15.3089,3,0,0
org_c11ertj5,2025-07-03,database,15.5845,234.0,0,0,3,1,0
org_c11ertj5,2025-07-03,storage,5.6681,262.0,0,15.8747,3,0,0
org_c11ertj5,2025-07-04,compute,10.2979,136.0,2.6383,0.0,3,0,0
org_c11ertj5,2025-07-04,genai,30.3341,233.0,1.5865,0,3,0,0
org_c11ertj5,2025-07-04,storage,2.8251,345.0,0,0,3,0,1
org_c11ertj5,2025-07-05,database,17.8187,336.0,0,0,3,0,0
org_c11ertj5,2025-07-05,genai,-0.9611,234.0,0,13.9323,3,0,1
org_c11ertj5,2025-07-06,database,16.6602,347.0,0,14.7816,6,0,0
org_c11ertj5,2025-07-06,genai,29.3921,243.0,0,16.5613,3,0,0
org_c11ertj5,2025-07-06,storage,5.1309,281.0,1.8001,0,3,0,0
org_c11ertj5,2025-07-07,compute,28.9994,345.0,0,0,3,0,0
org_c11ertj5,2025-07-08,database,12.8556,229.0,3.0067,0,3,0,0
org_c11ertj5,2025-07-09,compute,22.8510,246.0,2.7371,26.6467,6,0,0
org_c11ertj5,2025-07-09,database,13.9316,258.0,0.0,0,3,0,0
org_c11ertj5,2025-07-09,genai,16.6906,124.0,0,11.4490,3,0,0
org_c11ertj5,2025-07-10,compute,12.5352,123.0,0,11.6848,3,0,0
org_c11ertj5,2025-07-10,database,13.2108,239.0,0,20.147,3,0,0
org_c11ertj5,2025-07-10,genai,12.8549,124.0,1.8071,10.5664,3,0,0
org_c11ertj5,2025-07-10,storage,0.5957,0,5.1133,19.6667,3,0,0
org_c11ertj5,2025-07-11,compute,3.2509,0,1.3836,41.1616,3,0,0
org_c11ertj5,2025-07-11,database,118.8127,409.0,0,43.5962,6,0,0
org_c11ertj5,2025-07-11,genai,334.6767,237.0,0,12.9349,3,0,0
org_c11ertj5,2025-07-12,compute,9.5795,115.0,0.3848,7.9137,3,0,0
org_c11ertj5,2025-07-12,database,9.9396,245.0,0,0.0,3,0,0
org_c11ertj5,2025-07-12,storage,3.2626,134.0,1.9225,0.0,3,0,0
org_c11ertj5,2025-07-13,compute,26.1915,356.0,3.5093,9.7457,6,0,0
org_c11ertj5,2025-07-13,database,19.4038,385.0,2.8587,30.2839,6,0,0
org_c11ertj5,2025-07-13,genai,35.5500,273.0,0,2.3006,3,0,0
org_c11ertj5,2025-07-14,compute,16.8401,116.0,1.8909,73.1077,6,0,0
org_c11ertj5,2025-07-14,database,14.5737,250.0,3.2911,28.0011,6,0,0
org_c11ertj5,2025-07-14,storage,0.1085,0,4.6216,0.0,3,0,0
org_c11ertj5,2025-07-15,compute,12.6245,108.0,6.0131,28.5958,6,0,0
org_c11ertj5,2025-07-15,database,27.2786,506.0,1.9695,14.0222,6,0,0
org_c11ertj5,2025-07-15,genai,18.5782,110.0,1.5996,21.8148,3,0,0
org_c11ertj5,2025-07-15,storage,0.7314,0,0,38.4195,3,0,0
org_c11ertj5,2025-07-16,database,1.0200,0,1.251,20.3507,3,0,0
org_c11ertj5,2025-07-16,storage,5.0376,250.0,0,0.0,3,0,0
org_c11ertj5,2025-07-17,compute,1.2391,0,1.1783,16.9719,3,0,0
org_c11ertj5,2025-07-17,database,24.2961,475.0,5.7221,6.5014,6,0,0
org_c11ertj5,2025-07-17,genai,18.3349,119.0,0,28.9794,3,0,0
org_c11ertj5,2025-07-17,storage,2.9633,104.0,0,17.9649,3,0,0
org_c11ertj5,2025-07-18,database,12.8601,253.0,2.2372,0,3,0,0
org_c11ertj5,2025-07-18,genai,3.7544,0,0,31.3335,3,0,0
org_c11ertj5,2025-07-18,storage,6.2147,338.0,0,0,3,0,0
org_c11ertj5,2025-07-19,compute,8.8212,118.0,3.9109,0,3,0,0
org_c11ertj5,2025-07-19,database,13.1688,228.0,0,69.5535,6,0,0
org_c11ertj5,2025-07-20,compute,0.6138,0,5.2857,1.2544,3,0,0
org_c11ertj5,2025-07-20,database,17.9578,363.0,0.9865,12.3826,6,0,0
org_c11ertj5,2025-07-20,storage,5.1061,262.0,0,0.7743,3,0,0
org_c11ertj5,2025-07-21,compute,20.7940,242.0,0,47.1920,6,1,0
org_c11ertj5,2025-07-21,database,5.5426,121.0,9.7126,0,3,0,0
org_c11ertj5,2025-07-21,genai,14.6200,110.0,0,16.2169,3,0,0
org_c11ertj5,2025-07-21,storage,5.7600,270.0,0,7.4619,3,0,0
org_c11ertj5,2025-07-22,compute,13.0409,128.0,2.5366,11.4848,3,0,0
org_c11ertj5,2025-07-22,storage,4.1467,123.0,0,12.7485,3,1,0
org_c11ertj5,2025-07-23,compute,12.3472,124.0,0,19.3895,3,0,0
org_c11ertj5,2025-07-24,compute,21.4398,223.0,4.8945,8.7747,6,0,0
org_c11ertj5,2025-07-24,database,6.1294,105.0,2.105,16.5109,3,0,0
org_c11ertj5,2025-07-24,genai,33.6992,267.0,0,11.7558,3,0,0
org_c11ertj5,2025-07-24,storage,7.8708,368.0,0,0,3,0,0
org_c11ertj5,2025-07-25,compute,21.4392,226.0,6.3984,17.8848,6,0,0
org_c11ertj5,2025-07-25,database,0.9089,0,0.0,16.0996,3,0,0
org_c11ertj5,2025-07-25,genai,4.7561,0,0,43.3756,3,0,0
org_c11ertj5,2025-07-25,storage,8.2465,409.0,0,0,3,0,0
org_c11ertj5,2025-07-26,compute,26.5205,231.0,0,0,3,1,0
org_c11ertj5,2025-07-26,database,0.1625,0,0.0,24.0583,3,0,1
org_c11ertj5,2025-07-26,genai,1.0221,0,7.5458,0,3,0,0
org_c11ertj5,2025-07-27,database,8.3356,137.0,0.2621,18.4272,3,0,0
org_c11ertj5,2025-07-27,genai,36.0304,257.0,0,19.5078,3,0,0
org_c11ertj5,2025-07-27,storage,3.0516,133.0,0.4606,14.9122,3,0,0
org_c11ertj5,2025-07-28,compute,13.2003,129.0,0.0,34.2610,6,0,0
org_c11ertj5,2025-07-28,genai,29.7699,234.0,0,5.0809,3,0,0
org_c11ertj5,2025-07-28,storage,4.2226,193.0,0,1.6941,3,0,0
org_c11ertj5,2025-07-29,compute,13.1334,129.0,9.5822,4.2679,6,0,0
org_c11ertj5,2025-07-29,database,6.1485,102.0,0,25.446,3,0,0
org_c11ertj5,2025-07-29,genai,15.1533,131.0,1.024,0.0,3,0,0
org_c11ertj5,2025-07-29,storage,2.7116,129.0,1.4583,0,3,0,0
org_c11ertj5,2025-07-30,compute,16.2669,218.0,1.5607,23.5176,6,0,0
org_c11ertj5,2025-07-30,database,1.4043,0,0,24.6245,3,0,0
org_c11ertj5,2025-07-30,genai,31.8098,256.0,0,8.1216,3,0,0
org_c11ertj5,2025-07-30,storage,2.9091,145.0,3.7977,9.4144,3,0,0
org_c11ertj5,2025-07-31,compute,0.4610,0,6.2717,0,3,0,0
org_c11ertj5,2025-07-31,database,12.5907,234.0,5.1860,25.3308,6,0,0
org_c11ertj5,2025-08-01,compute,10.5725,124.0,3.5579,3.5298,3,0,0
org_c11ertj5,2025-08-01,database,15.4289,261.0,0,46.8004,6,0,0
org_c11ertj5,2025-08-01,genai,13.5918,109.0,2.3469,0,3,1,0
org_c11ertj5,2025-08-01,storage,2.4368,114.0,1.6017,23.1122,3,0,0
org_c11ertj5,2025-08-02,compute,21.4746,233.0,3.2172,30.7909,6,0,0
org_c11ertj5,2025-08-02,database,22.7346,458.0,2.0657,12.8739,6,0,0
org_c11ertj5,2025-08-02,genai,2.1291,0,3.7440,12.2603,3,0,0
org_c11ertj5,2025-08-02,storage,0.2282,0,3.1132,13.0416,3,0,1
org_c11ertj5,2025-08-03,compute,9.3389,100.0,0,23.5865,3,0,0
org_c11ertj5,2025-08-03,database,12.8279,246.0,0,0,3,1,0
org_c11ertj5,2025-08-04,compute,18.9710,236.0,0,8.6072,3,0,0
org_c11ertj5,2025-08-04,genai,38.3397,259.0,0,3.3512,3,0,0
org_c11ertj5,2025-08-04,storage,0.1705,0,4.567,3.176,3,0,0
org_c11ertj5,2025-08-05,database,15.4518,250.0,1.8724,15.3211,6,0,0
org_c11ertj5,2025-08-05,genai,265.2402,235.0,0.7329,0,3,0,0
org_c11ertj5,2025-08-06,compute,0.8145,0,1.622,0.0,3,1,0
org_c11ertj5,2025-08-06,database,1.1924,0,0,22.7949,3,0,0
org_c11ertj5,2025-08-06,genai,21.1676,224.0,0,1.3758,3,0,0
org_c11ertj5,2025-08-06,storage,1.9032,110.0,2.3757,0,3,0,0
org_c11ertj5,2025-08-07,compute,23.2125,257.0,0,5.8859,3,0,0
org_c11ertj5,2025-08-07,database,0.4628,0,8.9566,0,3,0,0
org_c11ertj5,2025-08-07,genai,1.0581,0,0.4514,8.0805,3,0,0
org_c11ertj5,2025-08-07,storage,3.5941,226.0,0,11.0015,3,0,0
org_c11ertj5,2025-08-08,compute,33.0402,376.0,0.0,51.176,6,0,0
org_c11ertj5,2025-08-09,compute,10.7754,113.0,2.1075,10.4545,3,0,0
org_c11ertj5,2025-08-09,database,11.9455,245.0,3.8225,4.4751,6,0,0
org_c11ertj5,2025-08-09,genai,13.4270,128.0,1.9711,0.0,3,0,0
org_c11ertj5,2025-08-09,storage,7.7900,394.0,0,0,3,0,0
org_c11ertj5,2025-08-10,database,12.6778,258.0,8.5439,14.3828,6,0,0
org_c11ertj5,2025-08-10,storage,8.3021,392.0,0,0,3,0,0
org_c11ertj5,2025-08-11,compute,12.6116,125.0,0,16.0609,3,0,0
org_c11ertj5,2025-08-11,database,8.4237,115.0,4.4459,0,3,0,0
org_c11ertj5,2025-08-11,genai,1.2453,0,0,11.2023,3,0,0
org_c11ertj5,2025-08-11,storage,0.3840,0,0.0,22.2812,3,0,0
org_c11ertj5,2025-08-12,compute,8.7297,104.0,4.8877,15.2806,3,0,0
org_c11ertj5,2025-08-12,database,18.8247,358.0,0,0,3,0,0
org_c11ertj5,2025-08-12,genai,16.5182,107.0,2.4431,16.4327,3,0,0
org_c11ertj5,2025-08-12,storage,2.7715,130.0,0,15.5714,3,0,0
org_c11ertj5,2025-08-13,compute,32.4801,362.0,0.105,6.2205,6,0,0
org_c11ertj5,2025-08-13,database,17.7104,367.0,2.2323,25.4931,6,0,0
org_c11ertj5,2025-08-14,compute,18.6485,223.0,3.592,0,3,0,0
org_c11ertj5,2025-08-14,database,7.2527,123.0,2.6372,12.4848,3,0,0
org_c11ertj5,2025-08-14,storage,3.7350,213.0,1.435,0,3,0,0
org_c11ertj5,2025-08-15,compute,32.0869,375.0,1.4512,2.0097,6,0,0
org_c11ertj5,2025-08-15,database,20.8400,453.0,0,21.6671,6,0,0
org_c11ertj5,2025-08-15,storage,0.4318,0,2.5399,18.4714,3,0,0
org_c11ertj5,2025-08-16,compute,12.5975,122.0,2.6377,11.3432,3,0,0
org_c11ertj5,2025-08-16,database,11.3965,228.0,1.7876,0,3,0,0
org_c11ertj5,2025-08-16,genai,25.3517,235.0,0.0,0,3,0,0
org_c11ertj5,2025-08-16,storage,4.6340,228.0,0,11.2911,3,0,0
org_c11ertj5,2025-08-17,database,0.3331,0,6.9593,0,3,0,0
org_c11ertj5,2025-08-18,compute,15.7426,147.0,2.3678,47.1041,6,0,0
org_c11ertj5,2025-08-18,database,7.2601,106.0,2.8522,8.4266,3,0,0
org_c11ertj5,2025-08-18,storage,5.0918,243.0,3.4462,0,3,0,0
org_c11ertj5,2025-08-19,compute,16.1110,231.0,0,17.0723,3,0,0
org_c11ertj5,2025-08-19,database,12.3872,250.0,2.4915,0,3,0,0
org_c11ertj5,2025-08-19,genai,30.0024,229.0,2.5496,0,3,0,0
org_c11ertj5,2025-08-20,compute,7.1298,119.0,0.0818,8.1156,3,0,0
org_c11ertj5,2025-08-20,database,10.1078,221.0,0,0.0,3,0,0
org_c11ertj5,2025-08-20,genai,0.3635,0,2.3327,0.9492,3,0,0
org_c11ertj5,2025-08-20,storage,5.2127,109.0,0,11.234,3,1,0
org_c11ertj5,2025-08-21,compute,9.8994,116.0,2.9802,12.528,3,0,0
org_c11ertj5,2025-08-21,storage,6.3056,360.0,0,0,3,0,0
org_c11ertj5,2025-08-22,compute,10.6184,113.0,3.8848,17.8876,6,0,0
org_c11ertj5,2025-08-22,database,0.4715,0,8.7270,0,3,0,0
org_c11ertj5,2025-08-22,storage,4.9482,236.0,0.1972,0,3,0,0
org_c11ertj5,2025-08-23,compute,14.4087,366.0,0,31.6562,6,0,1
org_c11ertj5,2025-08-23,database,7.7481,110.0,4.9801,45.1318,6,0,0
org_c11ertj5,2025-08-23,genai,2.1128,0,2.2277,16.8273,3,0,0
org_c11ertj5,2025-08-23,storage,3.4216,126.0,4.4435,0,3,0,0
org_c11ertj5,2025-08-24,genai,34.2647,268.0,5.2109,0,3,0,0
org_c11ertj5,2025-08-24,storage,2.6174,132.0,1.5399,20.3274,3,0,0
org_c11ertj5,2025-08-25,compute,1.1015,0,6.8600,5.5445,3,0,0
org_c11ertj5,2025-08-25,database,5.6817,121.0,4.5888,0,3,0,0
org_c11ertj5,2025-08-25,genai,14.4609,114.0,2.3986,0,3,1,0
org_c11ertj5,2025-08-25,storage,5.4269,230.0,2.4784,0,3,0,0
org_c11ertj5,2025-08-26,compute,24.4671,266.0,0,9.6524,3,0,0
org_c11ertj5,2025-08-26,genai,17.7948,131.0,1.9591,0.0,3,0,0
org_c11ertj5,2025-08-26,storage,2.6067,111.0,3.6713,9.0696,3,0,0
org_c11ertj5,2025-08-27,compute,20.9625,261.0,0,25.1885,3,0,0
org_c11ertj5,2025-08-27,database,11.1905,123.0,4.5831,13.2900,6,1,0
org_c11ertj5,2025-08-27,storage,50.5291,222.0,2.184,0,3,0,0
org_c11ertj5,2025-08-28,compute,12.8165,121.0,0,27.9638,3,0,0
org_c11ertj5,2025-08-28,database,13.7101,229.0,0,15.9987,3,0,0
org_c11ertj5,2025-08-28,storage,5.2010,134.0,0,0.0,3,1,0
org_c11ertj5,2025-08-29,compute,10.9435,134.0,2.7302,0,3,0,0
org_c11ertj5,2025-08-29,database,10.6901,232.0,0,19.8282,3,0,0
org_c11ertj5,2025-08-29,storage,2.1967,113.0,3.2542,3.8188,3,0,0
org_c11ertj5,2025-08-30,compute,1.8098,0,2.7849,17.7575,3,0,0
org_c11ertj5,2025-08-30,database,8.3950,127.0,0.7201,4.3655,3,0,0
org_c11ertj5,2025-08-30,storage,2.7459,132.0,0,7.192,3,0,0
org_c11ertj5,2025-08-31,compute,170.0038,470.0,0,15.3998,6,0,1
org_c11ertj5,2025-08-31,database,5.9996,119.0,5.0003,0,3,0,0
org_c11ertj5,2025-08-31,genai,31.1266,245.0,0.3578,0,3,0,0
org_chj755nf,2025-07-03,genai,16.9370,113.0,0,20.1318,3,0,0
org_chj755nf,2025-07-03,networking,1.6652,131.0,0,32.0919,3,0,0
org_chj755nf,2025-07-04,analytics,15.252,210.0,0,0.0,3,0,0
org_chj755nf,2025-07-04,compute,32.7273,385.0,0,9.8402,6,0,0
org_chj755nf,2025-07-04,genai,14.9068,120.0,0,16.3173,3,0,0
org_chj755nf,2025-07-05,compute,17.0456,215.0,0,15.1036,3,0,0
org_chj755nf,2025-07-05,genai,19.9929,120.0,0.0,58.3578,6,0,0
org_chj755nf,2025-07-05,networking,0.0926,0,8.7646,0.0,3,0,0
org_chj755nf,2025-07-05,storage,2.8405,132.0,1.7693,10.9717,3,0,0
org_chj755nf,2025-07-06,analytics,22.6970,329.0,0,0,3,0,0
org_chj755nf,2025-07-06,compute,15.2841,243.0,3.2757,0,3,0,0
org_chj755nf,2025-07-06,genai,16.4919,125.0,1.2555,4.4742,6,1,0
org_chj755nf,2025-07-06,storage,7.2820,365.0,0,0,3,0,0
org_chj755nf,2025-07-07,analytics,21.5340,245.0,5.2825,15.0992,6,0,0
org_chj755nf,2025-07-07,compute,27.5385,377.0,3.7723,0.0,6,0,1
org_chj755nf,2025-07-07,genai,32.0298,245.0,3.2328,0,3,0,0
org_chj755nf,2025-07-07,networking,0.4640,0,0,42.2495,3,0,0
org_chj755nf,2025-07-07,storage,5.1910,260.0,0,15.9582,3,0,0
org_chj755nf,2025-07-08,analytics,16.9197,264.0,0,6.5213,3,0,0
org_chj755nf,2025-07-08,compute,8.2304,126.0,0,25.0618,3,0,0
org_chj755nf,2025-07-08,genai,31.5619,234.0,0,18.5667,3,0,0
org_chj755nf,2025-07-08,storage,4.8525,254.0,3.0275,0,3,0,0
org_chj755nf,2025-07-09,analytics,15.5742,221.0,0,11.2725,3,0,0
org_chj755nf,2025-07-09,compute,33.7563,454.0,0,23.1602,6,0,1
org_chj755nf,2025-07-09,genai,18.3869,114.0,0,42.6859,6,1,0
org_chj755nf,2025-07-09,storage,0.1683,0,1.6508,7.266,3,0,0
org_chj755nf,2025-07-10,analytics,17.1827,236.0,0,4.8769,3,0,0
org_chj755nf,2025-07-10,compute,14.4329,203.0,4.7976,0,3,0,0
org_chj755nf,2025-07-10,networking,1.0094,113.0,2.6038,3.3778,3,0,0
org_chj755nf,2025-07-11,analytics,8.7624,115.0,6.2848,0,3,0,0
org_chj755nf,2025-07-11,compute,36.8609,443.0,1.701,18.2355,6,0,0
org_chj755nf,2025-07-11,genai,17.6027,121.0,2.2922,10.011,3,0,0
org_chj755nf,2025-07-11,networking,2.7426,260.0,0,16.7766,3,0,0
org_chj755nf,2025-07-11,storage,4.2310,240.0,0,6.904,3,0,0
org_chj755nf,2025-07-12,analytics,10.1182,110.0,3.1076,35.2678,6,1,0
org_chj755nf,2025-07-12,compute,52.1150,588.0,5.6328,13.9043,9,0,0
org_chj755nf,2025-07-12,genai,15.5168,113.0,0,16.0373,3,0,0
org_chj755nf,2025-07-12,networking,1.2760,113.0,0,14.8964,3,0,0
org_chj755nf,2025-07-13,analytics,18.4595,251.0,0,0.0,3,0,0
org_chj755nf,2025-07-13,compute,2.2378,0,2.3126,24.9818,3,0,0
org_chj755nf,2025-07-13,genai,21.4815,136.0,3.0238,15.8234,3,0,0
org_chj755nf,2025-07-13,networking,3.3332,386.0,0,0,3,0,0
org_chj755nf,2025-07-13,storage,6.0718,239.0,0,10.2009,3,0,0
org_chj755nf,2025-07-14,compute,28.8218,238.0,1.098,25.4550,6,0,0
org_chj755nf,2025-07-14,genai,17.2367,127.0,1.773,4.9676,3,0,0
org_chj755nf,2025-07-14,networking,0.0500,0,2.9373,2.8367,3,0,0
org_chj755nf,2025-07-15,analytics,9.8222,130.0,3.2042,0,3,0,0
org_chj755nf,2025-07-15,compute,39.4548,534.0,0,9.272,6,0,0
org_chj755nf,2025-07-15,genai,22.3869,125.0,3.4952,28.8837,6,0,0
org_chj755nf,2025-07-16,analytics,2.4038,0,1.41,28.2864,3,0,0
org_chj755nf,2025-07-16,storage,4.7980,247.0,0.0,0,3,0,0
org_chj755nf,2025-07-17,analytics,20.6039,236.0,1.6186,40.2232,6,0,0
org_chj755nf,2025-07-17,compute,12.4768,119.0,3.1132,25.0163,3,0,0
org_chj755nf,2025-07-17,genai,33.8476,216.0,0,8.0108,3,0,0
org_chj755nf,2025-07-17,networking,2.2836,229.0,1.8368,0,3,0,0
org_chj755nf,2025-07-18,compute,24.5162,259.0,2.8794,11.3672,6,0,0
org_chj755nf,2025-07-18,genai,13.4643,106.0,9.7746,0,3,0,0
org_chj755nf,2025-07-18,networking,1.2536,113.0,1.8829,0.0,3,0,0
org_chj755nf,2025-07-19,analytics,3.5023,0,0,54.4009,3,0,0
org_chj755nf,2025-07-19,compute,0.5314,0,2.7061,3.7128,3,0,0
org_chj755nf,2025-07-19,genai,21.4047,132.0,2.1125,26.3619,3,0,0
org_chj755nf,2025-07-20,analytics,29.7763,374.0,3.0058,0.0,6,0,0
org_chj755nf,2025-07-20,compute,22.4570,116.0,4.7007,20.3734,6,1,0
org_chj755nf,2025-07-20,genai,52.9798,491.0,6.7225,0,6,0,0
org_chj755nf,2025-07-21,analytics,25.2121,351.0,0.1544,20.7265,6,0,0
org_chj755nf,2025-07-21,compute,13.9453,123.0,0.0472,33.3355,3,0,1
org_chj755nf,2025-07-21,genai,40.8965,263.0,1.42,36.9005,6,0,0
org_chj755nf,2025-07-21,storage,5.0583,223.0,0.0893,0,3,0,0
org_chj755nf,2025-07-22,compute,24.5154,223.0,6.9476,9.1449,6,1,0
org_chj755nf,2025-07-22,genai,32.2717,283.0,1.1777,0,3,0,0
org_chj755nf,2025-07-22,storage,2.8735,118.0,0.32,11.8907,3,0,0
org_chj755nf,2025-07-23,analytics,32.1501,236.0,3.5100,0,6,2,0
org_chj755nf,2025-07-23,compute,10.6962,111.0,2.1317,2.9267,3,0,0
org_chj755nf,2025-07-23,genai,13.5226,113.0,4.0421,0,3,0,0
org_chj755nf,2025-07-23,networking,23.9456,222.0,2.2095,0,3,0,0
org_chj755nf,2025-07-23,storage,1.9927,112.0,1.5579,9.3947,3,0,0
org_chj755nf,2025-07-24,analytics,30.6206,368.0,3.1922,0.4647,6,0,0
org_chj755nf,2025-07-24,compute,9.5314,125.0,1.0998,17.2481,3,0,0
org_chj755nf,2025-07-24,genai,41.4435,364.0,0.0,14.7462,6,0,0
org_chj755nf,2025-07-24,networking,0.0584,0,0.0,5.8652,3,0,0
org_chj755nf,2025-07-24,storage,2.9940,104.0,0,20.8857,3,0,0
org_chj755nf,2025-07-25,analytics,8.7579,130.0,6.7679,0,3,0,0
org_chj755nf,2025-07-25,compute,16.8552,233.0,0,14.3897,3,0,0
org_chj755nf,2025-07-25,genai,15.0125,351.0,2.7698,29.0595,6,0,1
org_chj755nf,2025-07-26,analytics,7.0709,111.0,2.9868,0.0,3,0,0
org_chj755nf,2025-07-26,compute,18.5483,227.0,5.2457,24.3878,6,1,0
org_chj755nf,2025-07-26,genai,21.1417,222.0,0.098,0,3,0,0
org_chj755nf,2025-07-26,storage,4.6036,230.0,0,7.952,3,0,0
org_chj755nf,2025-07-27,analytics,26.1527,369.0,0,0,3,0,0
org_chj755nf,2025-07-27,compute,8.6483,123.0,2.7206,0,3,0,0
org_chj755nf,2025-07-27,genai,17.1102,121.0,2.6544,21.0189,3,0,0
org_chj755nf,2025-07-27,networking,1.2094,108.0,3.8156,0.6044,3,0,1
org_chj755nf,2025-07-28,analytics,15.6602,235.0,1.0076,0,3,0,0
org_chj755nf,2025-07-28,compute,-8.3109,122.0,0,9.8796,3,0,1
org_chj755nf,2025-07-28,genai,28.0792,226.0,1.9848,0,3,0,0
org_chj755nf,2025-07-28,storage,5.5378,256.0,0,24.5006,3,0,0
org_chj755nf,2025-07-29,analytics,9.0103,111.0,2.4502,23.4412,6,0,0
org_chj755nf,2025-07-29,compute,21.3092,244.0,2.243,0,3,0,0
org_chj755nf,2025-07-29,genai,36.1238,339.0,0,0,3,0,0
org_chj755nf,2025-07-29,networking,1.6949,119.0,0,45.2186,3,0,0
org_chj755nf,2025-07-30,analytics,26.6504,356.0,1.5225,4.3722,6,0,0
org_chj755nf,2025-07-30,compute,39.7832,473.0,3.0484,8.2468,6,0,0
org_chj755nf,2025-07-30,genai,31.1459,252.0,0,0.0,3,0,0
org_chj755nf,2025-07-30,storage,4.9337,268.0,0,0.0,3,0,0
org_chj755nf,2025-07-31,analytics,10.3258,103.0,4.2548,40.0912,6,0,0
org_chj755nf,2025-07-31,compute,21.2213,260.0,5.4347,5.591,6,0,0
org_chj755nf,2025-07-31,genai,25.1043,231.0,1.2165,0,3,0,0
org_chj755nf,2025-08-01,analytics,14.0382,126.0,0,28.5007,3,0,0
org_chj755nf,2025-08-01,genai,31.2937,241.0,0,9.016,3,0,0
org_chj755nf,2025-08-01,storage,2.9366,125.0,1.4256,7.8139,3,0,0
org_chj755nf,2025-08-02,analytics,0.5799,0,4.0702,3.8314,3,0,0
org_chj755nf,2025-08-02,compute,48.7790,473.0,0,43.0435,9,2,0
org_chj755nf,2025-08-02,genai,79.2576,625.0,0,6.4842,6,0,0
org_chj755nf,2025-08-02,networking,2.5140,262.0,4.1805,0,3,0,0
org_chj755nf,2025-08-02,storage,5.1205,261.0,1.4334,0,3,0,0
org_chj755nf,2025-08-03,analytics,15.2415,235.0,3.3785,0,3,0,0
org_chj755nf,2025-08-03,compute,44.3393,483.0,6.4963,13.1576,6,0,0
org_chj755nf,2025-08-03,genai,16.8960,125.0,2.4434,5.7246,3,0,0
org_chj755nf,2025-08-03,networking,0.1585,0,0.8381,14.3900,3,0,0
org_chj755nf,2025-08-03,storage,5.8356,252.0,2.2918,0,3,0,0
org_chj755nf,2025-08-04,compute,48.9566,598.0,4.3266,0,6,0,0
org_chj755nf,2025-08-04,genai,23.1382,236.0,0.0,12.7124,6,0,0
org_chj755nf,2025-08-05,analytics,22.5009,342.0,4.8965,0,6,0,0
org_chj755nf,2025-08-05,compute,12.1361,126.0,11.8807,4.7478,6,0,0
org_chj755nf,2025-08-05,genai,34.4689,253.0,0,11.7335,3,0,0
org_chj755nf,2025-08-05,networking,1.4294,0,0,6.5233,3,1,0
org_chj755nf,2025-08-05,storage,3.1499,127.0,0,23.2590,3,0,0
org_chj755nf,2025-08-06,analytics,29.7261,387.0,3.0433,5.0747,6,0,0
org_chj755nf,2025-08-06,compute,60.6202,737.0,2.0934,33.1929,9,0,0
org_chj755nf,2025-08-06,genai,15.7514,114.0,0,27.3017,3,0,0
org_chj755nf,2025-08-06,storage,4.7196,239.0,0,13.5308,3,0,0
org_chj755nf,2025-08-07,analytics,33.7679,478.0,2.2911,0,6,0,0
org_chj755nf,2025-08-07,compute,30.5491,394.0,4.4566,1.2629,6,0,0
org_chj755nf,2025-08-07,genai,34.1314,219.0,3.2524,34.1674,6,0,0
org_chj755nf,2025-08-07,networking,1.8348,234.0,2.4553,0,3,0,0
org_chj755nf,2025-08-08,analytics,27.7167,361.0,0,25.6895,6,0,0
org_chj755nf,2025-08-08,compute,14.0049,126.0,1.8348,43.0088,9,1,0
org_chj755nf,2025-08-08,networking,0.3101,0,5.8875,27.8323,3,0,0
org_chj755nf,2025-08-08,storage,0.3962,0,0,19.0053,3,0,0
org_chj755nf,2025-08-09,analytics,15.7632,231.0,3.9582,0,6,0,0
org_chj755nf,2025-08-09,compute,204.7546,475.0,3.1587,31.2465,9,0,0
org_chj755nf,2025-08-09,genai,28.0992,244.0,1.0366,0,3,0,0
org_chj755nf,2025-08-09,networking,2.8731,239.0,0,16.8162,3,0,0
org_chj755nf,2025-08-10,analytics,48.3053,726.0,0,0,6,0,0
org_chj755nf,2025-08-10,genai,30.2775,240.0,5.2374,19.1273,6,0,0
org_chj755nf,2025-08-10,networking,1.5191,123.0,5.1981,15.7687,3,0,0
org_chj755nf,2025-08-10,storage,4.8188,255.0,0,10.7058,3,0,0
org_chj755nf,2025-08-11,analytics,7.9040,104.0,2.0917,0,3,0,0
org_chj755nf,2025-08-11,compute,19.4482,244.0,3.9855,9.7109,6,0,0
org_chj755nf,2025-08-11,networking,4.1319,366.0,0,0,3,0,0
org_chj755nf,2025-08-11,storage,5.0145,227.0,0,0.0,3,0,0
org_chj755nf,2025-08-12,analytics,10.1917,137.0,0.8127,14.6126,3,0,0
org_chj755nf,2025-08-12,compute,21.2062,263.0,0.0,0,3,0,0
org_chj755nf,2025-08-12,networking,2.4205,229.0,0,0.0,3,0,0
org_chj755nf,2025-08-12,storage,7.7254,359.0,0,0,3,0,0
org_chj755nf,2025-08-13,analytics,8.4155,125.0,2.1913,0,3,0,0
org_chj755nf,2025-08-13,compute,20.2765,235.0,4.5963,0,3,0,0
org_chj755nf,2025-08-13,genai,15.4659,120.0,4.0516,16.6042,6,0,0
org_chj755nf,2025-08-13,networking,1.0875,113.0,2.7023,6.4653,3,0,0
org_chj755nf,2025-08-13,storage,8.4518,371.0,0,0,3,0,0
org_chj755nf,2025-08-14,compute,1.3344,0,0.9969,13.0513,3,0,0
org_chj755nf,2025-08-14,genai,46.1867,407.0,2.2925,20.8104,6,0,0
org_chj755nf,2025-08-14,networking,1.6034,109.0,1.3008,26.8406,3,0,0
org_chj755nf,2025-08-15,analytics,27.5352,372.0,0.409,27.6145,6,0,0
org_chj755nf,2025-08-15,compute,26.3356,245.0,0.0,46.5451,6,0,0
org_chj755nf,2025-08-15,genai,14.9282,118.0,1.0151,19.0619,3,0,0
org_chj755nf,2025-08-15,networking,0.8146,107.0,1.8357,0,3,0,0
org_chj755nf,2025-08-15,storage,4.5955,203.0,0.0,0,3,0,0
org_chj755nf,2025-08-16,analytics,14.7495,236.0,2.6175,9.4387,6,1,0
org_chj755nf,2025-08-16,compute,2.6651,0,0,34.7553,3,0,0
org_chj755nf,2025-08-16,genai,18.0506,116.0,3.1873,0,3,0,0
org_chj755nf,2025-08-16,networking,1.3953,117.0,0.5495,17.2746,3,0,0
org_chj755nf,2025-08-16,storage,5.0403,233.0,0,0.0,3,0,0
org_chj755nf,2025-08-17,analytics,18.0485,134.0,0,8.4646,3,1,0
org_chj755nf,2025-08-17,compute,237.4721,730.0,0,27.4033,9,0,0
org_chj755nf,2025-08-17,genai,24.2324,211.0,0,0.0,3,0,0
org_chj755nf,2025-08-17,networking,1.2351,116.0,0.0,28.6383,3,0,0
org_chj755nf,2025-08-18,analytics,19.1737,237.0,5.8011,20.3791,6,0,0
org_chj755nf,2025-08-18,compute,0.7465,0,4.1377,4.3142,3,0,0
org_chj755nf,2025-08-18,genai,20.4062,126.0,3.69,30.9661,6,0,0
org_chj755nf,2025-08-18,networking,4.1029,360.0,0,0,3,0,0
org_chj755nf,2025-08-19,analytics,21.1842,250.0,1.6026,0,3,0,0
org_chj755nf,2025-08-19,compute,2.5623,0,0,32.8981,3,0,0
org_chj755nf,2025-08-19,genai,2.7799,0,2.4048,22.2505,3,0,0
org_chj755nf,2025-08-19,storage,2.6345,118.0,0,0.0,3,0,0
org_chj755nf,2025-08-20,compute,16.5168,129.0,0,88.5874,6,0,0
org_chj755nf,2025-08-20,genai,1.3197,0,2.0519,9.6984,3,0,0
org_chj755nf,2025-08-20,networking,0.0429,0,4.0463,0,3,1,0
org_chj755nf,2025-08-20,storage,3.2511,136.0,2.2952,0.0,3,0,0
org_chj755nf,2025-08-21,analytics,20.4562,247.0,0.0,0,3,0,0
org_chj755nf,2025-08-21,compute,45.7454,563.0,5.9224,16.0312,9,0,0
org_chj755nf,2025-08-21,genai,66.0005,468.0,4.2426,0,6,0,0
org_chj755nf,2025-08-21,networking,0.3506,0,0,35.6744,3,0,0
org_chj755nf,2025-08-22,analytics,22.8405,237.0,0,37.1378,6,0,0
org_chj755nf,2025-08-22,compute,21.9602,248.0,4.2557,0,3,0,0
org_chj755nf,2025-08-22,genai,40.5274,358.0,1.8702,25.6205,6,0,0
org_chj755nf,2025-08-22,networking,2.4344,262.0,0,0.0,3,0,0
org_chj755nf,2025-08-22,storage,2.8625,122.0,2.9844,0,3,1,0
org_chj755nf,2025-08-23,analytics,7.5997,134.0,0,18.4180,3,0,0
org_chj755nf,2025-08-23,compute,33.2589,366.0,0,41.7277,6,0,0
org_chj755nf,2025-08-23,genai,45.5535,382.0,5.0457,0,6,0,0
org_chj755nf,2025-08-23,networking,2.5287,249.0,0,16.2884,3,0,0
org_chj755nf,2025-08-24,analytics,1.8405,0,0.0,33.0669,3,0,0
org_chj755nf,2025-08-24,compute,32.4450,403.0,11.8256,43.2666,9,0,0
org_chj755nf,2025-08-24,genai,31.0379,241.0,0,21.6642,3,0,0
org_chj755nf,2025-08-24,networking,3.7789,376.0,0,0,3,0,0
org_chj755nf,2025-08-25,analytics,0.8677,0,5.5187,8.1414,3,0,0
org_chj755nf,2025-08-25,compute,27.5974,239.0,0,0,3,1,0
org_chj755nf,2025-08-25,networking,2.5110,228.0,4.5095,0,3,0,0
org_chj755nf,2025-08-25,storage,3.2068,138.0,0.0,9.5651,3,0,0
org_chj755nf,2025-08-26,analytics,12.3754,112.0,2.8501,31.652,3,0,0
org_chj755nf,2025-08-26,compute,34.9275,397.0,0,0,3,0,0
org_chj755nf,2025-08-26,genai,77.7546,617.0,2.5807,0,6,0,0
org_chj755nf,2025-08-26,networking,0.3405,0,2.6342,32.4827,3,0,0
org_chj755nf,2025-08-26,storage,3.3230,128.0,2.5245,0,3,0,0
org_chj755nf,2025-08-27,analytics,8.2554,121.0,7.3155,19.4427,6,0,0
org_chj755nf,2025-08-27,compute,31.9243,373.0,8.1079,14.167,6,0,1
org_chj755nf,2025-08-27,genai,62.8106,486.0,0.6135,1.1788,6,0,0
org_chj755nf,2025-08-27,networking,1.3016,0,2.0477,22.4377,3,1,0
org_chj755nf,2025-08-27,storage,2.7178,132.0,2.8146,7.6255,3,0,0
org_chj755nf,2025-08-28,analytics,18.8315,255.0,2.8768,41.6609,6,0,0
org_chj755nf,2025-08-28,compute,4.2589,0,6.7043,51.6775,6,0,1
org_chj755nf,2025-08-28,genai,22.6144,122.0,1.2213,14.4585,3,0,0
org_chj755nf,2025-08-28,networking,1.1135,0,0,11.8356,3,1,0
org_chj755nf,2025-08-28,storage,2.3687,96.0,0,20.6272,3,0,0
org_chj755nf,2025-08-29,analytics,7.9494,122.0,1.435,18.7118,6,0,0
org_chj755nf,2025-08-29,compute,34.5825,490.0,0,13.8825,6,0,0
org_chj755nf,2025-08-30,analytics,34.8002,466.0,0,0.0,6,1,0
org_chj755nf,2025-08-30,compute,28.2317,360.0,0,0,3,0,0
org_chj755nf,2025-08-30,genai,51.8460,438.0,4.5218,0,6,0,0
org_chj755nf,2025-08-30,networking,0.0485,0,4.5302,0,3,0,0
org_chj755nf,2025-08-30,storage,0.3958,0,5.3078,13.6811,3,0,0
org_chj755nf,2025-08-31,analytics,32.2268,387.0,0.2938,15.9744,6,0,0
org_chj755nf,2025-08-31,compute,26.7009,367.0,0,0,3,0,0
org_chj755nf,2025-08-31,genai,24.7489,217.0,0,4.3034,3,0,0
org_chj755nf,2025-08-31,storage,2.9484,127.0,0.3999,8.7095,3,0,0
org_cvs4f8cg,2025-07-03,database,6.2699,99.0,0,11.6555,3,0,0
org_cvs4f8cg,2025-07-03,genai,0.6747,0,5.9245,0,3,0,0
org_cvs4f8cg,2025-07-03,networking,1.9183,251.0,1.7373,0.7288,6,0,1
org_cvs4f8cg,2025-07-03,storage,3.5133,101.0,3.8331,32.9744,6,0,0
org_cvs4f8cg,2025-07-04,analytics,9.5771,119.0,1.7035,19.3785,3,0,0
org_cvs4f8cg,2025-07-04,compute,9.1560,117.0,0.0,26.1226,3,0,0
org_cvs4f8cg,2025-07-04,database,15.7827,226.0,0,22.8027,3,0,0
org_cvs4f8cg,2025-07-04,genai,19.2933,133.0,1.4835,12.8135,3,0,0
org_cvs4f8cg,2025-07-04,networking,1.9862,243.0,2.1,0,3,0,0
org_cvs4f8cg,2025-07-04,storage,5.0439,201.0,0.7652,0,3,0,0
org_cvs4f8cg,2025-07-05,compute,0.5344,0,4.0221,3.9747,3,0,0
org_cvs4f8cg,2025-07-05,genai,30.6978,245.0,0,15.8515,3,0,0
org_cvs4f8cg,2025-07-05,networking,4.7022,455.0,4.7071,0,6,0,0
org_cvs4f8cg,2025-07-06,compute,7.9510,106.0,8.4777,0,3,0,0
org_cvs4f8cg,2025-07-06,database,12.3960,251.0,0,9.8844,3,0,0
org_cvs4f8cg,2025-07-06,genai,15.9038,136.0,5.6782,0,3,0,0
org_cvs4f8cg,2025-07-06,storage,3.6975,136.0,4.6494,29.8341,6,0,0
org_cvs4f8cg,2025-07-07,analytics,7.5971,137.0,0.248,0.0,3,0,0
org_cvs4f8cg,2025-07-07,genai,34.0595,254.0,0,24.0121,3,0,0
org_cvs4f8cg,2025-07-07,networking,2.0774,108.0,0,11.5396,3,1,0
org_cvs4f8cg,2025-07-07,storage,0.5200,0,0.9238,26.7503,3,0,0
org_cvs4f8cg,2025-07-08,compute,12.6127,125.0,0,2.6132,3,1,0
org_cvs4f8cg,2025-07-08,database,0.3382,0,1.6333,4.9752,3,0,0
org_cvs4f8cg,2025-07-08,networking,4.9834,503.0,0.164,1.0202,6,0,0
org_cvs4f8cg,2025-07-08,storage,8.2049,392.0,2.1444,19.1253,6,0,0
org_cvs4f8cg,2025-07-09,analytics,9.3906,116.0,0,25.9220,3,0,0
org_cvs4f8cg,2025-07-09,database,7.3029,106.0,5.0389,8.8192,3,0,0
org_cvs4f8cg,2025-07-09,genai,15.5027,133.0,0.2466,0,3,0,0
org_cvs4f8cg,2025-07-09,networking,2.8494,255.0,0,46.2205,6,0,0
org_cvs4f8cg,2025-07-09,storage,6.1042,349.0,0,0,3,0,0
org_cvs4f8cg,2025-07-10,analytics,19.6057,263.0,2.5472,0,3,0,0
org_cvs4f8cg,2025-07-10,compute,9.0642,111.0,1.1976,13.4451,3,0,0
org_cvs4f8cg,2025-07-10,database,12.1377,241.0,1.1516,0,3,0,0
org_cvs4f8cg,2025-07-10,genai,2.9926,0,6.2415,20.5938,3,0,0
org_cvs4f8cg,2025-07-10,networking,0.0113,0,0.0,1.0668,3,0,0
org_cvs4f8cg,2025-07-10,storage,5.8025,242.0,7.2150,0.093,6,0,0
org_cvs4f8cg,2025-07-11,compute,11.5928,128.0,4.0052,0,3,0,0
org_cvs4f8cg,2025-07-11,database,8.7464,123.0,2.0431,0,3,1,0
org_cvs4f8cg,2025-07-11,networking,1.6229,132.0,0,23.3707,3,0,0
org_cvs4f8cg,2025-07-11,storage,0.5989,0,8.5245,19.8369,6,0,0
org_cvs4f8cg,2025-07-12,analytics,20.3459,245.0,0,6.1975,3,0,0
org_cvs4f8cg,2025-07-12,database,6.6120,108.0,0.9888,15.3016,3,0,0
org_cvs4f8cg,2025-07-12,genai,13.6817,95.0,1.3464,33.9064,3,0,0
org_cvs4f8cg,2025-07-13,analytics,19.1822,242.0,0,11.3809,3,0,0
org_cvs4f8cg,2025-07-13,compute,9.5065,121.0,3.9188,13.0639,3,0,0
org_cvs4f8cg,2025-07-13,database,-0.8589,0,2.1578,26.2011,3,0,1
org_cvs4f8cg,2025-07-14,analytics,17.1628,221.0,2.3114,0,3,0,0
org_cvs4f8cg,2025-07-14,database,1.0533,0,5.2898,12.1316,3,0,0
org_cvs4f8cg,2025-07-14,networking,0.4986,0,9.5713,18.1251,6,1,0
org_cvs4f8cg,2025-07-14,storage,4.3724,212.0,1.2182,0,3,0,0
org_cvs4f8cg,2025-07-15,compute,10.5430,113.0,2.6039,8.9698,3,0,0
org_cvs4f8cg,2025-07-15,genai,18.0426,125.0,0,16.4735,3,0,1
org_cvs4f8cg,2025-07-15,storage,3.4625,139.0,5.0816,13.3376,6,0,0
org_cvs4f8cg,2025-07-16,compute,11.5714,121.0,0,24.8090,3,0,0
org_cvs4f8cg,2025-07-16,database,10.9395,226.0,1.4571,0,3,0,0
org_cvs4f8cg,2025-07-16,genai,14.9792,146.0,3.2488,0,3,0,0
org_cvs4f8cg,2025-07-16,networking,2.0322,216.0,3.2179,0,3,0,0
org_cvs4f8cg,2025-07-16,storage,5.1929,239.0,11.3251,0,6,0,0
org_cvs4f8cg,2025-07-17,compute,19.7050,221.0,0,0,3,1,0
org_cvs4f8cg,2025-07-17,networking,4.5929,365.0,3.6101,3.5918,6,0,0
org_cvs4f8cg,2025-07-17,storage,4.5434,224.0,0,12.0567,3,0,0
org_cvs4f8cg,2025-07-18,compute,10.4668,127.0,2.0009,0,3,0,0
org_cvs4f8cg,2025-07-18,database,14.6481,236.0,0,33.439,3,0,0
org_cvs4f8cg,2025-07-18,genai,40.3385,360.0,0,0,3,0,0
org_cvs4f8cg,2025-07-18,networking,4.9157,485.0,3.433,3.4373,6,0,0
org_cvs4f8cg,2025-07-19,compute,1.7023,0,4.2481,17.5580,3,0,0
org_cvs4f8cg,2025-07-19,database,15.6243,360.0,0,0,3,0,0
org_cvs4f8cg,2025-07-19,networking,3.6836,360.0,0,0,3,0,0
org_cvs4f8cg,2025-07-19,storage,2.1630,94.0,2.2395,0,3,0,0
org_cvs4f8cg,2025-07-20,analytics,15.6543,241.0,3.9551,0,3,0,0
org_cvs4f8cg,2025-07-20,compute,3.9989,0,0,55.0993,3,0,0
org_cvs4f8cg,2025-07-20,genai,27.5719,245.0,2.5474,0,3,0,0
org_cvs4f8cg,2025-07-20,networking,3.6101,332.0,0.0464,20.2232,6,0,0
org_cvs4f8cg,2025-07-20,storage,2.4779,118.0,0,1.0645,3,0,0
org_cvs4f8cg,2025-07-21,analytics,15.5004,215.0,0,11.58,3,0,0
org_cvs4f8cg,2025-07-21,database,1.5740,0,3.0214,27.896,3,0,0
org_cvs4f8cg,2025-07-21,networking,4.6150,380.0,7.7953,0,6,0,0
org_cvs4f8cg,2025-07-21,storage,9.4819,486.0,3.7426,0,6,0,0
org_cvs4f8cg,2025-07-22,analytics,17.8295,211.0,0,0.0,3,0,0
org_cvs4f8cg,2025-07-22,compute,15.4136,136.0,1.1687,32.8611,3,0,0
org_cvs4f8cg,2025-07-22,database,15.3025,268.0,3.5693,0,3,0,0
org_cvs4f8cg,2025-07-22,networking,3.8994,254.0,3.1287,0.7239,6,1,0
org_cvs4f8cg,2025-07-22,storage,3.5422,130.0,1.9923,31.1849,6,0,0
org_cvs4f8cg,2025-07-23,database,6.2287,114.0,0,12.2633,3,0,0
org_cvs4f8cg,2025-07-23,genai,50.7130,241.0,0,0,3,1,0
org_cvs4f8cg,2025-07-23,networking,4.3877,340.0,1.1741,16.7561,6,1,0
org_cvs4f8cg,2025-07-23,storage,5.1820,262.0,4.2529,14.8083,6,0,0
org_cvs4f8cg,2025-07-24,database,5.1949,127.0,1.0409,13.0534,3,0,0
org_cvs4f8cg,2025-07-24,genai,23.9024,130.0,0,39.7086,3,0,0
org_cvs4f8cg,2025-07-24,networking,4.5663,450.0,0,13.6849,6,0,0
org_cvs4f8cg,2025-07-24,storage,2.5353,108.0,4.8844,2.8805,3,0,0
org_cvs4f8cg,2025-07-25,analytics,11.5506,132.0,0,20.949,3,0,0
org_cvs4f8cg,2025-07-25,compute,1.9993,0,1.7849,21.9134,3,0,0
org_cvs4f8cg,2025-07-25,database,26.1102,0,0,39.7749,3,0,0
org_cvs4f8cg,2025-07-25,genai,16.3856,119.0,0,14.9966,3,0,0
org_cvs4f8cg,2025-07-25,networking,4.1836,344.0,0,28.7842,6,0,0
org_cvs4f8cg,2025-07-25,storage,2.5054,136.0,1.9162,21.8343,3,0,0
org_cvs4f8cg,2025-07-26,database,11.4745,239.0,0,20.7457,3,0,0
org_cvs4f8cg,2025-07-26,networking,3.7918,350.0,1.6271,19.5865,6,0,0
org_cvs4f8cg,2025-07-27,analytics,19.0017,226.0,0,0.0,3,0,0
org_cvs4f8cg,2025-07-27,database,0.4786,0,5.6908,4.9048,3,0,0
org_cvs4f8cg,2025-07-27,networking,1.3835,126.0,2.2978,18.8667,3,0,0
org_cvs4f8cg,2025-07-27,storage,4.7887,269.0,2.2981,0,3,0,0
org_cvs4f8cg,2025-07-28,genai,31.7865,101.0,2.0336,0,3,1,0
org_cvs4f8cg,2025-07-28,networking,2.4822,253.0,4.1084,0,6,0,0
org_cvs4f8cg,2025-07-28,storage,4.8108,232.0,4.3806,34.2353,6,0,0
org_cvs4f8cg,2025-07-29,analytics,9.2055,131.0,2.7625,17.1991,3,0,0
org_cvs4f8cg,2025-07-29,compute,9.3194,133.0,0.3576,9.5918,3,0,0
org_cvs4f8cg,2025-07-29,genai,15.1626,122.0,0,7.1378,3,1,0
org_cvs4f8cg,2025-07-29,networking,3.0557,246.0,3.8918,34.4657,6,0,0
org_cvs4f8cg,2025-07-29,storage,0.0958,0,1.8213,1.8036,3,1,0
org_cvs4f8cg,2025-07-30,analytics,8.7427,117.0,3.9438,0,3,0,0
org_cvs4f8cg,2025-07-30,compute,11.4971,122.0,3.1097,11.212,3,0,0
org_cvs4f8cg,2025-07-30,database,17.1883,264.0,0,0.0,3,0,0
org_cvs4f8cg,2025-07-30,genai,16.0057,125.0,0,4.1553,3,0,0
org_cvs4f8cg,2025-07-30,networking,6.3433,625.0,3.3818,0,6,0,0
org_cvs4f8cg,2025-07-30,storage,8.2463,478.0,1.4557,0,6,0,0
org_cvs4f8cg,2025-07-31,storage,8.6914,452.0,0,6.6518,6,0,0
org_cvs4f8cg,2025-08-01,analytics,18.4778,265.0,0,12.1499,3,0,0
org_cvs4f8cg,2025-08-01,database,6.2759,133.0,4.2975,0,3,0,0
org_cvs4f8cg,2025-08-01,genai,26.0297,231.0,0,3.2049,3,0,0
org_cvs4f8cg,2025-08-01,networking,4.4984,488.0,0,16.3900,6,0,0
org_cvs4f8cg,2025-08-02,analytics,16.4034,221.0,0,15.9015,3,0,0
org_cvs4f8cg,2025-08-02,compute,8.4505,105.0,3.0675,0,3,0,0
org_cvs4f8cg,2025-08-02,genai,13.7839,108.0,0.7671,16.0531,3,0,0
org_cvs4f8cg,2025-08-03,analytics,10.5424,104.0,2.5637,18.6789,3,0,0
org_cvs4f8cg,2025-08-03,database,6.9516,127.0,0,0.0,3,0,0
org_cvs4f8cg,2025-08-04,database,2.2425,0,0.0,42.7948,3,0,0
org_cvs4f8cg,2025-08-04,genai,24.7558,217.0,0.5019,0,3,0,0
org_cvs4f8cg,2025-08-04,networking,2.0771,134.0,0,2.204,3,1,0
org_cvs4f8cg,2025-08-04,storage,3.1154,124.0,5.3175,10.01,3,0,0
org_cvs4f8cg,2025-08-05,analytics,6.6324,92.0,0,11.3181,3,0,0
org_cvs4f8cg,2025-08-05,compute,11.7983,118.0,0,15.4009,3,0,0
org_cvs4f8cg,2025-08-05,genai,222.5863,342.0,0,0,3,0,0
org_cvs4f8cg,2025-08-05,networking,0.0279,0,2.9436,0,3,0,0
org_cvs4f8cg,2025-08-05,storage,2.8806,0,2.0318,6.683,3,1,0
org_cvs4f8cg,2025-08-06,compute,19.9712,232.0,2.2717,0,3,0,0
org_cvs4f8cg,2025-08-06,genai,33.8978,249.0,0,3.1185,3,0,0
org_cvs4f8cg,2025-08-06,networking,1.4130,120.0,2.2656,9.4742,3,0,0
org_cvs4f8cg,2025-08-06,storage,2.4295,126.0,0.0,10.2317,3,0,0
org_cvs4f8cg,2025-08-07,analytics,1.5321,0,0.0,20.3629,3,0,0
org_cvs4f8cg,2025-08-07,compute,0.8720,0,4.2627,7.7143,3,0,0
org_cvs4f8cg,2025-08-07,database,17.6753,365.0,0,0,3,0,0
org_cvs4f8cg,2025-08-07,storage,5.6835,246.0,0.4638,14.7380,6,0,0
org_cvs4f8cg,2025-08-08,compute,7.8089,109.0,0.3307,2.0248,3,0,0
org_cvs4f8cg,2025-08-08,database,14.3548,352.0,0,0,3,0,0
org_cvs4f8cg,2025-08-08,genai,11.8973,119.0,2.3890,0,3,0,0
org_cvs4f8cg,2025-08-08,networking,1.1888,116.0,0,14.5067,3,1,0
org_cvs4f8cg,2025-08-08,storage,3.0103,115.0,4.5847,25.7216,6,0,0
org_cvs4f8cg,2025-08-09,compute,2.8936,0,0.0,30.1073,3,0,0
org_cvs4f8cg,2025-08-09,database,10.7285,245.0,1.1887,0,3,0,1
org_cvs4f8cg,2025-08-09,genai,1.7178,0,2.7784,12.7104,3,0,0
org_cvs4f8cg,2025-08-09,networking,0.1799,0,0.0,16.9295,3,0,0
org_cvs4f8cg,2025-08-10,analytics,23.9557,336.0,0,0,3,0,0
org_cvs4f8cg,2025-08-10,compute,19.3867,226.0,0,8.5722,3,0,0
org_cvs4f8cg,2025-08-10,database,7.4970,131.0,3.4096,19.2046,3,0,0
org_cvs4f8cg,2025-08-10,genai,29.7215,241.0,0,0.0,3,0,0
org_cvs4f8cg,2025-08-10,networking,1.3716,125.0,5.0055,23.7611,3,0,0
org_cvs4f8cg,2025-08-10,storage,1.9846,107.0,4.2495,0,3,0,0
org_cvs4f8cg,2025-08-11,analytics,9.7260,111.0,1.5872,0,3,0,0
org_cvs4f8cg,2025-08-11,compute,10.3065,115.0,1.4168,19.7187,3,0,0
org_cvs4f8cg,2025-08-11,networking,0.3315,0,3.0345,34.4404,6,0,0
org_cvs4f8cg,2025-08-11,storage,6.1809,251.0,3.5667,0,3,0,0
org_cvs4f8cg,2025-08-12,analytics,0.6379,0,3.1831,5.9102,3,0,0
org_cvs4f8cg,2025-08-12,genai,28.3652,236.0,0,3.6139,3,0,0
org_cvs4f8cg,2025-08-12,networking,1.3664,125.0,1.8747,7.2349,3,0,0
org_cvs4f8cg,2025-08-12,storage,5.5335,279.0,0,26.3125,3,0,0
org_cvs4f8cg,2025-08-13,compute,28.5839,364.0,0,0,3,0,0
org_cvs4f8cg,2025-08-13,genai,16.0233,127.0,2.6600,0,3,0,0
org_cvs4f8cg,2025-08-13,networking,2.3951,238.0,0,18.1132,3,0,0
org_cvs4f8cg,2025-08-13,storage,5.6240,237.0,0,73.0730,6,0,0
org_cvs4f8cg,2025-08-14,analytics,0.2472,0,3.8515,0.0,3,0,0
org_cvs4f8cg,2025-08-14,compute,23.4863,235.0,0,4.889,3,0,0
org_cvs4f8cg,2025-08-14,genai,33.7802,239.0,0,9.1384,3,0,0
org_cvs4f8cg,2025-08-14,networking,2.8991,325.0,2.6907,0,6,0,0
org_cvs4f8cg,2025-08-14,storage,4.9379,232.0,0,10.0891,3,0,0
org_cvs4f8cg,2025-08-15,analytics,20.6222,239.0,0,18.7484,3,0,0
org_cvs4f8cg,2025-08-15,genai,30.5647,246.0,1.0766,0,3,0,0
org_cvs4f8cg,2025-08-15,networking,0.3375,0,0,36.9784,3,0,0
org_cvs4f8cg,2025-08-16,database,5.5611,130.0,3.6531,6.1473,3,0,0
org_cvs4f8cg,2025-08-16,storage,9.7356,489.0,2.7119,17.4929,6,0,0
org_cvs4f8cg,2025-08-17,analytics,10.0528,127.0,1.2722,21.879,3,0,0
org_cvs4f8cg,2025-08-17,compute,7.8262,97.0,2.8118,0,3,0,0
org_cvs4f8cg,2025-08-17,database,7.6484,126.0,3.0026,13.2332,3,0,0
org_cvs4f8cg,2025-08-17,genai,15.4499,122.0,0,14.7909,3,0,0
org_cvs4f8cg,2025-08-17,networking,4.8360,376.0,1.3656,10.5558,6,1,0
org_cvs4f8cg,2025-08-17,storage,7.1746,336.0,0,0,3,0,0
org_cvs4f8cg,2025-08-18,compute,5.7375,112.0,1.7278,5.7409,3,0,0
org_cvs4f8cg,2025-08-18,database,6.7838,0,1.3516,9.8261,3,1,0
org_cvs4f8cg,2025-08-18,networking,2.8374,253.0,0,0.9487,3,0,0
org_cvs4f8cg,2025-08-18,storage,0.3710,0,2.8653,0,3,1,0
org_cvs4f8cg,2025-08-19,database,12.2563,237.0,0.6436,0,3,0,0
org_cvs4f8cg,2025-08-19,genai,16.2679,132.0,5.5428,0,3,0,0
org_cvs4f8cg,2025-08-19,networking,2.5070,245.0,0.6276,0,3,0,0
org_cvs4f8cg,2025-08-19,storage,7.7571,368.0,3.8528,20.2649,6,0,0
org_cvs4f8cg,2025-08-20,analytics,22.8836,339.0,0,0,3,0,0
org_cvs4f8cg,2025-08-20,compute,9.9322,128.0,4.5655,0.0,3,0,0
org_cvs4f8cg,2025-08-20,database,6.6429,118.0,1.4858,16.4033,3,0,0
org_cvs4f8cg,2025-08-20,genai,15.9630,135.0,1.5717,18.1419,3,0,0
org_cvs4f8cg,2025-08-20,storage,2.3855,129.0,6.2219,0,3,0,0
org_cvs4f8cg,2025-08-21,analytics,9.3103,122.0,0,27.3519,3,0,0
org_cvs4f8cg,2025-08-21,networking,2.7046,251.0,3.1225,0,3,0,0
org_cvs4f8cg,2025-08-21,storage,5.1158,225.0,6.1826,0,6,0,0
org_cvs4f8cg,2025-08-22,compute,8.7706,108.0,1.5775,0,3,0,0
org_cvs4f8cg,2025-08-22,genai,25.0861,234.0,0.9862,0,3,0,0
org_cvs4f8cg,2025-08-22,networking,1.2343,124.0,0.0,4.0567,3,0,0
org_cvs4f8cg,2025-08-23,analytics,20.0910,242.0,0,12.712,3,0,0
org_cvs4f8cg,2025-08-23,database,1.8376,0,2.4584,29.0473,3,0,0
org_cvs4f8cg,2025-08-23,genai,1.0389,0,4.7538,4.2972,3,0,0
org_cvs4f8cg,2025-08-23,networking,2.4232,135.0,2.0106,0,3,1,0
org_cvs4f8cg,2025-08-23,storage,7.5593,344.0,2.5151,29.7989,6,0,0
org_cvs4f8cg,2025-08-24,database,11.5623,275.0,5.2547,0,3,0,0
org_cvs4f8cg,2025-08-24,networking,3.7721,346.0,5.5999,13.0404,6,0,0
org_cvs4f8cg,2025-08-24,storage,5.7239,238.0,5.8144,13.0601,6,1,0
org_cvs4f8cg,2025-08-25,analytics,18.3634,236.0,0,2.9633,3,0,0
org_cvs4f8cg,2025-08-25,networking,4.9329,466.0,5.3759,0,6,0,0
org_cvs4f8cg,2025-08-25,storage,5.2143,232.0,0,15.8764,3,0,0
org_cvs4f8cg,2025-08-26,database,6.5845,107.0,0,25.5147,3,0,0
org_cvs4f8cg,2025-08-26,networking,1.0979,125.0,1.3857,13.9527,3,0,0
org_cvs4f8cg,2025-08-27,genai,35.1820,263.0,0,11.0281,3,0,0
org_cvs4f8cg,2025-08-27,networking,4.8073,442.0,5.2806,0,6,0,0
org_cvs4f8cg,2025-08-27,storage,0.4125,0,3.356,15.5081,3,0,0
org_cvs4f8cg,2025-08-28,compute,19.4387,222.0,1.6823,0,3,0,0
org_cvs4f8cg,2025-08-28,database,8.1603,121.0,0,26.9636,3,0,0
org_cvs4f8cg,2025-08-28,storage,4.1451,207.0,4.6566,6.2353,6,0,0
org_cvs4f8cg,2025-08-29,compute,13.4174,143.0,0,29.1523,3,0,0
org_cvs4f8cg,2025-08-29,database,1.1581,0,3.5676,21.1236,3,0,0
org_cvs4f8cg,2025-08-29,genai,25.9883,240.0,0,10.5958,3,0,0
org_cvs4f8cg,2025-08-29,storage,4.2232,227.0,0.0656,21.3719,6,0,0
org_cvs4f8cg,2025-08-30,analytics,15.1876,240.0,0,9.5421,3,0,0
org_cvs4f8cg,2025-08-30,compute,0.7891,0,2.384,8.3432,3,0,0
org_cvs4f8cg,2025-08-30,networking,2.9216,246.0,1.8828,45.5222,6,0,0
org_cvs4f8cg,2025-08-30,storage,0.0872,0,1.8235,1.8863,3,0,0
org_cvs4f8cg,2025-08-31,genai,17.4942,130.0,3.3356,0,3,0,0
org_cvs4f8cg,2025-08-31,networking,4.0236,382.0,0,0,3,0,0
org_cvs4f8cg,2025-08-31,storage,5.3841,253.0,0,6.2843,3,0,0
org_cwi64ciy,2025-07-03,compute,16.9136,231.0,2.0093,1.322,6,0,0
org_cwi64ciy,2025-07-03,networking,2.5025,233.0,0,14.9758,3,0,0
org_cwi64ciy,2025-07-04,compute,12.7534,125.0,1.8784,0,3,0,0
org_cwi64ciy,2025-07-05,compute,37.3492,450.0,0.0,24.6186,9,0,0
org_cwi64ciy,2025-07-05,networking,1.1026,117.0,3.2563,15.1028,3,0,0
org_cwi64ciy,2025-07-06,compute,38.8222,460.0,0.4698,19.1537,6,0,0
org_cwi64ciy,2025-07-06,networking,0.1084,0,2.1103,8.5874,3,0,0
org_cwi64ciy,2025-07-07,compute,28.9987,347.0,4.8031,11.4353,6,0,0
org_cwi64ciy,2025-07-08,compute,40.6673,478.0,2.8852,47.2361,9,0,0
org_cwi64ciy,2025-07-09,compute,28.5481,331.0,0.8398,26.1939,9,0,0
org_cwi64ciy,2025-07-09,networking,1.3711,117.0,3.432,5.3355,3,0,0
org_cwi64ciy,2025-07-10,compute,36.0566,375.0,4.549,16.072,6,1,0
org_cwi64ciy,2025-07-10,networking,1.2244,108.0,0,15.7394,3,0,0
org_cwi64ciy,2025-07-11,compute,35.1882,470.0,1.1457,33.1891,9,0,0
org_cwi64ciy,2025-07-12,compute,23.3249,253.0,3.4470,8.8284,6,0,0
org_cwi64ciy,2025-07-12,networking,2.9528,264.0,0,23.7686,3,0,0
org_cwi64ciy,2025-07-13,compute,32.5238,390.0,1.785,60.9451,9,0,0
org_cwi64ciy,2025-07-13,networking,1.3861,115.0,0,9.0342,3,1,0
org_cwi64ciy,2025-07-14,compute,35.0003,345.0,6.6107,62.9218,9,0,0
org_cwi64ciy,2025-07-15,compute,45.7087,582.0,1.5235,45.8217,9,0,0
org_cwi64ciy,2025-07-16,compute,85.8203,713.0,1.3286,15.0782,12,2,0
org_cwi64ciy,2025-07-16,networking,2.2804,233.0,0,7.3626,3,0,0
org_cwi64ciy,2025-07-17,compute,45.3347,591.0,0,8.1046,6,0,0
org_cwi64ciy,2025-07-18,compute,22.5373,247.0,5.5536,14.9737,6,0,0
org_cwi64ciy,2025-07-18,networking,0.3252,0,0.0,33.5661,3,0,0
org_cwi64ciy,2025-07-19,compute,34.3591,386.0,5.9543,0,6,0,0
org_cwi64ciy,2025-07-19,networking,2.6047,265.0,0,15.5403,3,0,0
org_cwi64ciy,2025-07-20,compute,31.0687,352.0,11.1909,16.0613,9,0,0
org_cwi64ciy,2025-07-20,networking,1.2340,117.0,1.5092,0,3,1,0
org_cwi64ciy,2025-07-21,compute,45.0103,495.0,3.7209,43.8992,12,0,0
org_cwi64ciy,2025-07-22,compute,41.5859,491.0,4.1586,29.3715,9,0,0
org_cwi64ciy,2025-07-22,networking,3.1683,352.0,0,0,3,0,0
org_cwi64ciy,2025-07-23,compute,42.0760,580.0,5.1647,28.7826,9,0,0
org_cwi64ciy,2025-07-24,compute,53.8346,585.0,1.5295,58.7286,12,0,0
org_cwi64ciy,2025-07-25,compute,19.3393,244.0,0,0.3347,3,0,0
org_cwi64ciy,2025-07-25,networking,3.8655,347.0,0,0,3,0,0
org_cwi64ciy,2025-07-26,compute,48.1165,611.0,3.2552,17.1620,9,0,0
org_cwi64ciy,2025-07-27,compute,48.4169,629.0,13.2173,1.6348,12,0,0
org_cwi64ciy,2025-07-27,networking,1.4629,110.0,0,20.1359,3,0,0
org_cwi64ciy,2025-07-28,compute,19.5857,248.0,3.7885,6.9168,6,0,0
org_cwi64ciy,2025-07-28,networking,0.2302,0,6.3479,19.6718,3,0,0
org_cwi64ciy,2025-07-29,compute,33.9482,366.0,0.0,39.9345,6,0,0
org_cwi64ciy,2025-07-29,networking,0.2576,0,0,27.1912,3,0,0
org_cwi64ciy,2025-07-30,compute,8.0209,105.0,0.0,3.3019,3,0,0
org_cwi64ciy,2025-07-31,compute,29.1584,342.0,2.0392,40.7690,9,0,0
org_cwi64ciy,2025-08-01,compute,8.2961,114.0,4.8873,13.8816,3,0,0
org_cwi64ciy,2025-08-02,compute,9.6049,102.0,0,23.2454,3,0,0
org_cwi64ciy,2025-08-02,networking,0.1492,0,6.8399,5.6554,3,0,0
org_cwi64ciy,2025-08-03,compute,9.6468,109.0,1.2416,11.0164,3,0,0
org_cwi64ciy,2025-08-04,compute,59.0821,613.0,3.1882,72.9560,12,0,0
org_cwi64ciy,2025-08-04,networking,3.5701,374.0,0,0,3,0,0
org_cwi64ciy,2025-08-05,compute,35.5452,386.0,10.1685,57.4177,9,0,0
org_cwi64ciy,2025-08-06,compute,19.2194,245.0,1.5536,9.4748,6,0,0
org_cwi64ciy,2025-08-06,networking,1.3575,115.0,1.5063,7.8842,3,0,0
org_cwi64ciy,2025-08-07,compute,15.7366,246.0,0.0,10.6545,6,0,0
org_cwi64ciy,2025-08-08,compute,22.0615,255.0,1.8452,29.5961,6,0,0
org_cwi64ciy,2025-08-09,compute,28.9015,352.0,3.6556,24.8361,9,0,0
org_cwi64ciy,2025-08-09,networking,3.5471,347.0,0,0,3,0,0
org_cwi64ciy,2025-08-10,compute,242.6097,958.0,1.4566,0,9,0,0
org_cwi64ciy,2025-08-10,networking,2.3219,229.0,0,21.8134,3,0,0
org_cwi64ciy,2025-08-11,compute,21.9177,254.0,3.7047,28.8091,6,0,1
org_cwi64ciy,2025-08-11,networking,1.5063,114.0,0,28.563,3,0,0
org_cwi64ciy,2025-08-12,compute,32.0850,344.0,5.8749,15.6149,9,0,0
org_cwi64ciy,2025-08-12,networking,2.6642,252.0,1.2136,0,3,0,0
org_cwi64ciy,2025-08-13,compute,34.2206,445.0,1.5476,0,6,0,0
org_cwi64ciy,2025-08-13,networking,1.1070,124.0,6.4084,0,3,0,0
org_cwi64ciy,2025-08-14,compute,50.3004,615.0,0.2761,39.7561,9,0,0
org_cwi64ciy,2025-08-14,networking,1.5328,123.0,0,13.9425,3,0,0
org_cwi64ciy,2025-08-15,compute,30.3931,373.0,0,26.8800,6,0,0
org_cwi64ciy,2025-08-15,networking,1.7109,121.0,0,32.5912,3,0,0
org_cwi64ciy,2025-08-16,compute,50.8164,628.0,6.7886,21.8919,9,0,0
org_cwi64ciy,2025-08-16,networking,1.2611,126.0,4.2265,0,3,0,0
org_cwi64ciy,2025-08-17,compute,69.2557,737.0,5.9052,48.5498,12,0,0
org_cwi64ciy,2025-08-18,compute,32.5553,386.0,2.9996,4.2,6,1,0
org_cwi64ciy,2025-08-18,networking,2.8470,254.0,0,7.1908,3,0,0
org_cwi64ciy,2025-08-19,compute,21.4256,240.0,4.3868,15.8429,6,0,0
org_cwi64ciy,2025-08-20,compute,26.3216,365.0,3.859,0.7822,6,0,0
org_cwi64ciy,2025-08-20,networking,1.4058,123.0,0.874,3.9555,3,0,0
org_cwi64ciy,2025-08-21,compute,18.3401,220.0,1.1666,12.7354,6,0,0
org_cwi64ciy,2025-08-22,compute,31.5928,346.0,4.0237,18.2635,6,0,0
org_cwi64ciy,2025-08-22,networking,2.6200,246.0,0,16.9516,3,0,0
org_cwi64ciy,2025-08-23,compute,37.8607,350.0,7.7136,40.0406,9,1,0
org_cwi64ciy,2025-08-23,networking,27.2063,358.0,0,0,3,0,0
org_cwi64ciy,2025-08-24,compute,42.4426,494.0,7.6612,23.0650,9,0,0
org_cwi64ciy,2025-08-24,networking,2.5258,230.0,0,18.0526,3,0,0
org_cwi64ciy,2025-08-25,compute,39.2335,453.0,3.6025,68.3363,12,1,0
org_cwi64ciy,2025-08-25,networking,1.1632,115.0,2.4124,9.072,3,0,0
org_cwi64ciy,2025-08-26,compute,45.9128,618.0,0,3.352,6,0,0
org_cwi64ciy,2025-08-26,networking,1.3576,137.0,1.4299,12.3033,3,0,0
org_cwi64ciy,2025-08-27,compute,19.6708,254.0,2.1133,0.0,6,1,0
org_cwi64ciy,2025-08-28,compute,43.2382,360.0,0.0,17.0240,6,0,0
org_cwi64ciy,2025-08-28,networking,1.5170,122.0,2.3485,24.0685,3,0,0
org_cwi64ciy,2025-08-29,compute,48.3712,468.0,5.3673,14.2834,9,1,0
org_cwi64ciy,2025-08-29,networking,2.3539,233.0,0,0.0,3,0,0
org_cwi64ciy,2025-08-30,compute,33.7299,341.0,3.6913,0,6,1,0
org_cwi64ciy,2025-08-30,networking,1.2533,102.0,1.2569,6.6543,3,0,0
org_cwi64ciy,2025-08-31,compute,45.7889,485.0,4.6454,51.9022,12,1,0
org_cwi64ciy,2025-08-31,networking,1.3756,124.0,0.4594,0,3,1,0
org_d14ve92m,2025-07-03,compute,1.7107,0,5.4418,18.521,3,0,0
org_d14ve92m,2025-07-03,database,5.1252,111.0,0.7703,0,3,1,0
org_d14ve92m,2025-07-03,storage,6.5281,369.0,0,0,3,0,0
org_d14ve92m,2025-07-04,compute,24.3283,125.0,0,14.2605,3,1,0
org_d14ve92m,2025-07-04,database,2.3388,0,0,41.9820,3,0,0
org_d14ve92m,2025-07-04,storage,7.2785,341.0,5.9544,0,6,0,0
org_d14ve92m,2025-07-05,storage,0.6195,0,0.9306,26.7899,3,0,0
org_d14ve92m,2025-07-06,compute,25.8613,248.0,4.8803,17.4771,6,0,0
org_d14ve92m,2025-07-06,database,12.8159,248.0,2.1196,0,3,0,0
org_d14ve92m,2025-07-06,storage,0.7821,0,0,41.6027,3,0,0
org_d14ve92m,2025-07-07,analytics,10.1841,136.0,5.3674,0,3,0,0
org_d14ve92m,2025-07-07,compute,26.1198,348.0,0,0,3,0,0
org_d14ve92m,2025-07-07,database,8.3627,118.0,3.1241,21.3024,3,0,0
org_d14ve92m,2025-07-07,storage,4.8386,243.0,2.7676,0,3,0,0
org_d14ve92m,2025-07-08,compute,28.5971,329.0,0,32.9385,6,0,0
org_d14ve92m,2025-07-08,database,12.5824,232.0,0.6093,0,3,0,0
org_d14ve92m,2025-07-08,storage,0.3990,0,2.0803,16.3748,3,1,0
org_d14ve92m,2025-07-09,compute,19.4944,248.0,0,0.0,3,0,0
org_d14ve92m,2025-07-09,database,18.6689,248.0,0,0,3,1,0
org_d14ve92m,2025-07-10,analytics,19.3607,239.0,0,22.0677,3,0,0
org_d14ve92m,2025-07-10,compute,26.3620,371.0,0,0,3,0,0
org_d14ve92m,2025-07-10,database,7.9538,116.0,1.5674,5.5704,3,0,0
org_d14ve92m,2025-07-10,storage,3.0045,109.0,0,43.5856,6,0,0
org_d14ve92m,2025-07-11,analytics,22.7855,365.0,0,0,3,0,0
org_d14ve92m,2025-07-11,compute,9.6892,123.0,3.0766,9.5127,3,0,0
org_d14ve92m,2025-07-11,database,6.4666,125.0,4.7312,0,3,0,0
org_d14ve92m,2025-07-11,storage,3.2450,124.0,0,35.0371,3,0,0
org_d14ve92m,2025-07-12,compute,20.4588,228.0,0.0,31.1588,6,0,1
org_d14ve92m,2025-07-12,database,0.5494,0,0,11.7726,3,0,0
org_d14ve92m,2025-07-13,analytics,10.8080,140.0,1.4298,12.8969,3,0,0
org_d14ve92m,2025-07-13,compute,25.6569,250.0,0,0,3,1,0
org_d14ve92m,2025-07-13,database,5.2885,111.0,1.6945,15.5881,3,0,0
org_d14ve92m,2025-07-13,storage,9.9701,486.0,0,31.5433,6,0,0
org_d14ve92m,2025-07-14,analytics,10.1805,122.0,3.2882,32.9781,3,0,0
org_d14ve92m,2025-07-14,compute,9.0909,137.0,3.8265,0,3,0,0
org_d14ve92m,2025-07-14,database,1.3928,0,1.0956,26.3577,3,0,0
org_d14ve92m,2025-07-14,storage,0.0863,0,3.6557,0,3,1,0
org_d14ve92m,2025-07-15,analytics,1.3058,0,3.1184,16.601,3,0,0
org_d14ve92m,2025-07-15,compute,43.0866,497.0,2.2935,16.909,6,0,0
org_d14ve92m,2025-07-15,database,12.8202,220.0,0.8781,0,3,0,0
org_d14ve92m,2025-07-15,storage,6.7647,338.0,0,0,3,0,0
org_d14ve92m,2025-07-16,compute,35.2095,457.0,3.397,13.5005,6,0,0
org_d14ve92m,2025-07-17,analytics,7.5617,125.0,1.4043,0,3,0,0
org_d14ve92m,2025-07-17,database,6.6892,123.0,1.4991,5.8369,3,0,0
org_d14ve92m,2025-07-17,storage,4.0797,360.0,0,37.8642,6,0,1
org_d14ve92m,2025-07-18,compute,20.6755,244.0,8.2765,0,6,0,0
org_d14ve92m,2025-07-18,storage,3.6150,131.0,0,48.3679,3,0,0
org_d14ve92m,2025-07-19,analytics,7.3773,125.0,2.0889,1.9929,3,0,0
org_d14ve92m,2025-07-19,compute,0.1478,0,0.0097,1.7227,3,0,0
org_d14ve92m,2025-07-19,storage,5.0630,269.0,4.7090,0.4705,6,0,0
org_d14ve92m,2025-07-20,analytics,181.7988,121.0,2.2938,5.622,3,0,0
org_d14ve92m,2025-07-20,compute,10.1476,113.0,0,17.6904,3,0,0
org_d14ve92m,2025-07-20,database,8.6563,143.0,0,22.1286,3,0,0
org_d14ve92m,2025-07-20,storage,8.1089,341.0,0,46.8747,6,0,0
org_d14ve92m,2025-07-21,analytics,9.4236,121.0,5.1351,0,3,0,0
org_d14ve92m,2025-07-21,compute,20.3772,254.0,0,18.1602,3,0,0
org_d14ve92m,2025-07-21,storage,6.7444,356.0,0,0,3,0,0
org_d14ve92m,2025-07-22,analytics,12.0905,138.0,2.7226,24.7351,3,0,0
org_d14ve92m,2025-07-22,compute,30.9022,400.0,4.5850,4.4705,6,0,0
org_d14ve92m,2025-07-22,database,13.0698,115.0,1.2083,0,3,1,0
org_d14ve92m,2025-07-23,compute,18.6628,250.0,2.5789,0,3,0,0
org_d14ve92m,2025-07-23,database,12.4446,242.0,0.7003,0,3,0,0
org_d14ve92m,2025-07-23,storage,4.0325,209.0,0.7886,0,3,0,0
org_d14ve92m,2025-07-24,database,5.5058,129.0,3.9389,6.1841,3,0,0
org_d14ve92m,2025-07-24,storage,7.8680,383.0,3.0272,21.1431,6,0,0
org_d14ve92m,2025-07-25,analytics,23.1984,357.0,0,0,3,0,0
org_d14ve92m,2025-07-25,compute,46.8283,584.0,0,11.6415,6,0,0
org_d14ve92m,2025-07-25,storage,2.4688,129.0,2.0237,3.5187,3,0,0
org_d14ve92m,2025-07-26,analytics,13.3936,139.0,1.6969,17.1855,3,0,0
org_d14ve92m,2025-07-26,compute,19.8348,236.0,1.2724,19.0150,6,0,0
org_d14ve92m,2025-07-26,storage,10.2114,500.0,0.8192,13.7563,6,0,0
org_d14ve92m,2025-07-27,analytics,11.6902,143.0,1.2418,3.0275,3,0,0
org_d14ve92m,2025-07-27,compute,15.2887,142.0,0,38.8044,6,0,0
org_d14ve92m,2025-07-27,database,13.2285,99.0,2.2616,0,3,1,0
org_d14ve92m,2025-07-27,storage,2.6638,119.0,0,27.8026,3,0,0
org_d14ve92m,2025-07-28,compute,2.0483,0,1.8669,20.3019,3,0,0
org_d14ve92m,2025-07-28,database,0.2403,0,4.7793,0,3,0,0
org_d14ve92m,2025-07-28,storage,0.5632,0,0,28.3612,3,0,0
org_d14ve92m,2025-07-29,analytics,10.5941,122.0,2.8681,0,3,1,0
org_d14ve92m,2025-07-29,compute,24.0663,257.0,4.842,23.5668,6,0,0
org_d14ve92m,2025-07-29,storage,0.1220,0,6.4278,0,3,0,0
org_d14ve92m,2025-07-30,analytics,15.9354,236.0,2.0022,0,3,0,0
org_d14ve92m,2025-07-30,compute,9.1513,133.0,4.7909,0,3,0,0
org_d14ve92m,2025-07-30,storage,2.3485,116.0,5.3396,0,3,0,0
org_d14ve92m,2025-07-31,analytics,7.8613,114.0,1.9233,5.0583,3,0,0
org_d14ve92m,2025-07-31,compute,21.8679,241.0,5.5730,20.9667,6,0,0
org_d14ve92m,2025-07-31,storage,4.7055,241.0,1.8708,10.8941,6,0,0
org_d14ve92m,2025-08-01,analytics,17.4521,254.0,0,0.0,3,0,0
org_d14ve92m,2025-08-01,compute,9.3641,114.0,0,19.7279,3,0,0
org_d14ve92m,2025-08-01,database,14.7023,238.0,0,12.5153,3,0,0
org_d14ve92m,2025-08-01,storage,3.4034,141.0,3.7085,5.8714,3,0,0
org_d14ve92m,2025-08-02,analytics,15.7338,238.0,2.9511,0,3,0,0
org_d14ve92m,2025-08-02,storage,7.6286,235.0,0,0,3,1,0
org_d14ve92m,2025-08-03,analytics,16.9512,240.0,3.0588,0,3,0,0
org_d14ve92m,2025-08-03,compute,29.7440,346.0,2.6118,15.5050,6,0,0
org_d14ve92m,2025-08-03,storage,3.1317,129.0,0,26.9556,3,0,0
org_d14ve92m,2025-08-04,analytics,5.8828,112.0,1.6396,12.1235,3,0,0
org_d14ve92m,2025-08-04,compute,45.7406,377.0,4.3702,7.2936,6,1,0
org_d14ve92m,2025-08-04,database,12.8748,241.0,0,14.8093,3,0,0
org_d14ve92m,2025-08-04,storage,0.7423,0,0,29.8772,3,0,0
org_d14ve92m,2025-08-05,analytics,11.0800,135.0,0,22.6458,3,0,0
org_d14ve92m,2025-08-05,compute,11.6394,129.0,2.1089,5.2228,3,0,0
org_d14ve92m,2025-08-05,storage,9.0094,388.0,0,41.4317,6,0,0
org_d14ve92m,2025-08-06,compute,19.7906,243.0,0,17.2241,3,0,0
org_d14ve92m,2025-08-06,storage,5.3476,230.0,0,13.7981,3,0,0
org_d14ve92m,2025-08-07,compute,20.2440,261.0,0,16.1061,3,0,0
org_d14ve92m,2025-08-07,database,7.2138,125.0,3.1991,18.4759,3,0,0
org_d14ve92m,2025-08-08,storage,3.1271,123.0,4.8194,30.7308,6,0,0
org_d14ve92m,2025-08-09,compute,37.1560,487.0,0.1147,5.9361,6,0,0
org_d14ve92m,2025-08-09,database,12.7799,242.0,0,0.0,3,0,0
org_d14ve92m,2025-08-09,storage,6.8407,377.0,1.7525,7.4433,6,0,0
org_d14ve92m,2025-08-10,compute,39.6776,460.0,0,14.9985,6,0,0
org_d14ve92m,2025-08-10,database,6.1184,0,0,24.1422,3,1,0
org_d14ve92m,2025-08-10,storage,6.7935,333.0,2.7603,18.4016,6,0,0
org_d14ve92m,2025-08-11,compute,52.8089,635.0,4.4032,0,6,0,0
org_d14ve92m,2025-08-11,database,6.0531,120.0,0.913,0,3,1,0
org_d14ve92m,2025-08-11,storage,0.8861,0,0,43.5235,3,0,0
org_d14ve92m,2025-08-12,database,13.0200,249.0,0,0.0,3,0,0
org_d14ve92m,2025-08-12,storage,2.3168,111.0,1.306,19.0864,3,0,0
org_d14ve92m,2025-08-13,compute,8.1457,116.0,0,21.2314,3,0,0
org_d14ve92m,2025-08-13,database,13.4538,249.0,0,5.2883,3,0,0
org_d14ve92m,2025-08-13,storage,1.9769,125.0,0.817,0.0,3,0,0
org_d14ve92m,2025-08-14,analytics,20.9398,237.0,2.8175,0,3,0,0
org_d14ve92m,2025-08-14,database,10.9531,245.0,0,0.0,3,0,0
org_d14ve92m,2025-08-15,analytics,8.0599,120.0,3.6204,0,3,0,0
org_d14ve92m,2025-08-15,compute,1.9512,0,0,21.5,3,0,0
org_d14ve92m,2025-08-15,storage,4.3339,217.0,0,11.2225,3,0,0
org_d14ve92m,2025-08-16,analytics,15.6423,238.0,3.1992,0,3,0,0
org_d14ve92m,2025-08-16,storage,8.0726,360.0,0,20.0605,6,0,0
org_d14ve92m,2025-08-17,analytics,0.4031,0,5.1571,0.0,3,0,0
org_d14ve92m,2025-08-17,compute,25.9240,352.0,0,0,3,0,0
org_d14ve92m,2025-08-17,database,5.8764,101.0,0.6472,5.7359,3,0,0
org_d14ve92m,2025-08-17,storage,0.6223,257.0,2.3702,0,3,0,1
org_d14ve92m,2025-08-18,analytics,9.4037,114.0,3.1364,14.7083,3,0,0
org_d14ve92m,2025-08-18,compute,32.6879,399.0,3.0078,27.1126,6,0,0
org_d14ve92m,2025-08-18,database,16.3421,234.0,0,0,3,1,0
org_d14ve92m,2025-08-18,storage,4.8664,245.0,0,17.008,3,0,0
org_d14ve92m,2025-08-19,compute,13.1635,111.0,7.6893,14.3754,6,1,0
org_d14ve92m,2025-08-20,analytics,8.2136,122.0,0.7983,0,3,0,0
org_d14ve92m,2025-08-20,compute,11.6991,105.0,0.6159,12.3076,3,0,0
org_d14ve92m,2025-08-20,database,13.8583,247.0,2.2687,0,3,0,0
org_d14ve92m,2025-08-20,storage,3.0364,108.0,0.3614,71.3944,6,0,0
org_d14ve92m,2025-08-21,compute,12.1448,133.0,2.6012,23.0067,6,1,0
org_d14ve92m,2025-08-21,database,1.2439,0,1.2175,22.7681,3,0,0
org_d14ve92m,2025-08-21,storage,3.3617,131.0,2.2709,15.2269,3,0,0
org_d14ve92m,2025-08-22,analytics,7.9937,124.0,2.4288,7.2904,3,0,0
org_d14ve92m,2025-08-22,compute,24.6561,230.0,3.3342,33.8589,6,0,0
org_d14ve92m,2025-08-22,database,12.3675,236.0,0.0,0,3,0,0
org_d14ve92m,2025-08-22,storage,7.4918,355.0,1.7724,8.5891,6,0,0
org_d14ve92m,2025-08-23,analytics,2.3080,0,0,42.5900,3,0,0
org_d14ve92m,2025-08-23,compute,28.8529,366.0,0,0,3,0,0
org_d14ve92m,2025-08-23,storage,3.4148,130.0,4.7682,35.1199,6,0,0
org_d14ve92m,2025-08-24,compute,11.5327,125.0,0,7.2947,3,1,0
org_d14ve92m,2025-08-24,storage,8.3988,385.0,1.3474,16.3831,6,0,0
org_d14ve92m,2025-08-25,compute,31.7503,355.0,0,0,3,0,0
org_d14ve92m,2025-08-25,database,16.9352,362.0,0,0,3,0,0
org_d14ve92m,2025-08-25,storage,2.9295,109.0,0.2832,17.9662,3,0,0
org_d14ve92m,2025-08-26,analytics,17.1027,231.0,4.985,0,3,0,0
org_d14ve92m,2025-08-26,compute,1.1417,0,0,14.8775,3,0,0
org_d14ve92m,2025-08-26,storage,6.1033,341.0,0,0,3,0,0
org_d14ve92m,2025-08-27,analytics,18.2068,234.0,3.8364,0,3,0,0
org_d14ve92m,2025-08-27,compute,26.9440,242.0,1.6359,32.146,6,0,0
org_d14ve92m,2025-08-27,database,7.2422,125.0,0.033,7.1993,3,0,0
org_d14ve92m,2025-08-27,storage,6.6385,255.0,6.7097,19.3627,6,0,0
org_d14ve92m,2025-08-28,analytics,0.6449,0,5.0550,3.4274,3,0,0
org_d14ve92m,2025-08-28,compute,41.8505,492.0,0,24.0618,6,0,0
org_d14ve92m,2025-08-28,database,6.2382,97.0,0,15.9334,3,0,0
org_d14ve92m,2025-08-28,storage,4.5158,233.0,0,0,3,1,0
org_d14ve92m,2025-08-29,database,0.3816,0,2.4189,5.0474,3,0,0
org_d14ve92m,2025-08-29,storage,4.3494,476.0,2.5959,16.1166,6,0,1
org_d14ve92m,2025-08-30,analytics,8.6040,118.0,0.0,4.148,3,0,0
org_d14ve92m,2025-08-30,compute,8.3296,107.0,1.4163,22.495,3,0,0
org_d14ve92m,2025-08-30,storage,0.1905,0,1.3822,8.848,3,0,0
org_d14ve92m,2025-08-31,compute,19.7272,247.0,0,17.1619,3,0,0
org_d14ve92m,2025-08-31,database,11.1541,206.0,0.9625,0,3,0,0
org_d14ve92m,2025-08-31,storage,0.6951,0,0,34.0156,3,0,0
org_dbdw2pcn,2025-07-03,database,20.4630,383.0,0,8.9954,6,0,0
org_dbdw2pcn,2025-07-04,database,9.1282,120.0,0,32.8976,3,0,0
org_dbdw2pcn,2025-07-05,compute,10.5084,110.0,0,9.6857,3,1,0
org_dbdw2pcn,2025-07-05,database,20.5993,367.0,3.8934,0,6,0,0
org_dbdw2pcn,2025-07-05,networking,1.8060,125.0,5.2198,9.4856,3,0,0
org_dbdw2pcn,2025-07-06,compute,26.6920,299.0,0.0,12.1104,6,0,0
org_dbdw2pcn,2025-07-06,database,15.5938,328.0,1.7011,17.7421,6,0,0
org_dbdw2pcn,2025-07-06,networking,0.3233,0,2.921,30.1575,3,0,0
org_dbdw2pcn,2025-07-07,compute,18.8965,267.0,2.3009,0,3,0,0
org_dbdw2pcn,2025-07-07,database,1.7029,0,0.6657,32.3497,3,0,0
org_dbdw2pcn,2025-07-07,networking,2.6985,240.0,0,24.3758,3,0,0
org_dbdw2pcn,2025-07-08,compute,20.5009,251.0,0,9.2031,3,0,0
org_dbdw2pcn,2025-07-08,database,6.8366,110.0,1.7488,22.6439,3,0,0
org_dbdw2pcn,2025-07-08,networking,1.3052,116.0,0,21.8701,3,0,0
org_dbdw2pcn,2025-07-09,compute,20.7514,257.0,0,32.3252,6,0,0
org_dbdw2pcn,2025-07-09,database,10.7993,232.0,1.6257,0,3,0,0
org_dbdw2pcn,2025-07-09,networking,1.5492,135.0,4.3840,0,3,0,0
org_dbdw2pcn,2025-07-10,compute,21.7875,277.0,0.6167,0,3,0,0
org_dbdw2pcn,2025-07-10,database,11.9865,216.0,0,19.7976,3,0,0
org_dbdw2pcn,2025-07-10,networking,0.2637,0,4.3988,17.5931,3,1,0
org_dbdw2pcn,2025-07-11,compute,19.1478,226.0,0.799,0,3,0,0
org_dbdw2pcn,2025-07-11,database,17.7013,357.0,5.1251,5.2298,6,0,0
org_dbdw2pcn,2025-07-11,networking,0.9433,102.0,1.7229,0,3,0,0
org_dbdw2pcn,2025-07-12,compute,1.6501,0,5.2365,16.5836,3,0,0
org_dbdw2pcn,2025-07-12,database,16.9153,352.0,0,0,3,0,0
org_dbdw2pcn,2025-07-12,networking,1.6244,205.0,0,5.4353,3,0,0
org_dbdw2pcn,2025-07-13,compute,39.8767,459.0,0,22.4593,6,0,0
org_dbdw2pcn,2025-07-13,database,8.9409,134.0,3.7603,19.4392,3,0,0
org_dbdw2pcn,2025-07-13,networking,0.0663,0,3.0772,3.9613,3,0,0
org_dbdw2pcn,2025-07-14,compute,21.7431,245.0,2.8453,0,3,0,0
org_dbdw2pcn,2025-07-14,database,8.6132,146.0,0.4339,24.376,3,0,0
org_dbdw2pcn,2025-07-15,database,23.3432,410.0,0.0,29.9268,6,0,0
org_dbdw2pcn,2025-07-16,database,1.2221,275.0,1.5998,0,3,0,1
org_dbdw2pcn,2025-07-17,compute,40.7680,582.0,0.2627,0,6,0,0
org_dbdw2pcn,2025-07-17,database,0.6545,0,6.9996,5.9795,3,0,0
org_dbdw2pcn,2025-07-18,compute,21.8911,241.0,1.4055,0,3,0,0
org_dbdw2pcn,2025-07-18,database,107.6786,383.0,8.1307,22.2502,6,0,0
org_dbdw2pcn,2025-07-19,compute,22.9281,259.0,0,24.7675,3,0,0
org_dbdw2pcn,2025-07-19,database,7.8870,135.0,0,19.6746,3,0,0
org_dbdw2pcn,2025-07-19,networking,2.9102,261.0,0,18.2993,3,0,0
org_dbdw2pcn,2025-07-20,compute,33.3106,438.0,3.5853,0,6,0,0
org_dbdw2pcn,2025-07-20,database,8.0028,134.0,0.9459,24.2347,6,0,0
org_dbdw2pcn,2025-07-21,compute,36.4789,477.0,1.4491,6.2813,6,0,0
org_dbdw2pcn,2025-07-22,compute,26.4980,265.0,3.2649,59.2526,6,0,0
org_dbdw2pcn,2025-07-22,database,11.0781,126.0,2.069,44.0126,6,0,0
org_dbdw2pcn,2025-07-22,networking,1.1607,133.0,6.0446,0,3,0,0
org_dbdw2pcn,2025-07-23,compute,20.5688,238.0,2.3076,2.2899,6,0,0
org_dbdw2pcn,2025-07-23,database,23.6076,490.0,0,6.8448,6,1,0
org_dbdw2pcn,2025-07-23,networking,2.3693,242.0,0,7.1256,3,0,0
org_dbdw2pcn,2025-07-24,database,12.5962,225.0,1.7613,31.2450,6,0,0
org_dbdw2pcn,2025-07-24,networking,0.1844,0,0,19.6872,3,0,0
org_dbdw2pcn,2025-07-25,database,7.2111,123.0,3.6815,26.5064,6,0,0
org_dbdw2pcn,2025-07-26,compute,13.3388,121.0,7.8566,12.8433,6,0,0
org_dbdw2pcn,2025-07-26,database,6.2359,120.0,9.3633,11.8838,6,0,0
org_dbdw2pcn,2025-07-27,compute,17.3147,238.0,4.5117,0,3,0,0
org_dbdw2pcn,2025-07-27,database,9.1786,127.0,3.1543,27.3184,6,0,0
org_dbdw2pcn,2025-07-28,compute,1.6739,0,2.6915,20.0740,3,0,0
org_dbdw2pcn,2025-07-28,database,5.0391,107.0,5.2460,0,3,0,0
org_dbdw2pcn,2025-07-28,networking,2.4167,229.0,0,12.4576,3,0,0
org_dbdw2pcn,2025-07-29,compute,9.9499,117.0,0,12.8653,3,0,0
org_dbdw2pcn,2025-07-29,database,9.1919,118.0,6.2728,37.0225,6,1,0
org_dbdw2pcn,2025-07-30,compute,0.6708,0,8.1326,0,3,0,0
org_dbdw2pcn,2025-07-30,database,13.1826,245.0,2.1508,34.0444,6,0,0
org_dbdw2pcn,2025-07-31,database,11.3227,264.0,0,10.5796,3,0,0
org_dbdw2pcn,2025-08-01,compute,10.6110,120.0,0.7054,16.2379,3,0,0
org_dbdw2pcn,2025-08-01,database,7.6569,111.0,0.0,37.3989,6,1,0
org_dbdw2pcn,2025-08-02,compute,20.5646,218.0,4.5307,20.9530,6,0,0
org_dbdw2pcn,2025-08-02,database,7.3809,132.0,3.3390,0,3,0,0
org_dbdw2pcn,2025-08-03,compute,29.6097,371.0,0.045,8.4774,6,0,0
org_dbdw2pcn,2025-08-03,networking,2.1503,232.0,0.7146,0,3,0,0
org_dbdw2pcn,2025-08-04,compute,48.3495,615.0,1.6704,0,6,0,0
org_dbdw2pcn,2025-08-04,database,2.1394,0,1.7547,39.1689,3,0,0
org_dbdw2pcn,2025-08-04,networking,2.3368,254.0,1.274,0,3,0,0
org_dbdw2pcn,2025-08-05,database,10.0477,252.0,2.124,0,3,0,0
org_dbdw2pcn,2025-08-05,networking,0.5899,0,0,49.8675,3,0,0
org_dbdw2pcn,2025-08-06,compute,11.7819,111.0,1.4524,43.9355,6,0,0
org_dbdw2pcn,2025-08-06,database,13.4560,257.0,1.3465,0,3,0,0
org_dbdw2pcn,2025-08-07,compute,16.8439,205.0,0.3695,0,3,0,0
org_dbdw2pcn,2025-08-07,database,24.5082,401.0,0,0,3,0,0
org_dbdw2pcn,2025-08-08,database,8.4625,133.0,0.9392,13.5506,3,0,0
org_dbdw2pcn,2025-08-08,networking,3.5268,337.0,0,0,3,0,0
org_dbdw2pcn,2025-08-09,database,25.5559,468.0,2.3938,9.0842,6,0,0
org_dbdw2pcn,2025-08-09,networking,0.0656,0,0.1537,7.5642,3,0,0
org_dbdw2pcn,2025-08-10,compute,21.2853,264.0,0.0,0,3,0,0
org_dbdw2pcn,2025-08-10,database,1.1304,0,1.1604,16.1639,3,0,0
org_dbdw2pcn,2025-08-10,networking,2.4069,228.0,0,7.1047,3,0,0
org_dbdw2pcn,2025-08-11,compute,9.7217,117.0,2.0942,0.0,3,0,0
org_dbdw2pcn,2025-08-11,networking,1.0700,116.0,0,14.9114,3,0,0
org_dbdw2pcn,2025-08-12,database,11.0245,270.0,0,0.0,3,0,0
org_dbdw2pcn,2025-08-13,database,6.1357,123.0,1.3864,8.6968,3,0,0
org_dbdw2pcn,2025-08-13,networking,2.5488,235.0,2.7127,0,3,0,0
org_dbdw2pcn,2025-08-14,compute,9.0759,113.0,5.1451,0,3,0,0
org_dbdw2pcn,2025-08-14,database,7.5571,120.0,7.2019,16.2091,6,1,0
org_dbdw2pcn,2025-08-15,compute,14.7594,141.0,2.8495,4.3461,3,0,0
org_dbdw2pcn,2025-08-15,database,0.7613,0,0.8551,13.8889,3,0,0
org_dbdw2pcn,2025-08-15,networking,0.1884,0,0,18.7137,3,0,0
org_dbdw2pcn,2025-08-16,database,9.4485,143.0,0.623,14.3288,3,0,0
org_dbdw2pcn,2025-08-16,networking,0.2071,0,3.4715,17.2809,3,0,0
org_dbdw2pcn,2025-08-17,compute,12.9788,141.0,0,25.4870,3,0,0
org_dbdw2pcn,2025-08-17,database,10.4243,235.0,0,3.3197,3,0,0
org_dbdw2pcn,2025-08-17,networking,1.4824,115.0,1.7263,1.8734,3,0,0
org_dbdw2pcn,2025-08-18,database,1.1624,0,4.1788,18.0317,3,0,0
org_dbdw2pcn,2025-08-18,networking,1.7536,133.0,1.3187,11.3966,3,0,0
org_dbdw2pcn,2025-08-19,compute,19.3799,247.0,1.5018,13.7315,6,0,0
org_dbdw2pcn,2025-08-19,database,11.4808,134.0,6.9763,24.3363,6,0,0
org_dbdw2pcn,2025-08-20,compute,23.0236,257.0,0,14.0241,3,0,0
org_dbdw2pcn,2025-08-20,database,22.3445,393.0,0,49.1560,6,0,0
org_dbdw2pcn,2025-08-20,networking,1.3557,131.0,2.3431,19.4616,3,0,0
org_dbdw2pcn,2025-08-21,compute,36.5653,448.0,6.1129,0,6,0,0
org_dbdw2pcn,2025-08-21,database,11.7490,239.0,0,0,3,1,0
org_dbdw2pcn,2025-08-22,compute,13.5053,128.0,0,23.4313,3,0,0
org_dbdw2pcn,2025-08-22,database,6.8676,128.0,0.0,15.7123,3,0,0
org_dbdw2pcn,2025-08-22,networking,0.0462,0,5.1235,0,3,0,0
org_dbdw2pcn,2025-08-23,compute,31.0673,342.0,0,0,3,0,0
org_dbdw2pcn,2025-08-23,database,5.0808,126.0,1.9025,11.9344,3,0,1
org_dbdw2pcn,2025-08-23,networking,3.2493,397.0,0,0,3,0,0
org_dbdw2pcn,2025-08-24,compute,27.3649,242.0,2.5468,15.084,6,1,0
org_dbdw2pcn,2025-08-24,database,6.6833,111.0,0,7.2642,3,0,0
org_dbdw2pcn,2025-08-24,networking,0.2749,0,1.333,23.7277,3,0,0
org_dbdw2pcn,2025-08-25,compute,10.2004,103.0,3.0087,21.1119,3,0,0
org_dbdw2pcn,2025-08-25,database,6.4627,121.0,2.0649,23.0382,3,0,0
org_dbdw2pcn,2025-08-26,compute,26.4481,375.0,0,0,3,0,0
org_dbdw2pcn,2025-08-26,networking,0.0555,0,6.2936,0,3,0,0
org_dbdw2pcn,2025-08-28,compute,10.3216,111.0,1.7834,14.9193,3,0,0
org_dbdw2pcn,2025-08-28,database,20.0995,365.0,2.3056,11.0183,6,0,0
org_dbdw2pcn,2025-08-28,networking,0.2944,0,0,29.0616,3,0,0
org_dbdw2pcn,2025-08-29,compute,27.0673,373.0,0,0,3,0,0
org_dbdw2pcn,2025-08-29,database,15.0326,352.0,0,0,3,0,0
org_dbdw2pcn,2025-08-30,compute,11.8340,104.0,5.5565,12.0043,3,0,0
org_dbdw2pcn,2025-08-30,database,26.2454,496.0,0,24.3121,6,0,0
org_dbdw2pcn,2025-08-30,networking,1.3654,113.0,2.3768,3.4422,3,0,0
org_dbdw2pcn,2025-08-31,compute,41.3240,488.0,5.0476,12.2577,6,0,0
org_dhylurtp,2025-07-03,compute,29.9543,390.0,3.4728,17.0398,6,0,0
org_dhylurtp,2025-07-03,networking,2.7546,243.0,0,24.3326,3,0,0
org_dhylurtp,2025-07-03,storage,10.8293,484.0,2.3251,35.2777,9,0,0
org_dhylurtp,2025-07-04,compute,0.4618,0,5.3300,0,3,0,0
org_dhylurtp,2025-07-04,database,5.7870,116.0,2.3376,0,3,0,0
org_dhylurtp,2025-07-04,networking,0.0632,0,6.8565,0,3,0,0
org_dhylurtp,2025-07-04,storage,5.7244,244.0,7.6682,0.0,6,0,0
org_dhylurtp,2025-07-05,compute,20.0019,226.0,1.8186,0,3,0,0
org_dhylurtp,2025-07-05,database,17.8848,357.0,2.5598,15.6091,6,0,0
org_dhylurtp,2025-07-05,networking,1.2323,120.0,0,21.8429,3,0,0
org_dhylurtp,2025-07-05,storage,16.9172,831.0,2.0098,22.3707,12,0,0
org_dhylurtp,2025-07-06,compute,13.0221,120.0,0,32.2286,3,0,0
org_dhylurtp,2025-07-06,database,14.1564,258.0,1.3348,0,3,0,0
org_dhylurtp,2025-07-06,storage,4.7110,194.0,3.0472,1.8829,6,0,0
org_dhylurtp,2025-07-07,database,16.4853,355.0,2.9781,0.1647,6,0,0
org_dhylurtp,2025-07-07,networking,3.4267,342.0,0,0,3,0,0
org_dhylurtp,2025-07-07,storage,11.0505,493.0,9.3642,18.3052,12,0,0
org_dhylurtp,2025-07-08,compute,30.0549,382.0,0,0,3,0,0
org_dhylurtp,2025-07-08,database,10.8967,241.0,5.3063,28.2369,6,0,0
org_dhylurtp,2025-07-08,networking,1.2257,111.0,0.1827,7.7652,3,0,0
org_dhylurtp,2025-07-08,storage,10.0398,444.0,3.6637,0,6,0,0
org_dhylurtp,2025-07-09,compute,20.5839,241.0,0,16.6359,3,0,0
org_dhylurtp,2025-07-09,database,6.3139,128.0,0,17.9425,3,0,0
org_dhylurtp,2025-07-09,storage,11.9654,489.0,9.7288,23.5462,12,0,0
org_dhylurtp,2025-07-10,compute,10.0745,140.0,0.0523,0.0,3,0,0
org_dhylurtp,2025-07-10,storage,10.6207,624.0,1.5822,35.0725,9,0,0
org_dhylurtp,2025-07-11,compute,1.2868,0,3.4095,15.2802,3,0,0
org_dhylurtp,2025-07-11,database,6.5540,121.0,0.0,4.5991,3,0,0
org_dhylurtp,2025-07-11,storage,11.4956,497.0,3.3141,48.3902,9,0,0
org_dhylurtp,2025-07-12,compute,7.9641,100.0,1.4123,33.5292,6,0,1
org_dhylurtp,2025-07-12,storage,13.3564,606.0,10.6390,2.8458,9,0,0
org_dhylurtp,2025-07-13,compute,15.8165,226.0,0.7253,0,3,0,0
org_dhylurtp,2025-07-13,database,0.4728,0,4.0402,4.7363,3,0,0
org_dhylurtp,2025-07-13,storage,3.8158,113.0,9.0130,64.0407,9,0,0
org_dhylurtp,2025-07-14,compute,2.8155,0,0,32.2814,3,0,0
org_dhylurtp,2025-07-14,database,18.1364,372.0,3.8649,0.7091,6,0,0
org_dhylurtp,2025-07-14,networking,0.1760,0,0,21.3376,3,0,0
org_dhylurtp,2025-07-14,storage,16.7578,840.0,0,14.8344,9,0,0
org_dhylurtp,2025-07-15,compute,38.4826,478.0,0,10.4806,6,0,0
org_dhylurtp,2025-07-15,networking,1.2050,126.0,2.7618,0,3,1,0
org_dhylurtp,2025-07-15,storage,4.4305,236.0,3.4367,10.9815,6,0,0
org_dhylurtp,2025-07-16,compute,29.1354,377.0,0,19.8435,6,0,0
org_dhylurtp,2025-07-16,networking,2.5264,231.0,0.8171,0,3,0,0
org_dhylurtp,2025-07-16,storage,10.3945,464.0,2.3579,11.5404,6,0,0
org_dhylurtp,2025-07-17,compute,32.6570,128.0,6.6512,37.9555,6,0,0
org_dhylurtp,2025-07-17,database,10.7840,246.0,0,8.4684,3,0,0
org_dhylurtp,2025-07-17,networking,3.2614,378.0,0,0,3,0,0
org_dhylurtp,2025-07-17,storage,6.1492,233.0,9.6216,39.2719,9,0,0
org_dhylurtp,2025-07-18,compute,11.5656,119.0,0,24.1373,3,0,0
org_dhylurtp,2025-07-18,database,16.2687,365.0,0.0,17.3831,6,0,0
org_dhylurtp,2025-07-18,storage,10.4089,470.0,1.3792,42.7081,9,0,0
org_dhylurtp,2025-07-19,database,1.1540,0,2.9335,24.8897,3,0,0
org_dhylurtp,2025-07-19,networking,1.2195,111.0,2.0698,10.2622,3,0,0
org_dhylurtp,2025-07-19,storage,12.3341,520.0,3.7530,45.4732,12,1,0
org_dhylurtp,2025-07-20,compute,33.6048,491.0,1.5159,7.0103,6,0,0
org_dhylurtp,2025-07-20,database,16.0000,248.0,0,22.0835,3,0,0
org_dhylurtp,2025-07-20,networking,1.3539,117.0,0.0,11.4248,3,0,0
org_dhylurtp,2025-07-20,storage,4.6416,252.0,2.8774,0,3,0,0
org_dhylurtp,2025-07-21,compute,9.0479,115.0,2.308,0.0,3,0,0
org_dhylurtp,2025-07-21,database,19.3796,363.0,1.1043,33.0930,6,0,0
org_dhylurtp,2025-07-21,storage,17.2407,840.0,3.3708,31.3172,12,0,0
org_dhylurtp,2025-07-22,compute,38.8645,502.0,0,16.7847,6,0,0
org_dhylurtp,2025-07-22,database,16.0681,256.0,0,37.1742,6,0,0
org_dhylurtp,2025-07-22,networking,1.1480,128.0,1.0054,0,3,0,0
org_dhylurtp,2025-07-22,storage,12.7889,600.0,2.7341,20.9464,9,0,0
org_dhylurtp,2025-07-23,compute,1.6541,0,6.1676,11.8141,3,0,0
org_dhylurtp,2025-07-23,database,8.3204,127.0,3.4422,11.0201,6,0,0
org_dhylurtp,2025-07-23,storage,11.5160,603.0,3.5334,16.3833,9,0,0
org_dhylurtp,2025-07-24,compute,19.0369,230.0,1.2843,0,3,0,0
org_dhylurtp,2025-07-24,database,5.8620,124.0,1.1852,0,3,0,0
org_dhylurtp,2025-07-24,networking,2.7765,248.0,0,13.0035,3,0,0
org_dhylurtp,2025-07-24,storage,3.2572,126.0,4.5795,6.1262,3,0,0
org_dhylurtp,2025-07-25,compute,38.7700,368.0,3.3768,20.4471,6,1,0
org_dhylurtp,2025-07-25,database,0.6353,0,2.0038,9.3801,3,0,0
org_dhylurtp,2025-07-25,storage,12.5583,506.0,5.7808,0,6,1,0
org_dhylurtp,2025-07-26,compute,22.7404,237.0,2.8412,35.2600,6,0,0
org_dhylurtp,2025-07-26,database,7.3626,105.0,0,27.1005,3,0,0
org_dhylurtp,2025-07-26,storage,8.1273,360.0,0,55.0265,6,0,0
org_dhylurtp,2025-07-27,compute,-9.0011,109.0,1.8441,9.3449,3,0,1
org_dhylurtp,2025-07-27,database,5.7842,115.0,3.2958,0,3,0,0
org_dhylurtp,2025-07-27,storage,2.7801,118.0,0,13.9627,3,1,0
org_dhylurtp,2025-07-28,compute,24.3235,244.0,2.1349,36.6991,6,0,0
org_dhylurtp,2025-07-28,database,8.4052,115.0,5.0876,6.9394,3,0,0
org_dhylurtp,2025-07-28,networking,2.5834,237.0,3.4784,0,3,0,0
org_dhylurtp,2025-07-28,storage,14.3639,731.0,1.5648,57.7089,12,0,0
org_dhylurtp,2025-07-29,compute,44.9944,562.0,0,0.0,6,0,0
org_dhylurtp,2025-07-29,database,0.2357,0,4.1381,21.2500,3,0,1
org_dhylurtp,2025-07-29,storage,7.7910,365.0,14.8211,13.6228,12,0,0
org_dhylurtp,2025-07-30,compute,27.9649,364.0,2.5798,5.2668,6,0,0
org_dhylurtp,2025-07-30,storage,12.8461,523.0,5.0198,103.5224,12,0,0
org_dhylurtp,2025-07-31,database,18.5904,353.0,1.465,8.1384,6,0,0
org_dhylurtp,2025-07-31,networking,1.3271,122.0,2.5378,0,3,1,0
org_dhylurtp,2025-07-31,storage,5.5681,248.0,3.7016,15.894,6,1,0
org_dhylurtp,2025-08-01,compute,0.5652,0,3.3211,4.2731,3,0,0
org_dhylurtp,2025-08-01,database,6.7418,118.0,3.7070,0,3,0,1
org_dhylurtp,2025-08-01,networking,0.1567,0,4.6846,10.5917,3,0,0
org_dhylurtp,2025-08-01,storage,5.6583,245.0,1.7566,20.9257,6,0,0
org_dhylurtp,2025-08-02,compute,37.1055,333.0,5.5046,8.8682,6,1,0
org_dhylurtp,2025-08-02,database,9.8755,253.0,1.2693,18.4465,6,0,0
org_dhylurtp,2025-08-02,networking,2.5769,128.0,0,16.6991,3,1,0
org_dhylurtp,2025-08-02,storage,2.5708,103.0,10.0579,12.4756,6,0,0
org_dhylurtp,2025-08-03,database,19.4198,358.0,4.5190,14.7407,6,0,0
org_dhylurtp,2025-08-03,networking,3.5366,337.0,0,0,3,0,0
org_dhylurtp,2025-08-03,storage,8.5362,385.0,0,0,3,0,0
org_dhylurtp,2025-08-04,compute,41.4702,469.0,1.8826,19.2047,6,0,0
org_dhylurtp,2025-08-04,database,23.3222,447.0,2.5164,16.2815,6,0,0
org_dhylurtp,2025-08-04,storage,14.2445,670.0,9.0365,20.5847,12,0,0
org_dhylurtp,2025-08-05,compute,31.1180,381.0,0,0,3,0,0
org_dhylurtp,2025-08-05,database,5.1435,122.0,0.2309,16.2096,3,0,0
org_dhylurtp,2025-08-05,networking,1.4719,134.0,1.4465,0.0,3,0,0
org_dhylurtp,2025-08-05,storage,7.3302,380.0,0.0,15.2645,6,0,0
org_dhylurtp,2025-08-06,database,6.6891,144.0,0.0,6.8621,3,0,0
org_dhylurtp,2025-08-06,networking,1.2729,112.0,3.8836,0,3,0,0
org_dhylurtp,2025-08-06,storage,10.4857,478.0,2.6524,49.3405,9,0,0
org_dhylurtp,2025-08-07,compute,8.6194,114.0,3.3308,0,3,0,0
org_dhylurtp,2025-08-07,database,6.9714,122.0,0.0,0,3,1,0
org_dhylurtp,2025-08-07,networking,3.1079,369.0,0,0,3,0,0
org_dhylurtp,2025-08-07,storage,7.8897,375.0,3.5802,0,6,0,0
org_dhylurtp,2025-08-08,database,8.9792,135.0,5.5563,35.9150,6,0,0
org_dhylurtp,2025-08-08,storage,11.6316,609.0,0,35.9827,9,0,0
org_dhylurtp,2025-08-09,compute,13.9603,231.0,0,0.1548,3,0,0
org_dhylurtp,2025-08-09,database,6.2986,0,0,18.7752,3,1,0
org_dhylurtp,2025-08-09,storage,10.5273,465.0,3.8348,38.2422,9,0,0
org_dhylurtp,2025-08-10,compute,18.5859,233.0,0.2009,0,3,0,0
org_dhylurtp,2025-08-10,database,8.4193,118.0,0,32.5314,3,0,0
org_dhylurtp,2025-08-10,storage,8.9818,388.0,3.982,70.2213,9,0,0
org_dhylurtp,2025-08-11,compute,49.1721,634.0,0,16.5091,6,0,0
org_dhylurtp,2025-08-11,database,10.0817,227.0,3.0908,0,3,0,0
org_dhylurtp,2025-08-11,networking,1.5975,126.0,0.8074,9.0149,3,0,0
org_dhylurtp,2025-08-11,storage,18.2336,817.0,3.4211,17.4956,9,0,0
org_dhylurtp,2025-08-12,compute,23.7808,252.0,0,7.35,3,0,0
org_dhylurtp,2025-08-12,database,6.9488,120.0,5.9439,0,3,0,0
org_dhylurtp,2025-08-12,storage,16.9282,779.0,8.4690,21.5704,12,0,0
org_dhylurtp,2025-08-13,compute,21.5690,269.0,1.3049,0,3,0,1
org_dhylurtp,2025-08-13,database,23.4922,455.0,2.5589,20.1217,6,0,0
org_dhylurtp,2025-08-13,storage,9.8694,393.0,1.2843,32.7136,6,0,0
org_dhylurtp,2025-08-14,compute,2.2223,0,2.196,23.9656,3,0,0
org_dhylurtp,2025-08-14,networking,4.1064,373.0,0,0,3,0,0
org_dhylurtp,2025-08-14,storage,4.7211,253.0,0.8804,11.5555,6,0,0
org_dhylurtp,2025-08-15,compute,26.0783,365.0,0.0,23.0956,6,0,0
org_dhylurtp,2025-08-15,database,15.9674,352.0,2.7999,12.1905,6,0,0
org_dhylurtp,2025-08-15,networking,1.2676,119.0,0,7.4881,3,0,0
org_dhylurtp,2025-08-16,compute,13.8122,114.0,0.1927,26.5521,3,0,0
org_dhylurtp,2025-08-16,database,14.7448,238.0,0,38.4802,6,0,0
org_dhylurtp,2025-08-16,networking,2.3163,252.0,0,0.0,3,0,0
org_dhylurtp,2025-08-16,storage,9.4933,485.0,3.6778,20.7830,9,0,0
org_dhylurtp,2025-08-17,compute,42.9684,490.0,1.6409,9.6455,6,0,0
org_dhylurtp,2025-08-17,database,5.6614,119.0,1.5635,0.0,3,0,0
org_dhylurtp,2025-08-17,networking,0.0867,0,2.6823,5.622,3,0,0
org_dhylurtp,2025-08-17,storage,4.6280,120.0,8.7987,59.8724,9,1,0
org_dhylurtp,2025-08-18,compute,24.2730,259.0,0,16.8584,3,0,0
org_dhylurtp,2025-08-18,database,6.2515,118.0,0.0,0,3,0,0
org_dhylurtp,2025-08-18,networking,1.1183,115.0,1.2453,2.8731,3,0,0
org_dhylurtp,2025-08-18,storage,4.4542,240.0,0,0.0,3,0,0
org_dhylurtp,2025-08-19,compute,19.7963,239.0,2.6790,9.9353,6,0,0
org_dhylurtp,2025-08-19,storage,9.7677,456.0,0,24.1859,9,0,0
org_dhylurtp,2025-08-20,compute,2.9034,0,0,28.6147,3,1,0
org_dhylurtp,2025-08-20,storage,5.0306,223.0,0.2756,0,3,0,0
org_dhylurtp,2025-08-21,compute,31.5314,128.0,0,17.9928,3,0,0
org_dhylurtp,2025-08-21,database,29.1351,456.0,1.4082,18.128,6,0,0
org_dhylurtp,2025-08-21,networking,1.9970,248.0,3.0447,0,3,0,0
org_dhylurtp,2025-08-21,storage,16.8668,832.0,5.6839,8.8808,12,0,0
org_dhylurtp,2025-08-22,compute,17.6963,239.0,0,12.8187,3,0,0
org_dhylurtp,2025-08-22,database,0.4846,0,0.0,10.7089,3,0,0
org_dhylurtp,2025-08-22,networking,1.6413,106.0,0,31.7826,3,0,0
org_dhylurtp,2025-08-22,storage,12.2214,616.0,6.0659,10.2321,9,0,0
org_dhylurtp,2025-08-23,compute,15.0382,127.0,1.6571,21.5539,3,0,0
org_dhylurtp,2025-08-23,database,18.2029,591.0,1.2656,0,6,0,1
org_dhylurtp,2025-08-23,networking,1.7830,228.0,0,19.4973,3,0,0
org_dhylurtp,2025-08-23,storage,10.0032,486.0,3.6698,13.6445,9,0,0
org_dhylurtp,2025-08-24,compute,18.9036,219.0,0,0.0,3,0,0
org_dhylurtp,2025-08-24,storage,15.3333,714.0,6.1008,13.3201,9,0,0
org_dhylurtp,2025-08-25,compute,9.7509,111.0,0.9352,11.2733,3,0,0
org_dhylurtp,2025-08-25,storage,5.8621,243.0,0,21.9155,3,0,0
org_dhylurtp,2025-08-26,compute,28.9006,370.0,4.3784,17.8678,6,0,0
org_dhylurtp,2025-08-26,database,1.6200,495.0,2.105,17.2375,6,0,2
org_dhylurtp,2025-08-26,networking,2.2285,250.0,0,11.0309,3,0,0
org_dhylurtp,2025-08-26,storage,7.6723,236.0,1.7071,18.0739,6,1,0
org_dhylurtp,2025-08-27,compute,17.7836,227.0,0,3.4223,3,0,0
org_dhylurtp,2025-08-27,database,19.5305,603.0,0,6.2801,6,0,1
org_dhylurtp,2025-08-27,storage,17.6966,726.0,9.2943,8.2849,12,0,0
org_dhylurtp,2025-08-28,compute,10.6886,89.0,1.4026,41.8642,6,0,0
org_dhylurtp,2025-08-28,database,0.4343,0,3.8103,6.4785,3,0,0
org_dhylurtp,2025-08-28,storage,6.0205,240.0,3.9909,0,3,0,0
org_dhylurtp,2025-08-29,compute,35.0640,364.0,1.3868,17.9077,6,0,0
org_dhylurtp,2025-08-29,database,5.3363,108.0,2.9569,3.2853,3,0,0
org_dhylurtp,2025-08-29,networking,1.0037,115.0,2.9729,10.1911,3,0,0
org_dhylurtp,2025-08-29,storage,4.1785,128.0,11.5062,42.9920,9,0,0
org_dhylurtp,2025-08-30,compute,24.6407,244.0,1.277,32.8687,6,0,0
org_dhylurtp,2025-08-30,database,13.4175,254.0,3.0078,0,3,0,0
org_dhylurtp,2025-08-30,storage,13.1088,528.0,0,12.5797,6,1,0
org_dhylurtp,2025-08-31,compute,27.0446,347.0,1.7003,5.6485,6,0,0
org_dhylurtp,2025-08-31,networking,2.4709,250.0,0,16.5554,3,0,0
org_dhylurtp,2025-08-31,storage,13.1838,623.0,0,29.9862,6,0,0
org_dppq0y9d,2025-07-03,compute,57.6106,601.0,3.140,19.598,9,0,0
org_dppq0y9d,2025-07-03,genai,31.6242,243.0,0.9044,0,6,0,0
org_dppq0y9d,2025-07-04,compute,10.0931,116.0,1.46,7.8667,3,0,0
org_dppq0y9d,2025-07-04,genai,3.0383,0,2.7879,25.8699,3,0,0
org_dppq0y9d,2025-07-05,compute,39.7590,520.0,3.8297,30.5738,9,0,0
org_dppq0y9d,2025-07-05,genai,1.7708,230.0,5.0668,17.5163,6,0,1
org_dppq0y9d,2025-07-06,compute,28.6890,335.0,0,27.9208,6,0,0
org_dppq0y9d,2025-07-06,genai,16.2682,122.0,1.0229,0,3,0,0
org_dppq0y9d,2025-07-07,compute,2.2261,0,2.7196,26.2549,3,0,0
org_dppq0y9d,2025-07-07,genai,39.3666,299.0,4.8194,18.1078,6,0,0
org_dppq0y9d,2025-07-08,compute,30.9916,351.0,5.6904,23.7971,9,0,1
org_dppq0y9d,2025-07-08,genai,29.0538,248.0,0,13.3956,3,0,0
org_dppq0y9d,2025-07-09,compute,2.6502,0,8.1186,26.4324,6,0,0
org_dppq0y9d,2025-07-09,genai,2.5019,0,1.5265,20.7186,3,0,0
org_dppq0y9d,2025-07-10,compute,26.2457,216.0,0,0,3,1,0
org_dppq0y9d,2025-07-10,genai,51.0334,392.0,3.0174,6.2828,6,0,0
org_dppq0y9d,2025-07-11,compute,21.6828,232.0,0,26.0975,6,0,0
org_dppq0y9d,2025-07-11,genai,30.9420,255.0,2.1752,34.1425,6,0,0
org_dppq0y9d,2025-07-12,compute,19.4686,233.0,0,11.3527,3,0,0
org_dppq0y9d,2025-07-12,genai,3.1202,0,5.0181,23.1148,3,0,0
org_dppq0y9d,2025-07-13,compute,20.9329,274.0,5.5509,17.55,6,0,0
org_dppq0y9d,2025-07-13,genai,18.1862,110.0,4.5393,33.3324,6,0,0
org_dppq0y9d,2025-07-14,compute,10.4464,113.0,3.3565,0,3,0,0
org_dppq0y9d,2025-07-14,genai,32.9727,234.0,3.547,38.8098,6,0,0
org_dppq0y9d,2025-07-15,compute,43.9727,498.0,0,20.1841,6,0,0
org_dppq0y9d,2025-07-15,genai,38.9825,353.0,0,0,3,0,0
org_dppq0y9d,2025-07-16,compute,33.5851,363.0,0.3982,0,6,0,0
org_dppq0y9d,2025-07-17,compute,10.2937,122.0,0.0,26.3570,6,0,0
org_dppq0y9d,2025-07-17,genai,14.9216,119.0,3.4701,0,3,0,0
org_dppq0y9d,2025-07-18,compute,50.1593,601.0,5.4534,3.6499,9,0,0
org_dppq0y9d,2025-07-18,genai,48.4475,352.0,4.4401,10.5883,6,0,0
org_dppq0y9d,2025-07-19,compute,33.3993,346.0,3.6177,15.2441,9,0,0
org_dppq0y9d,2025-07-19,genai,5.6655,0,3.5691,18.0208,3,0,0
org_dppq0y9d,2025-07-20,compute,62.6047,742.0,4.6214,9.3311,9,0,0
org_dppq0y9d,2025-07-20,genai,28.3539,242.0,4.3152,24.9932,6,0,0
org_dppq0y9d,2025-07-21,compute,28.4916,351.0,0,0,3,0,0
org_dppq0y9d,2025-07-21,genai,27.4375,259.0,0,11.0329,3,0,0
org_dppq0y9d,2025-07-22,compute,30.9103,357.0,2.3462,10.2118,6,0,0
org_dppq0y9d,2025-07-22,genai,7.5018,0,5.5471,40.0001,6,1,0
org_dppq0y9d,2025-07-23,compute,14.1062,133.0,9.1219,35.9542,6,0,0
org_dppq0y9d,2025-07-23,genai,12.3317,113.0,0,14.7313,3,0,0
org_dppq0y9d,2025-07-24,compute,16.1909,246.0,1.0641,0,3,0,0
org_dppq0y9d,2025-07-24,genai,15.2650,115.0,0,22.1971,3,0,0
org_dppq0y9d,2025-07-25,compute,24.8753,238.0,0,16.3946,3,0,0
org_dppq0y9d,2025-07-25,genai,37.5637,231.0,3.1159,44.3391,6,0,0
org_dppq0y9d,2025-07-26,compute,41.4055,559.0,0,23.0161,9,0,0
org_dppq0y9d,2025-07-26,genai,45.8562,360.0,0,0,3,0,0
org_dppq0y9d,2025-07-27,compute,25.5640,376.0,4.0972,2.3012,6,0,0
org_dppq0y9d,2025-07-27,genai,33.3843,224.0,2.7254,0,3,0,0
org_dppq0y9d,2025-07-28,compute,19.1337,221.0,3.8271,0,3,0,0
org_dppq0y9d,2025-07-29,compute,43.5158,463.0,2.2414,4.687,6,0,0
org_dppq0y9d,2025-07-29,genai,32.0075,255.0,0,0.0,3,0,0
org_dppq0y9d,2025-07-30,compute,18.5766,212.0,0.0884,31.4093,9,0,0
org_dppq0y9d,2025-07-31,compute,29.5159,246.0,5.5462,11.8072,9,1,0
org_dppq0y9d,2025-07-31,genai,13.7020,106.0,3.2651,0.0,3,0,0
org_dppq0y9d,2025-08-01,compute,37.7778,385.0,5.7039,0,6,0,0
org_dppq0y9d,2025-08-01,genai,74.1487,560.0,0,11.5434,6,0,0
org_dppq0y9d,2025-08-02,genai,50.9886,247.0,0.4548,25.6583,6,1,0
org_dppq0y9d,2025-08-03,compute,45.6982,581.0,0.0,0,6,0,0
org_dppq0y9d,2025-08-03,genai,46.3263,391.0,0,0,3,0,0
org_dppq0y9d,2025-08-04,compute,22.6943,232.0,2.4534,35.4368,6,0,0
org_dppq0y9d,2025-08-04,genai,15.0325,109.0,3.1734,0,3,0,0
org_dppq0y9d,2025-08-05,compute,2.3282,0,1.2712,20.7454,3,0,0
org_dppq0y9d,2025-08-05,genai,14.0295,99.0,0.0,12.7287,3,0,0
org_dppq0y9d,2025-08-06,compute,12.1602,131.0,1.665,5.2768,3,0,0
org_dppq0y9d,2025-08-06,genai,14.8975,105.0,1.8708,13.0866,3,0,0
org_dppq0y9d,2025-08-07,compute,45.1618,590.0,2.7102,19.0443,9,0,0
org_dppq0y9d,2025-08-08,compute,13.5442,134.0,2.8581,34.1352,6,0,0
org_dppq0y9d,2025-08-08,genai,42.4336,253.0,0,0,3,1,0
org_dppq0y9d,2025-08-09,compute,32.7573,352.0,3.0309,5.1409,9,0,0
org_dppq0y9d,2025-08-09,genai,33.0412,257.0,3.216,0,3,0,0
org_dppq0y9d,2025-08-10,compute,10.9164,122.0,3.5777,4.8166,3,0,0
org_dppq0y9d,2025-08-11,compute,47.6925,502.0,3.2737,16.6023,9,1,0
org_dppq0y9d,2025-08-11,genai,2.7687,0,0.4562,24.4916,3,0,0
org_dppq0y9d,2025-08-12,compute,30.3174,338.0,4.6749,18.5592,6,0,0
org_dppq0y9d,2025-08-12,genai,13.1083,121.0,0.309,0,3,0,0
org_dppq0y9d,2025-08-13,compute,25.5975,223.0,1.797,33.5831,6,0,0
org_dppq0y9d,2025-08-13,genai,41.7915,337.0,0,0,3,0,0
org_dppq0y9d,2025-08-14,compute,40.3301,377.0,0,18.8376,6,1,0
org_dppq0y9d,2025-08-14,genai,15.5687,135.0,1.2782,9.5419,3,0,0
org_dppq0y9d,2025-08-15,compute,10.4036,108.0,4.3908,26.7344,6,0,0
org_dppq0y9d,2025-08-15,genai,57.8275,370.0,0,26.1992,6,1,0
org_dppq0y9d,2025-08-16,compute,23.1253,255.0,0,18.5473,3,0,0
org_dppq0y9d,2025-08-17,compute,17.8526,250.0,0,12.5106,3,0,0
org_dppq0y9d,2025-08-17,genai,15.8285,128.0,9.0810,0,3,0,0
org_dppq0y9d,2025-08-18,compute,21.6549,250.0,2.1846,10.2303,6,0,0
org_dppq0y9d,2025-08-19,compute,22.8802,248.0,4.6042,26.8147,6,0,0
org_dppq0y9d,2025-08-20,compute,40.3457,506.0,0.4721,18.3972,6,0,0
org_dppq0y9d,2025-08-20,genai,65.8082,509.0,0,19.3040,6,0,0
org_dppq0y9d,2025-08-21,compute,30.1681,238.0,3.0336,12.3727,6,1,0
org_dppq0y9d,2025-08-21,genai,31.4400,241.0,0.6464,24.2569,6,0,0
org_dppq0y9d,2025-08-22,genai,0.9932,0,3.3275,5.4077,3,0,0
org_dppq0y9d,2025-08-23,compute,8.8093,121.0,3.8163,0.0,6,0,0
org_dppq0y9d,2025-08-24,compute,21.9505,244.0,0.0,0,3,0,0
org_dppq0y9d,2025-08-24,genai,34.8442,247.0,3.2317,0,3,0,0
org_dppq0y9d,2025-08-25,compute,48.4273,463.0,2.8592,6.1896,9,2,0
org_dppq0y9d,2025-08-26,compute,53.6907,695.0,1.7525,10.9864,9,0,0
org_dppq0y9d,2025-08-26,genai,31.7667,264.0,2.2076,0,3,0,0
org_dppq0y9d,2025-08-27,genai,2.3027,0,0.8177,16.9057,3,0,0
org_dppq0y9d,2025-08-28,compute,32.9795,388.0,6.8778,0,6,0,0
org_dppq0y9d,2025-08-28,genai,7.0104,222.0,3.45,0,3,0,1
org_dppq0y9d,2025-08-29,compute,12.3915,125.0,5.0825,6.7568,6,0,0
org_dppq0y9d,2025-08-29,genai,30.4237,263.0,0.3751,0,3,0,0
org_dppq0y9d,2025-08-30,compute,37.3387,472.0,6.5818,15.2766,9,0,0
org_dppq0y9d,2025-08-30,genai,15.6378,111.0,3.79,0,3,0,0
org_dppq0y9d,2025-08-31,compute,43.3286,495.0,2.872,18.8233,6,0,0
org_dppq0y9d,2025-08-31,genai,18.9214,128.0,0.0,13.6565,3,0,0
org_dzr1yxr2,2025-07-03,database,6.3755,133.0,1.537,11.8532,3,0,0
org_dzr1yxr2,2025-07-03,storage,0.3378,0,1.9498,15.5408,3,0,0
org_dzr1yxr2,2025-07-04,compute,21.4533,213.0,0,10.6371,3,0,0
org_dzr1yxr2,2025-07-04,database,11.5579,235.0,0,11.2779,3,0,0
org_dzr1yxr2,2025-07-04,storage,5.8059,264.0,1.4491,0,3,0,0
org_dzr1yxr2,2025-07-05,compute,42.0846,488.0,0.8205,17.7643,6,0,0
org_dzr1yxr2,2025-07-05,networking,1.3095,109.0,0,10.4451,3,0,0
org_dzr1yxr2,2025-07-05,storage,3.4021,127.0,3.3745,0,3,0,0
org_dzr1yxr2,2025-07-06,compute,11.6727,137.0,5.8863,0,3,0,0
org_dzr1yxr2,2025-07-06,database,19.9956,366.0,0,0,3,0,0
org_dzr1yxr2,2025-07-06,networking,1.1316,106.0,1.7634,19.9559,3,0,0
org_dzr1yxr2,2025-07-07,compute,19.4356,255.0,3.8153,36.0229,6,0,0
org_dzr1yxr2,2025-07-07,networking,1.1802,0,2.9043,14.6103,3,1,0
org_dzr1yxr2,2025-07-07,storage,4.5369,241.0,0,2.8738,3,0,0
org_dzr1yxr2,2025-07-08,compute,9.3618,113.0,3.512,4.4848,3,0,0
org_dzr1yxr2,2025-07-08,networking,1.9660,241.0,2.2885,0,3,0,0
org_dzr1yxr2,2025-07-08,storage,2.2915,114.0,0,6.488,3,0,0
org_dzr1yxr2,2025-07-09,compute,30.9092,216.0,2.7513,23.0440,6,0,0
org_dzr1yxr2,2025-07-09,database,13.0068,230.0,0,8.2808,3,0,0
org_dzr1yxr2,2025-07-10,compute,1.0031,0,2.9392,11.6122,3,0,0
org_dzr1yxr2,2025-07-10,database,17.3104,345.0,0,0,3,0,0
org_dzr1yxr2,2025-07-10,networking,0.0857,0,0,8.9280,3,0,0
org_dzr1yxr2,2025-07-10,storage,2.5129,116.0,0.0,16.4348,3,0,0
org_dzr1yxr2,2025-07-11,compute,31.1005,390.0,0.285,26.0168,6,0,0
org_dzr1yxr2,2025-07-11,database,0.1455,0,2.4815,0,3,0,0
org_dzr1yxr2,2025-07-11,networking,1.1671,130.0,1.9628,0,3,1,0
org_dzr1yxr2,2025-07-12,networking,1.8992,128.0,0,32.2890,3,0,0
org_dzr1yxr2,2025-07-12,storage,0.4243,0,1.0597,19.4503,3,0,0
org_dzr1yxr2,2025-07-13,compute,13.8385,130.0,2.2702,25.6535,3,0,0
org_dzr1yxr2,2025-07-13,networking,1.2782,106.0,0,27.8081,3,0,0
org_dzr1yxr2,2025-07-13,storage,0.4801,0,0,24.0281,3,0,0
org_dzr1yxr2,2025-07-14,database,13.9038,229.0,0,12.6488,3,0,0
org_dzr1yxr2,2025-07-14,networking,1.3606,143.0,2.3653,6.12,3,0,0
org_dzr1yxr2,2025-07-14,storage,8.5428,354.0,0,0,3,0,0
org_dzr1yxr2,2025-07-15,compute,10.7013,121.0,3.9465,8.4705,3,0,0
org_dzr1yxr2,2025-07-15,database,6.1852,132.0,4.4045,0,3,0,0
org_dzr1yxr2,2025-07-16,compute,34.7684,379.0,5.2017,0.0,6,0,0
org_dzr1yxr2,2025-07-16,database,7.8241,117.0,3.3555,9.316,3,0,0
org_dzr1yxr2,2025-07-16,networking,3.0348,264.0,0,16.8633,3,0,0
org_dzr1yxr2,2025-07-16,storage,2.4737,113.0,0.0,17.7577,3,0,0
org_dzr1yxr2,2025-07-18,compute,22.1826,269.0,0.8959,0,3,0,0
org_dzr1yxr2,2025-07-18,storage,4.8940,233.0,0,16.0667,3,0,0
org_dzr1yxr2,2025-07-19,compute,28.6469,347.0,2.596,16.982,6,0,0
org_dzr1yxr2,2025-07-19,database,7.5017,148.0,0,12.4651,3,0,0
org_dzr1yxr2,2025-07-19,networking,1.3965,121.0,0,18.5369,3,0,0
org_dzr1yxr2,2025-07-19,storage,4.7840,249.0,0,16.5225,3,0,0
org_dzr1yxr2,2025-07-20,compute,23.9358,241.0,4.1599,22.926,6,0,0
org_dzr1yxr2,2025-07-20,database,11.5045,247.0,0.0,0,3,0,0
org_dzr1yxr2,2025-07-20,storage,5.7384,251.0,0,27.6113,3,0,0
org_dzr1yxr2,2025-07-21,compute,29.7150,368.0,0,13.3558,6,1,0
org_dzr1yxr2,2025-07-21,database,1.4884,0,0,25.3027,3,0,0
org_dzr1yxr2,2025-07-21,storage,5.9115,248.0,2.2231,0,3,0,0
org_dzr1yxr2,2025-07-22,compute,1.4867,0,3.079,12.3965,3,1,0
org_dzr1yxr2,2025-07-23,compute,32.7703,388.0,7.3103,9.3883,6,0,0
org_dzr1yxr2,2025-07-23,database,10.6492,238.0,2.7466,0,3,0,0
org_dzr1yxr2,2025-07-23,networking,1.2185,132.0,2.9826,0,3,0,0
org_dzr1yxr2,2025-07-23,storage,1.8132,140.0,4.0950,0,3,0,0
org_dzr1yxr2,2025-07-24,compute,21.9441,239.0,0,10.9978,3,0,0
org_dzr1yxr2,2025-07-24,storage,3.6144,124.0,3.3029,23.2613,3,0,0
org_dzr1yxr2,2025-07-25,compute,49.1167,590.0,1.7311,0,6,0,0
org_dzr1yxr2,2025-07-25,database,12.8432,241.0,2.035,0,3,0,0
org_dzr1yxr2,2025-07-26,compute,51.7837,588.0,0,0.0,6,0,0
org_dzr1yxr2,2025-07-26,database,1.3306,0,0.0,14.7711,3,1,0
org_dzr1yxr2,2025-07-26,networking,1.2370,91.0,0.0,1.432,3,0,0
org_dzr1yxr2,2025-07-26,storage,3.7175,134.0,0,28.4686,3,0,0
org_dzr1yxr2,2025-07-27,compute,16.8002,245.0,1.4749,0,3,0,0
org_dzr1yxr2,2025-07-27,database,6.3248,121.0,1.6383,7.7623,3,0,0
org_dzr1yxr2,2025-07-28,compute,1.4100,0,2.4184,12.9145,3,0,0
org_dzr1yxr2,2025-07-29,compute,19.6043,232.0,7.9212,0.5408,6,0,0
org_dzr1yxr2,2025-07-29,database,14.2666,239.0,1.0127,0,3,0,0
org_dzr1yxr2,2025-07-29,storage,4.8352,122.0,0,0.8556,3,1,0
org_dzr1yxr2,2025-07-30,database,5.9223,106.0,2.1248,11.4916,3,0,0
org_dzr1yxr2,2025-07-30,networking,2.4042,232.0,2.0457,0,3,0,0
org_dzr1yxr2,2025-07-31,compute,31.4497,461.0,0.0,3.6814,6,0,0
org_dzr1yxr2,2025-07-31,database,9.1097,135.0,0,27.9073,3,0,0
org_dzr1yxr2,2025-07-31,networking,0.0714,0,1.0721,6.5576,3,0,0
org_dzr1yxr2,2025-07-31,storage,3.2124,132.0,1.0506,6.0993,3,0,0
org_dzr1yxr2,2025-08-01,compute,39.7733,460.0,1.9487,14.0135,6,0,0
org_dzr1yxr2,2025-08-01,storage,0.0455,0,2.1028,0,3,0,0
org_dzr1yxr2,2025-08-02,compute,20.3689,239.0,4.2681,51.8501,6,0,0
org_dzr1yxr2,2025-08-02,networking,1.6606,120.0,2.1595,16.6944,3,0,0
org_dzr1yxr2,2025-08-03,database,14.2871,242.0,0,13.8667,3,0,0
org_dzr1yxr2,2025-08-03,networking,2.6893,99.0,0,8.8322,3,1,0
org_dzr1yxr2,2025-08-03,storage,2.5565,112.0,0,22.5015,3,0,0
org_dzr1yxr2,2025-08-04,compute,28.6652,372.0,0,0,3,0,0
org_dzr1yxr2,2025-08-04,database,5.8240,131.0,4.9878,0,3,0,0
org_dzr1yxr2,2025-08-04,networking,2.6072,266.0,0.4337,0,3,0,0
org_dzr1yxr2,2025-08-04,storage,2.0120,118.0,1.0507,0.0,3,0,0
org_dzr1yxr2,2025-08-05,compute,32.6820,365.0,3.8623,37.3654,6,0,0
org_dzr1yxr2,2025-08-05,database,14.0108,250.0,3.6481,0,3,0,0
org_dzr1yxr2,2025-08-06,compute,34.2482,475.0,2.004,0.0,6,0,0
org_dzr1yxr2,2025-08-06,database,5.7516,112.0,4.6545,0,3,0,0
org_dzr1yxr2,2025-08-06,storage,2.3816,129.0,1.5486,7.6789,3,0,0
org_dzr1yxr2,2025-08-07,compute,21.5435,264.0,1.7511,24.1797,6,1,0
org_dzr1yxr2,2025-08-07,database,14.0939,261.0,1.4823,0,3,0,0
org_dzr1yxr2,2025-08-07,networking,2.5394,255.0,3.5779,0,3,0,0
org_dzr1yxr2,2025-08-08,database,7.1306,126.0,1.528,9.5216,3,0,0
org_dzr1yxr2,2025-08-08,networking,2.7156,248.0,0,1.2577,3,0,0
org_dzr1yxr2,2025-08-08,storage,0.1538,0,2.1472,6.2178,3,0,0
org_dzr1yxr2,2025-08-09,compute,20.4479,242.0,0,7.9926,3,0,0
org_dzr1yxr2,2025-08-09,database,6.4891,120.0,0.9944,12.1134,3,0,0
org_dzr1yxr2,2025-08-10,networking,1.2542,122.0,0.6718,9.7493,3,0,0
org_dzr1yxr2,2025-08-11,compute,13.3554,130.0,0,25.9159,3,0,0
org_dzr1yxr2,2025-08-11,database,0.5027,0,0.0,8.2877,3,0,0
org_dzr1yxr2,2025-08-11,networking,3.4767,350.0,0,0,3,0,0
org_dzr1yxr2,2025-08-12,compute,17.0783,258.0,1.341,0,3,0,0
org_dzr1yxr2,2025-08-12,database,6.4984,108.0,3.3784,0.0,3,0,0
org_dzr1yxr2,2025-08-12,storage,0.3081,0,2.0914,11.728,3,0,0
org_dzr1yxr2,2025-08-13,storage,3.3544,136.0,5.2639,0,3,0,0
org_dzr1yxr2,2025-08-14,compute,41.7460,520.0,4.0105,8.2742,6,0,0
org_dzr1yxr2,2025-08-14,networking,3.6753,377.0,0,0,3,0,0
org_dzr1yxr2,2025-08-14,storage,4.9009,240.0,0.9434,0,3,0,0
org_dzr1yxr2,2025-08-15,compute,8.4067,122.0,0.0,1.6601,3,0,0
org_dzr1yxr2,2025-08-16,compute,35.7009,472.0,1.7893,0,6,0,0
org_dzr1yxr2,2025-08-16,database,12.8815,249.0,0,0,3,1,0
org_dzr1yxr2,2025-08-16,networking,2.5162,221.0,0,16.1864,3,0,0
org_dzr1yxr2,2025-08-16,storage,7.0226,351.0,0,0,3,0,0
org_dzr1yxr2,2025-08-17,database,6.4163,126.0,6.6533,0,3,0,0
org_dzr1yxr2,2025-08-17,networking,1.5840,130.0,2.3664,19.4526,3,0,0
org_dzr1yxr2,2025-08-17,storage,2.8769,120.0,0,46.0126,3,0,0
org_dzr1yxr2,2025-08-18,database,8.3976,114.0,3.5953,30.0245,3,0,0
org_dzr1yxr2,2025-08-18,networking,0.9805,117.0,6.3180,0,3,0,0
org_dzr1yxr2,2025-08-18,storage,6.5375,243.0,2.1252,0,3,0,0
org_dzr1yxr2,2025-08-19,compute,34.4271,457.0,0.0,10.2275,6,0,0
org_dzr1yxr2,2025-08-19,database,12.0774,235.0,0,4.806,3,0,0
org_dzr1yxr2,2025-08-19,networking,2.2072,248.0,0,6.46,3,0,0
org_dzr1yxr2,2025-08-20,compute,18.8025,234.0,0.1518,16.4057,6,0,0
org_dzr1yxr2,2025-08-20,networking,0.8685,119.0,1.1253,4.4514,3,0,0
org_dzr1yxr2,2025-08-20,storage,4.6607,225.0,0.101,0,3,0,0
org_dzr1yxr2,2025-08-21,storage,4.7354,242.0,1.0954,0,3,0,0
org_dzr1yxr2,2025-08-22,compute,21.7556,260.0,1.5011,15.1166,6,0,0
org_dzr1yxr2,2025-08-22,storage,5.6410,262.0,0,17.274,3,0,0
org_dzr1yxr2,2025-08-23,database,12.5981,237.0,0,8.0427,3,0,0
org_dzr1yxr2,2025-08-23,networking,0.1229,0,2.9712,10.2731,3,0,0
org_dzr1yxr2,2025-08-23,storage,4.6008,226.0,0,9.773,3,0,0
org_dzr1yxr2,2025-08-24,compute,27.7116,346.0,2.7094,0,6,0,0
org_dzr1yxr2,2025-08-24,networking,1.2162,115.0,4.9018,0,3,0,0
org_dzr1yxr2,2025-08-25,compute,42.3181,500.0,2.23,13.4671,6,0,0
org_dzr1yxr2,2025-08-25,database,8.0457,115.0,4.3979,17.6409,3,0,0
org_dzr1yxr2,2025-08-25,networking,1.4058,117.0,0,14.9059,3,0,0
org_dzr1yxr2,2025-08-26,compute,9.7472,112.0,6.8944,1.8349,6,0,0
org_dzr1yxr2,2025-08-26,database,13.1868,240.0,0,17.8459,3,0,0
org_dzr1yxr2,2025-08-26,networking,1.0430,96.0,2.1906,22.0296,3,0,0
org_dzr1yxr2,2025-08-26,storage,2.9175,118.0,0.9982,6.999,3,0,0
org_dzr1yxr2,2025-08-27,compute,20.4355,243.0,0,5.7074,3,0,0
org_dzr1yxr2,2025-08-27,networking,1.4346,128.0,0,16.6800,3,0,0
org_dzr1yxr2,2025-08-27,storage,4.8590,229.0,1.3196,0,3,0,0
org_dzr1yxr2,2025-08-28,database,12.0378,238.0,0,9.2087,3,0,0
org_dzr1yxr2,2025-08-29,compute,24.3914,237.0,6.2423,16.9485,6,0,0
org_dzr1yxr2,2025-08-29,networking,2.3547,243.0,0,15.8097,3,0,0
org_dzr1yxr2,2025-08-29,storage,3.0690,136.0,0.0,11.008,3,0,0
org_dzr1yxr2,2025-08-30,compute,34.6949,450.0,0,19.4304,6,0,0
org_dzr1yxr2,2025-08-30,networking,2.5874,278.0,0.0,0,3,0,0
org_dzr1yxr2,2025-08-30,storage,4.2723,255.0,1.6916,0,3,0,0
org_dzr1yxr2,2025-08-31,compute,13.4230,119.0,0.7785,16.3907,3,0,0
org_dzr1yxr2,2025-08-31,networking,1.0865,116.0,0.6882,7.7514,3,0,0
org_dzr1yxr2,2025-08-31,storage,4.3093,241.0,2.1879,0,3,0,0
org_fel6246h,2025-07-03,analytics,1.2184,0,4.9666,13.0310,3,0,0
org_fel6246h,2025-07-03,genai,0.6143,0,5.6675,0,3,0,0
org_fel6246h,2025-07-04,analytics,18.1578,254.0,0.8582,0,3,0,0
org_fel6246h,2025-07-04,compute,1.6742,0,0.0,23.858,3,0,0
org_fel6246h,2025-07-04,genai,25.7299,230.0,0.4799,0,3,0,0
org_fel6246h,2025-07-05,analytics,16.6360,245.0,0,12.2666,3,0,0
org_fel6246h,2025-07-05,compute,10.5020,0,0,21.4884,3,1,0
org_fel6246h,2025-07-05,genai,37.7727,351.0,0,0,3,0,0
org_fel6246h,2025-07-05,storage,5.6567,254.0,0,10.3403,3,0,0
org_fel6246h,2025-07-06,analytics,18.7773,258.0,2.4577,0,3,0,0
org_fel6246h,2025-07-06,genai,21.0365,229.0,3.2341,0,3,0,0
org_fel6246h,2025-07-06,storage,5.2650,242.0,4.2224,0,3,0,0
org_fel6246h,2025-07-07,analytics,26.3898,369.0,0,0,3,0,0
org_fel6246h,2025-07-07,compute,12.7109,125.0,0,27.5107,3,0,0
org_fel6246h,2025-07-07,storage,5.1971,247.0,0,5.0284,3,0,0
org_fel6246h,2025-07-08,analytics,17.6125,256.0,0,7.9031,3,0,0
org_fel6246h,2025-07-09,compute,21.7222,235.0,0,13.4384,3,0,0
org_fel6246h,2025-07-10,analytics,8.4332,132.0,2.4076,5.7097,3,0,0
org_fel6246h,2025-07-10,storage,4.5612,217.0,0,0,3,1,0
org_fel6246h,2025-07-11,analytics,16.0765,247.0,0.0,0,3,0,0
org_fel6246h,2025-07-11,storage,2.9838,126.0,0,32.1317,3,0,0
org_fel6246h,2025-07-12,analytics,9.2682,125.0,0,11.0355,3,0,0
org_fel6246h,2025-07-12,storage,0.6023,0,9.3432,19.075,3,0,0
org_fel6246h,2025-07-13,storage,4.7895,237.0,0,18.2819,3,0,0
org_fel6246h,2025-07-14,analytics,7.7074,104.0,0,24.9446,3,0,0
org_fel6246h,2025-07-14,compute,10.7015,119.0,0,25.2128,3,0,0
org_fel6246h,2025-07-14,genai,11.8547,98.0,0.0,16.5819,3,0,0
org_fel6246h,2025-07-14,storage,4.0326,231.0,0,0.0,3,0,0
org_fel6246h,2025-07-15,analytics,15.4153,235.0,0,3.843,3,0,0
org_fel6246h,2025-07-15,compute,13.7606,123.0,0.305,14.7546,3,0,0
org_fel6246h,2025-07-15,storage,3.2271,124.0,0,36.2993,3,0,0
org_fel6246h,2025-07-16,analytics,12.6449,235.0,0,6.9531,3,0,0
org_fel6246h,2025-07-16,genai,20.6776,112.0,0,29.4168,3,0,0
org_fel6246h,2025-07-16,storage,3.3590,123.0,0,18.9558,3,0,0
org_fel6246h,2025-07-17,compute,10.6096,122.0,1.9455,7.8121,3,0,0
org_fel6246h,2025-07-18,analytics,27.6019,344.0,0,0,3,0,0
org_fel6246h,2025-07-18,genai,2.2203,0,6.1366,10.1611,3,0,0
org_fel6246h,2025-07-18,storage,4.3917,233.0,0,6.1486,3,0,0
org_fel6246h,2025-07-19,analytics,8.4819,120.0,1.65,18.8367,3,0,0
org_fel6246h,2025-07-20,compute,8.8279,91.0,0,12.3420,3,0,0
org_fel6246h,2025-07-20,genai,20.4188,114.0,2.4594,16.4465,3,0,0
org_fel6246h,2025-07-20,storage,4.4554,237.0,0,10.5424,3,0,0
org_fel6246h,2025-07-21,analytics,17.9233,246.0,0,12.7669,3,0,0
org_fel6246h,2025-07-21,genai,47.6151,363.0,0,0,3,0,0
org_fel6246h,2025-07-21,storage,2.4565,118.0,1.7539,9.0952,3,0,0
org_fel6246h,2025-07-22,analytics,16.4001,243.0,0,27.4977,3,0,0
org_fel6246h,2025-07-22,compute,11.6422,123.0,0,14.7205,3,0,0
org_fel6246h,2025-07-22,genai,12.3516,107.0,3.0446,0.0,3,0,0
org_fel6246h,2025-07-23,analytics,20.0201,261.0,0,11.5634,3,0,0
org_fel6246h,2025-07-23,compute,29.9740,343.0,0,0,3,0,0
org_fel6246h,2025-07-24,analytics,7.0930,124.0,0,11.405,3,0,0
org_fel6246h,2025-07-24,compute,12.4834,111.0,0.0,9.3928,3,0,0
org_fel6246h,2025-07-24,genai,5.5866,0,2.7427,44.2440,3,0,0
org_fel6246h,2025-07-24,storage,0.4423,0,2.0197,20.2021,3,0,0
org_fel6246h,2025-07-25,compute,2.7110,0,5.3334,19.6135,3,0,0
org_fel6246h,2025-07-26,analytics,25.3138,354.0,0,0,3,0,0
org_fel6246h,2025-07-26,compute,10.0695,105.0,3.4154,13.8683,3,0,0
org_fel6246h,2025-07-27,analytics,9.6573,121.0,2.2038,12.4681,3,0,0
org_fel6246h,2025-07-27,compute,34.6227,399.0,0,0,3,0,0
org_fel6246h,2025-07-27,genai,33.3744,278.0,0,11.4289,3,0,0
org_fel6246h,2025-07-27,storage,0.3649,0,0,16.4261,3,0,0
org_fel6246h,2025-07-28,analytics,15.3238,226.0,3.6234,0,3,0,0
org_fel6246h,2025-07-29,compute,2.1572,0,0,29.1448,3,0,0
org_fel6246h,2025-07-29,storage,2.9059,130.0,0.8955,10.9897,3,0,0
org_fel6246h,2025-07-30,genai,14.2813,114.0,3.2636,7.0373,3,0,0
org_fel6246h,2025-07-31,analytics,2.8832,0,0,36.2980,3,0,0
org_fel6246h,2025-07-31,compute,2.7714,0,0,34.3561,3,0,0
org_fel6246h,2025-07-31,genai,17.0375,122.0,2.1822,10.5796,3,0,0
org_fel6246h,2025-07-31,storage,4.3428,226.0,2.5617,0,3,0,0
org_fel6246h,2025-08-01,analytics,11.5619,115.0,0,42.8657,3,0,0
org_fel6246h,2025-08-01,compute,22.1512,221.0,1.2515,0,3,0,0
org_fel6246h,2025-08-01,genai,39.8411,243.0,0,4.0308,3,0,0
org_fel6246h,2025-08-02,analytics,21.2316,243.0,0,2.7305,3,0,0
org_fel6246h,2025-08-02,compute,14.8136,126.0,0,15.8249,3,0,0
org_fel6246h,2025-08-02,genai,31.6453,259.0,1.1873,0,3,0,0
org_fel6246h,2025-08-03,analytics,11.6692,136.0,0,22.3148,3,0,0
org_fel6246h,2025-08-03,storage,0.4255,0,0,19.3739,3,0,0
org_fel6246h,2025-08-04,analytics,5.5696,0,2.5678,0,3,1,0
org_fel6246h,2025-08-04,genai,18.9054,150.0,0,0.9932,3,0,0
org_fel6246h,2025-08-04,storage,3.9993,246.0,0,5.4751,3,0,0
org_fel6246h,2025-08-05,analytics,8.6754,121.0,1.8695,0.0,3,0,0
org_fel6246h,2025-08-06,compute,3.3802,0,0,42.5663,3,0,0
org_fel6246h,2025-08-07,analytics,15.2062,219.0,0,7.4882,3,0,0
org_fel6246h,2025-08-07,compute,20.5061,227.0,0,8.6362,3,0,0
org_fel6246h,2025-08-07,genai,16.3416,115.0,1.2317,15.8011,3,0,0
org_fel6246h,2025-08-08,analytics,1.9296,0,0,24.6162,3,1,0
org_fel6246h,2025-08-08,compute,19.6348,235.0,0,12.8577,3,0,0
org_fel6246h,2025-08-08,genai,40.1889,350.0,0,0,3,0,0
org_fel6246h,2025-08-08,storage,3.7442,125.0,0,38.7995,3,0,0
org_fel6246h,2025-08-09,analytics,18.6262,225.0,3.5839,0,3,0,0
org_fel6246h,2025-08-09,compute,21.8930,231.0,0,17.0687,3,0,0
org_fel6246h,2025-08-09,genai,15.9049,129.0,3.1757,0,3,0,0
org_fel6246h,2025-08-09,storage,6.4091,360.0,0,0,3,0,0
org_fel6246h,2025-08-10,analytics,7.6156,101.0,3.1580,0,3,0,0
org_fel6246h,2025-08-10,compute,9.1863,122.0,0,5.378,3,0,0
org_fel6246h,2025-08-10,storage,1.6817,124.0,0.3661,1.4516,3,0,0
org_fel6246h,2025-08-11,compute,10.8499,116.0,3.4159,0.0,3,0,0
org_fel6246h,2025-08-11,genai,13.3263,135.0,4.6979,0,3,0,0
org_fel6246h,2025-08-12,analytics,7.0396,105.0,3.5766,4.899,3,0,0
org_fel6246h,2025-08-12,genai,18.4506,145.0,0,13.360,3,0,0
org_fel6246h,2025-08-12,storage,0.1295,0,3.1288,3.7257,3,0,0
org_fel6246h,2025-08-13,compute,21.8871,257.0,3.3883,0,3,0,0
org_fel6246h,2025-08-13,genai,47.1679,364.0,0,0,3,0,0
org_fel6246h,2025-08-13,storage,2.7751,128.0,1.6559,1.4774,3,0,0
org_fel6246h,2025-08-14,analytics,7.5276,110.0,1.2816,5.2858,3,0,0
org_fel6246h,2025-08-14,compute,175.9686,126.0,0.0,1.4908,3,0,0
org_fel6246h,2025-08-14,genai,0.6587,0,4.4260,0.6784,3,0,0
org_fel6246h,2025-08-15,compute,6.7329,104.0,0,7.2167,3,0,0
org_fel6246h,2025-08-15,genai,32.6538,133.0,0,21.3794,3,1,0
org_fel6246h,2025-08-16,genai,34.6278,254.0,0,14.6742,3,0,0
org_fel6246h,2025-08-17,analytics,15.8203,240.0,0,5.7343,3,0,0
org_fel6246h,2025-08-17,compute,22.0394,255.0,3.0101,0,3,0,0
org_fel6246h,2025-08-17,storage,0.3245,0,5.1419,10.4071,3,0,0
org_fel6246h,2025-08-18,analytics,7.6055,115.0,0.0,6.7389,3,0,0
org_fel6246h,2025-08-18,compute,31.0405,346.0,0,0,3,0,0
org_fel6246h,2025-08-18,genai,14.9752,119.0,2.9615,0,3,1,0
org_fel6246h,2025-08-18,storage,4.9419,227.0,0,3.5987,3,0,1
org_fel6246h,2025-08-19,analytics,15.2851,248.0,1.8804,0,3,0,0
org_fel6246h,2025-08-19,compute,15.9980,249.0,0,4.9229,3,0,0
org_fel6246h,2025-08-19,storage,2.7372,131.0,2.1506,26.0398,3,0,0
org_fel6246h,2025-08-20,analytics,25.5526,218.0,0,0,3,1,0
org_fel6246h,2025-08-20,genai,9.6608,0,0,14.9337,3,0,0
org_fel6246h,2025-08-21,analytics,8.4828,113.0,0.0,6.2387,3,0,0
org_fel6246h,2025-08-21,compute,2.5263,0,3.6457,31.2801,3,0,0
org_fel6246h,2025-08-21,storage,2.6456,113.0,6.0493,0,3,0,0
org_fel6246h,2025-08-23,analytics,7.6950,112.0,1.541,0,3,0,0
org_fel6246h,2025-08-23,compute,9.5724,105.0,3.9283,21.3674,3,0,0
org_fel6246h,2025-08-23,genai,18.8844,149.0,2.0672,15.3985,3,0,0
org_fel6246h,2025-08-23,storage,6.0171,347.0,0,0,3,0,0
org_fel6246h,2025-08-24,analytics,8.5259,100.0,1.5319,15.9029,3,0,0
org_fel6246h,2025-08-24,compute,11.4400,118.0,1.3279,0,3,1,0
org_fel6246h,2025-08-24,storage,5.1614,242.0,0,13.5599,3,0,0
org_fel6246h,2025-08-25,analytics,24.8217,381.0,0,0,3,0,0
org_fel6246h,2025-08-25,compute,3.0468,0,0,34.7750,3,0,0
org_fel6246h,2025-08-26,analytics,26.2243,350.0,0,0,3,0,0
org_fel6246h,2025-08-26,storage,5.1510,240.0,0,19.8402,3,0,0
org_fel6246h,2025-08-27,analytics,0.9099,0,6.9191,5.8288,3,0,0
org_fel6246h,2025-08-27,compute,16.8885,214.0,0,14.0142,3,0,0
org_fel6246h,2025-08-27,genai,3.1958,0,0,28.7706,3,0,0
org_fel6246h,2025-08-28,genai,12.3382,111.0,3.8191,14.1035,3,0,0
org_fel6246h,2025-08-29,analytics,3.3435,0,2.2451,41.0001,3,0,0
org_fel6246h,2025-08-29,compute,9.3836,107.0,2.6271,13.0121,3,0,0
org_fel6246h,2025-08-29,genai,28.4547,226.0,0,19.0327,3,0,0
org_fel6246h,2025-08-29,storage,4.7655,264.0,0,0.0,3,0,0
org_fel6246h,2025-08-30,genai,2.3421,0,3.6745,12.8598,3,0,0
org_fel6246h,2025-08-31,analytics,8.0753,125.0,0.0,16.9203,3,0,0
org_fel6246h,2025-08-31,compute,12.5702,140.0,0.4006,14.5522,3,0,0
org_fel6246h,2025-08-31,storage,4.8421,247.0,0,10.0309,3,0,0
org_g0fn9xuy,2025-07-03,compute,18.4940,250.0,0,5.1993,3,0,0
org_g0fn9xuy,2025-07-03,networking,1.4294,115.0,4.9563,0,3,0,0
org_g0fn9xuy,2025-07-05,storage,3.5881,136.0,0,37.1194,3,0,0
org_g0fn9xuy,2025-07-07,compute,9.9886,105.0,0,25.1170,3,0,0
org_g0fn9xuy,2025-07-07,storage,2.5798,125.0,1.6463,16.3573,3,0,0
org_g0fn9xuy,2025-07-08,compute,9.6209,131.0,0,17.4399,3,0,0
org_g0fn9xuy,2025-07-08,networking,3.3693,350.0,0,0,3,0,0
org_g0fn9xuy,2025-07-08,storage,2.8118,125.0,3.4234,17.5904,3,0,0
org_g0fn9xuy,2025-07-09,storage,5.4127,249.0,0,7.2905,3,0,0
org_g0fn9xuy,2025-07-10,networking,0.1394,0,2.5104,10.412,3,1,0
org_g0fn9xuy,2025-07-10,storage,5.7193,104.0,0,26.1764,3,1,0
org_g0fn9xuy,2025-07-11,compute,3.6065,0,0,41.4068,3,0,0
org_g0fn9xuy,2025-07-11,networking,0.3396,224.0,0,16.613,3,0,1
org_g0fn9xuy,2025-07-11,storage,0.7144,0,0,30.9800,3,0,0
org_g0fn9xuy,2025-07-12,storage,2.8901,118.0,0,28.5795,3,1,0
org_g0fn9xuy,2025-07-14,compute,28.7360,345.0,0,0,3,0,0
org_g0fn9xuy,2025-07-14,storage,2.0643,109.0,1.8081,0,3,0,0
org_g0fn9xuy,2025-07-15,compute,19.5839,255.0,0,3.9446,3,0,0
org_g0fn9xuy,2025-07-15,networking,1.2476,108.0,2.5045,0,3,0,0
org_g0fn9xuy,2025-07-16,compute,12.7937,128.0,6.2116,0,3,0,0
org_g0fn9xuy,2025-07-16,networking,2.2372,253.0,0,0.0,3,0,0
org_g0fn9xuy,2025-07-17,storage,4.7807,255.0,0,18.664,3,0,0
org_g0fn9xuy,2025-07-18,networking,1.1742,121.0,0,19.9795,3,0,0
org_g0fn9xuy,2025-07-18,storage,4.2909,232.0,2.4018,0,3,0,0
org_g0fn9xuy,2025-07-19,compute,9.1695,123.0,2.0133,0,3,0,0
org_g0fn9xuy,2025-07-19,storage,2.0030,106.0,2.1482,4.8122,3,0,0
org_g0fn9xuy,2025-07-20,compute,12.6194,134.0,1.1316,1.4997,3,0,0
org_g0fn9xuy,2025-07-20,storage,0.5254,0,0,27.8299,3,0,0
org_g0fn9xuy,2025-07-21,compute,15.2026,144.0,0,23.0135,3,0,0
org_g0fn9xuy,2025-07-22,compute,22.7596,247.0,0,15.7362,3,0,0
org_g0fn9xuy,2025-07-23,compute,10.6481,116.0,0.9082,17.2537,3,0,0
org_g0fn9xuy,2025-07-23,storage,1.9018,109.0,0,6.2148,3,1,0
org_g0fn9xuy,2025-07-24,compute,19.8861,247.0,0,7.6964,3,0,0
org_g0fn9xuy,2025-07-24,networking,1.8307,220.0,2.993,0,3,0,0
org_g0fn9xuy,2025-07-24,storage,2.9343,119.0,2.3848,25.4657,3,0,0
org_g0fn9xuy,2025-07-25,storage,0.1524,0,4.0494,3.5363,3,0,0
org_g0fn9xuy,2025-07-27,compute,0.5304,0,1.1907,6.0746,3,0,0
org_g0fn9xuy,2025-07-28,networking,2.5576,263.0,1.311,0,3,0,0
org_g0fn9xuy,2025-07-28,storage,2.0467,111.0,0.0496,10.1683,3,0,0
org_g0fn9xuy,2025-07-30,storage,2.1840,116.0,0,17.1886,3,0,0
org_g0fn9xuy,2025-07-31,networking,2.2939,232.0,0.0,0,3,0,0
org_g0fn9xuy,2025-08-02,compute,27.2670,376.0,0,0,3,0,0
org_g0fn9xuy,2025-08-02,networking,1.6738,127.0,0,23.9430,3,0,0
org_g0fn9xuy,2025-08-02,storage,4.2342,236.0,0.1767,0,3,0,0
org_g0fn9xuy,2025-08-04,compute,10.4949,120.0,1.828,0.0,3,0,0
org_g0fn9xuy,2025-08-04,storage,4.2394,227.0,0.0,0,3,0,0
org_g0fn9xuy,2025-08-05,networking,1.5788,126.0,1.6391,5.5986,3,0,0
org_g0fn9xuy,2025-08-07,compute,14.8691,133.0,0,32.2849,3,0,0
org_g0fn9xuy,2025-08-07,networking,1.3600,129.0,3.3187,14.5851,3,0,0
org_g0fn9xuy,2025-08-08,compute,9.0386,111.0,0,6.4,3,0,0
org_g0fn9xuy,2025-08-08,networking,1.3738,117.0,3.7442,0,3,0,0
org_g0fn9xuy,2025-08-09,networking,2.4832,246.0,0,20.1619,3,0,0
org_g0fn9xuy,2025-08-10,compute,12.5454,133.0,1.4321,0,3,0,0
org_g0fn9xuy,2025-08-10,networking,1.6039,104.0,0,25.0839,3,0,0
org_g0fn9xuy,2025-08-11,networking,0.9586,114.0,0,0.5518,3,0,0
org_g0fn9xuy,2025-08-12,compute,0.2793,0,3.7925,0,3,0,0
org_g0fn9xuy,2025-08-13,compute,15.9947,212.0,1.3482,0,3,0,0
org_g0fn9xuy,2025-08-13,storage,4.5750,234.0,0,16.8921,3,0,0
org_g0fn9xuy,2025-08-14,compute,17.3196,222.0,1.5831,0,3,0,0
org_g0fn9xuy,2025-08-14,networking,2.5067,142.0,0,10.576,3,1,0
org_g0fn9xuy,2025-08-14,storage,4.3900,100.0,0,10.2683,3,1,0
org_g0fn9xuy,2025-08-15,networking,4.1734,370.0,0,0,3,0,0
org_g0fn9xuy,2025-08-15,storage,5.2228,245.0,0,12.7859,3,0,1
org_g0fn9xuy,2025-08-16,compute,22.0591,261.0,0.9098,0,3,0,0
org_g0fn9xuy,2025-08-17,networking,2.6758,261.0,0.5165,0,3,0,0
org_g0fn9xuy,2025-08-17,storage,4.9639,244.0,3.1512,0,3,0,0
org_g0fn9xuy,2025-08-18,compute,9.2120,103.0,3.3143,12.5561,3,0,0
org_g0fn9xuy,2025-08-18,storage,3.2059,152.0,0,8.4625,3,0,0
org_g0fn9xuy,2025-08-19,storage,5.5360,108.0,0,1.9814,3,1,0
org_g0fn9xuy,2025-08-20,storage,5.5257,253.0,0.0,0,3,0,0
org_g0fn9xuy,2025-08-21,compute,8.9266,123.0,1.3827,8.8878,3,0,0
org_g0fn9xuy,2025-08-21,storage,2.3094,115.0,4.6221,0.0,3,0,0
org_g0fn9xuy,2025-08-22,networking,2.5612,224.0,0,18.0551,3,0,0
org_g0fn9xuy,2025-08-23,storage,7.7359,333.0,0,0,3,0,0
org_g0fn9xuy,2025-08-24,storage,0.3160,0,0.1,15.1508,3,0,0
org_g0fn9xuy,2025-08-25,compute,9.8416,116.0,5.8518,0,3,0,0
org_g0fn9xuy,2025-08-25,networking,1.9283,114.0,0,26.4447,3,0,0
org_g0fn9xuy,2025-08-25,storage,3.0533,141.0,1.8606,0.0,3,0,0
org_g0fn9xuy,2025-08-26,compute,10.7008,127.0,0,23.62,3,1,0
org_g0fn9xuy,2025-08-27,compute,22.8829,271.0,0,14.7917,3,0,0
org_g0fn9xuy,2025-08-27,storage,3.5263,124.0,0,13.7788,3,1,0
org_g0fn9xuy,2025-08-28,networking,1.7758,121.0,2.2242,20.355,3,0,0
org_g0fn9xuy,2025-08-28,storage,0.0682,0,3.2288,0,3,0,0
org_g0fn9xuy,2025-08-29,compute,10.3019,134.0,0,6.5148,3,1,0
org_g0fn9xuy,2025-08-29,storage,2.9375,122.0,0,23.5608,3,0,0
org_g0fn9xuy,2025-08-30,compute,18.9461,267.0,1.2296,0,3,0,0
org_g0fn9xuy,2025-08-31,networking,2.5294,226.0,0,23.8797,3,0,0
org_g0fn9xuy,2025-08-31,storage,5.4356,249.0,3.4872,0,3,0,0
org_g8sbi4q2,2025-07-03,database,1.5917,0,0,32.7966,3,0,0
org_g8sbi4q2,2025-07-03,networking,1.3407,124.0,0,29.2420,3,0,0
org_g8sbi4q2,2025-07-03,storage,5.7992,244.0,1.844,16.3345,6,1,0
org_g8sbi4q2,2025-07-04,compute,21.0831,222.0,2.0889,0,3,0,0
org_g8sbi4q2,2025-07-04,storage,6.4386,370.0,1.3682,19.1858,6,0,0
org_g8sbi4q2,2025-07-05,compute,11.4401,125.0,2.6548,0,3,0,0
org_g8sbi4q2,2025-07-05,networking,2.7965,255.0,0,13.4109,3,0,0
org_g8sbi4q2,2025-07-05,storage,3.0611,136.0,12.0850,9.9147,6,0,0
org_g8sbi4q2,2025-07-06,compute,8.2477,100.0,0.6662,0,3,0,0
org_g8sbi4q2,2025-07-06,storage,7.8683,370.0,1.604,23.8864,6,0,0
org_g8sbi4q2,2025-07-07,compute,16.7357,243.0,3.853,0,3,0,0
org_g8sbi4q2,2025-07-07,storage,5.4699,260.0,0,3.4759,3,0,0
org_g8sbi4q2,2025-07-08,database,8.8511,122.0,0,13.1477,3,0,0
org_g8sbi4q2,2025-07-08,storage,9.0029,258.0,8.0261,45.4255,9,1,0
org_g8sbi4q2,2025-07-09,compute,18.3150,217.0,1.4472,0,3,0,0
org_g8sbi4q2,2025-07-09,networking,3.0847,229.0,2.8451,0,3,0,0
org_g8sbi4q2,2025-07-09,storage,3.4354,134.0,10.4507,17.8054,6,0,0
org_g8sbi4q2,2025-07-10,compute,11.4758,118.0,2.1794,16.6014,3,0,0
org_g8sbi4q2,2025-07-10,database,7.2064,129.0,1.3877,11.157,3,0,0
org_g8sbi4q2,2025-07-10,storage,7.7892,349.0,0,25.8453,6,0,0
org_g8sbi4q2,2025-07-11,compute,9.1406,99.0,1.3285,15.8561,3,0,0
org_g8sbi4q2,2025-07-11,networking,2.5514,233.0,3.5096,0,3,0,0
org_g8sbi4q2,2025-07-11,storage,2.5925,126.0,0,16.0592,3,0,0
org_g8sbi4q2,2025-07-12,compute,14.2845,126.0,2.0161,15.4034,3,0,0
org_g8sbi4q2,2025-07-12,database,5.4208,108.0,1.6286,17.4332,3,0,0
org_g8sbi4q2,2025-07-12,storage,10.2357,471.0,1.168,16.1725,6,0,0
org_g8sbi4q2,2025-07-13,compute,16.2306,250.0,1.9173,0,3,0,0
org_g8sbi4q2,2025-07-13,storage,7.1976,329.0,0,10.4857,6,0,0
org_g8sbi4q2,2025-07-14,compute,19.8660,231.0,0,19.3753,3,0,0
org_g8sbi4q2,2025-07-14,database,12.3208,255.0,1.2575,0,3,0,0
org_g8sbi4q2,2025-07-14,networking,0.2437,0,0.5115,21.0764,3,0,0
org_g8sbi4q2,2025-07-14,storage,4.0646,211.0,0.9302,0,3,0,0
org_g8sbi4q2,2025-07-15,networking,1.2848,117.0,2.4351,0.0,3,0,0
org_g8sbi4q2,2025-07-15,storage,4.3365,239.0,10.0625,0,6,1,0
org_g8sbi4q2,2025-07-16,compute,9.3923,119.0,0,18.8475,3,0,0
org_g8sbi4q2,2025-07-16,database,6.0757,107.0,3.2441,2.0458,3,0,0
org_g8sbi4q2,2025-07-16,storage,2.5229,135.0,2.9471,0.0,3,0,0
org_g8sbi4q2,2025-07-17,compute,7.8360,110.0,1.8365,1.1387,3,0,0
org_g8sbi4q2,2025-07-17,networking,1.0700,126.0,0.0,1.6555,3,0,0
org_g8sbi4q2,2025-07-17,storage,2.3758,116.0,6.4390,0,3,0,0
org_g8sbi4q2,2025-07-18,storage,9.4158,369.0,2.9538,23.4281,6,1,0
org_g8sbi4q2,2025-07-19,storage,5.9496,219.0,4.4270,21.9295,6,0,0
org_g8sbi4q2,2025-07-20,database,-5.3119,124.0,2.0883,3.4455,3,0,1
org_g8sbi4q2,2025-07-20,networking,0.0859,0,0.4341,8.6245,3,0,0
org_g8sbi4q2,2025-07-20,storage,12.6382,501.0,0,19.5619,6,1,0
org_g8sbi4q2,2025-07-21,networking,1.2457,113.0,4.4623,0,3,0,0
org_g8sbi4q2,2025-07-21,storage,9.0828,478.0,0,8.7115,6,0,0
org_g8sbi4q2,2025-07-22,compute,10.2916,112.0,0.9149,24.0301,3,0,0
org_g8sbi4q2,2025-07-22,database,15.9267,344.0,0,0,3,0,0
org_g8sbi4q2,2025-07-22,networking,2.0118,217.0,0.193,0,3,0,0
org_g8sbi4q2,2025-07-22,storage,7.1572,346.0,2.0078,33.0216,9,0,0
org_g8sbi4q2,2025-07-23,storage,0.4004,0,2.0051,13.9145,3,0,0
org_g8sbi4q2,2025-07-24,storage,0.5974,0,1.8543,24.1924,3,0,0
org_g8sbi4q2,2025-07-25,compute,17.7813,247.0,0,14.3599,3,0,0
org_g8sbi4q2,2025-07-25,database,12.5080,252.0,2.1312,0,3,0,0
org_g8sbi4q2,2025-07-25,networking,0.1252,0,4.7792,8.1597,3,0,0
org_g8sbi4q2,2025-07-25,storage,0.2323,0,2.4834,8.2314,3,0,0
org_g8sbi4q2,2025-07-26,database,11.5824,223.0,0,0.1869,3,0,0
org_g8sbi4q2,2025-07-26,storage,5.3977,242.0,0,0,3,1,0
org_g8sbi4q2,2025-07-27,database,0.4755,0,1.4942,8.2893,3,0,0
org_g8sbi4q2,2025-07-27,storage,3.9287,129.0,1.7888,46.0084,6,0,0
org_g8sbi4q2,2025-07-28,compute,12.2441,117.0,0,32.3302,3,0,0
org_g8sbi4q2,2025-07-28,database,11.6769,238.0,0,1.8406,3,0,0
org_g8sbi4q2,2025-07-28,storage,15.0330,669.0,4.7968,0.0,9,0,0
org_g8sbi4q2,2025-07-29,database,8.3178,136.0,4.4605,0,3,0,0
org_g8sbi4q2,2025-07-29,storage,7.2906,335.0,0,0,3,0,0
org_g8sbi4q2,2025-07-30,networking,1.3636,131.0,0.0,6.1352,3,0,0
org_g8sbi4q2,2025-07-30,storage,4.4795,224.0,5.1173,1.9476,6,0,0
org_g8sbi4q2,2025-07-31,database,16.0951,321.0,0,0,3,0,0
org_g8sbi4q2,2025-07-31,networking,1.4066,113.0,0,21.7370,3,0,0
org_g8sbi4q2,2025-08-01,database,1.8762,0,1.993,31.6011,3,0,0
org_g8sbi4q2,2025-08-01,networking,0.4248,0,0.7668,36.2868,3,0,0
org_g8sbi4q2,2025-08-01,storage,2.9748,137.0,0,46.3692,6,0,0
org_g8sbi4q2,2025-08-02,networking,0.3800,0,0,38.1452,3,0,0
org_g8sbi4q2,2025-08-02,storage,10.4202,468.0,0.0611,16.8783,6,0,0
org_g8sbi4q2,2025-08-03,database,10.3302,211.0,0,11.8443,3,0,0
org_g8sbi4q2,2025-08-03,storage,11.1434,607.0,5.3599,6.69,9,0,0
org_g8sbi4q2,2025-08-04,compute,0.6901,0,2.1584,5.9237,3,0,0
org_g8sbi4q2,2025-08-04,database,9.5873,254.0,0.082,0,3,0,0
org_g8sbi4q2,2025-08-05,database,142.9470,129.0,0.0,13.0952,3,0,0
org_g8sbi4q2,2025-08-05,networking,3.8147,369.0,0,0,3,0,0
org_g8sbi4q2,2025-08-05,storage,6.4089,244.0,0,2.6153,3,0,0
org_g8sbi4q2,2025-08-06,compute,19.8065,236.0,0,0.0,3,0,0
org_g8sbi4q2,2025-08-06,database,1.5139,0,1.8626,29.2353,3,0,0
org_g8sbi4q2,2025-08-06,networking,1.3960,141.0,2.6707,25.1078,3,0,0
org_g8sbi4q2,2025-08-06,storage,5.4954,253.0,0.0,23.7725,6,0,0
org_g8sbi4q2,2025-08-07,database,13.2315,264.0,0.4763,0,3,0,0
org_g8sbi4q2,2025-08-07,networking,0.0592,0,0.7234,4.3353,3,0,0
org_g8sbi4q2,2025-08-07,storage,7.3009,361.0,0,32.2535,6,0,0
org_g8sbi4q2,2025-08-08,compute,20.5813,234.0,0.6925,0,3,0,0
org_g8sbi4q2,2025-08-08,networking,0.9423,376.0,0,0,3,0,1
org_g8sbi4q2,2025-08-08,storage,9.2204,473.0,3.8521,0.0,9,0,0
org_g8sbi4q2,2025-08-09,compute,22.4040,234.0,0,5.1755,3,0,0
org_g8sbi4q2,2025-08-09,database,18.2143,368.0,0,0,3,0,0
org_g8sbi4q2,2025-08-09,storage,51.4173,226.0,0,16.0808,3,0,0
org_g8sbi4q2,2025-08-10,networking,0.1630,0,1.8784,17.7853,3,0,0
org_g8sbi4q2,2025-08-10,storage,2.4375,103.0,0.1638,7.5663,3,0,0
org_g8sbi4q2,2025-08-11,storage,0.8416,0,1.686,40.2928,6,0,0
org_g8sbi4q2,2025-08-12,compute,6.6733,113.0,0.0,0.0,3,0,0
org_g8sbi4q2,2025-08-12,networking,1.7982,134.0,0.366,9.0583,3,0,0
org_g8sbi4q2,2025-08-12,storage,2.7826,127.0,0,21.3701,3,0,0
org_g8sbi4q2,2025-08-13,networking,2.5054,250.0,0,11.3442,3,0,0
org_g8sbi4q2,2025-08-13,storage,6.4554,351.0,2.5978,31.3810,6,0,0
org_g8sbi4q2,2025-08-14,compute,21.0171,237.0,0,5.7827,3,0,0
org_g8sbi4q2,2025-08-14,database,17.2229,390.0,0,0,3,0,0
org_g8sbi4q2,2025-08-14,storage,8.4916,369.0,3.7917,43.6006,9,0,0
org_g8sbi4q2,2025-08-15,compute,10.6464,113.0,5.4013,0,3,0,1
org_g8sbi4q2,2025-08-15,database,12.2996,237.0,0,6.3406,3,0,0
org_g8sbi4q2,2025-08-15,storage,8.6123,360.0,0,43.8809,6,0,0
org_g8sbi4q2,2025-08-16,database,17.9210,371.0,0,0,3,0,0
org_g8sbi4q2,2025-08-16,storage,11.1591,464.0,0,32.2874,6,0,0
org_g8sbi4q2,2025-08-17,compute,20.8248,254.0,1.5105,0,3,0,0
org_g8sbi4q2,2025-08-17,storage,5.4318,225.0,0,15.1857,3,0,0
org_g8sbi4q2,2025-08-18,database,8.0045,118.0,0,20.9360,3,0,0
org_g8sbi4q2,2025-08-18,storage,0.1257,0,6.2644,0,3,0,0
org_g8sbi4q2,2025-08-19,compute,8.7444,102.0,1.8407,11.0072,3,0,0
org_g8sbi4q2,2025-08-19,database,11.5807,246.0,1.4825,0,3,0,0
org_g8sbi4q2,2025-08-19,networking,2.1066,217.0,0,23.0164,3,0,0
org_g8sbi4q2,2025-08-19,storage,0.0495,0,2.3493,0,3,0,0
org_g8sbi4q2,2025-08-20,database,13.4362,264.0,2.32,0,3,0,0
org_g8sbi4q2,2025-08-20,networking,2.4980,233.0,0,0,3,1,0
org_g8sbi4q2,2025-08-20,storage,2.8395,119.0,2.8324,9.0415,3,0,0
org_g8sbi4q2,2025-08-21,compute,1.5811,0,2.5814,17.2672,3,0,0
org_g8sbi4q2,2025-08-21,database,12.3210,250.0,0,0.0,3,0,0
org_g8sbi4q2,2025-08-21,networking,3.2567,357.0,0,0,3,0,0
org_g8sbi4q2,2025-08-21,storage,9.3711,457.0,11.7194,9.2305,9,0,0
org_g8sbi4q2,2025-08-22,compute,14.9793,214.0,1.2471,0,3,0,0
org_g8sbi4q2,2025-08-22,database,0.7607,0,2.8001,13.951,3,0,0
org_g8sbi4q2,2025-08-22,storage,0.3004,0,3.0434,13.3024,3,0,0
org_g8sbi4q2,2025-08-23,database,15.5001,263.0,0,0.0,3,0,0
org_g8sbi4q2,2025-08-23,storage,0.7371,0,7.6832,22.1203,6,1,0
org_g8sbi4q2,2025-08-24,database,7.0076,128.0,0,13.1596,3,1,0
org_g8sbi4q2,2025-08-24,storage,12.5067,622.0,8.5352,7.3769,9,0,0
org_g8sbi4q2,2025-08-25,database,7.3396,115.0,4.3071,0,3,0,0
org_g8sbi4q2,2025-08-25,networking,2.2048,242.0,0,13.3311,3,0,0
org_g8sbi4q2,2025-08-25,storage,0.4416,0,0,28.1826,3,0,0
org_g8sbi4q2,2025-08-26,compute,10.5948,115.0,1.664,17.9296,3,0,0
org_g8sbi4q2,2025-08-26,storage,3.2474,130.0,0,10.9662,3,0,0
org_g8sbi4q2,2025-08-27,compute,11.3265,136.0,3.3005,0,3,0,0
org_g8sbi4q2,2025-08-27,networking,2.7290,251.0,0,21.8109,3,0,0
org_g8sbi4q2,2025-08-27,storage,7.2498,355.0,0,0,3,0,0
org_g8sbi4q2,2025-08-28,compute,0.6400,0,2.4875,7.1144,3,0,0
org_g8sbi4q2,2025-08-28,database,10.8956,212.0,2.6275,0,3,0,0
org_g8sbi4q2,2025-08-28,networking,2.5807,250.0,0.2516,0,3,0,0
org_g8sbi4q2,2025-08-28,storage,4.5692,235.0,0.0,48.7618,6,0,0
org_g8sbi4q2,2025-08-29,database,6.8558,126.0,1.664,11.6447,3,0,0
org_g8sbi4q2,2025-08-29,networking,1.5099,119.0,0,26.9612,3,0,0
org_g8sbi4q2,2025-08-29,storage,3.1073,0,0.4234,57.2639,6,1,0
org_g8sbi4q2,2025-08-30,compute,10.6878,123.0,4.2936,9.8457,3,0,0
org_g8sbi4q2,2025-08-30,storage,5.8062,269.0,8.7747,14.4872,9,0,0
org_g8sbi4q2,2025-08-31,compute,25.6240,359.0,0,0,3,0,0
org_g8sbi4q2,2025-08-31,database,4.6026,108.0,4.069,0,3,0,0
org_g8sbi4q2,2025-08-31,networking,1.8658,227.0,0.4462,0,3,0,0
org_g8sbi4q2,2025-08-31,storage,12.2250,485.0,4.326,35.7359,6,0,0
org_gv0e38da,2025-07-04,storage,6.7723,256.0,0,18.4035,3,0,0
org_gv0e38da,2025-07-06,storage,0.0895,0,4.8560,0,3,0,0
org_gv0e38da,2025-07-07,networking,3.4476,327.0,0,0,3,0,0
org_gv0e38da,2025-07-07,storage,0.6580,0,1.7946,27.0398,3,0,0
org_gv0e38da,2025-07-08,networking,1.1802,104.0,1.5543,20.5934,3,0,0
org_gv0e38da,2025-07-08,storage,2.7887,114.0,0,5.9893,3,0,0
org_gv0e38da,2025-07-09,networking,1.0492,114.0,3.0006,1.0984,3,0,0
org_gv0e38da,2025-07-10,networking,3.0428,315.0,0,0,3,0,0
org_gv0e38da,2025-07-10,storage,2.4899,121.0,2.7566,0.0,3,0,0
org_gv0e38da,2025-07-11,storage,2.9436,137.0,3.9583,0,3,0,0
org_gv0e38da,2025-07-12,networking,2.3637,229.0,0.5239,0,3,0,0
org_gv0e38da,2025-07-13,networking,1.3172,113.0,1.092,0,3,0,0
org_gv0e38da,2025-07-14,networking,1.5507,106.0,0,28.143,3,0,0
org_gv0e38da,2025-07-14,storage,0.4981,0,0,23.2906,3,0,0
org_gv0e38da,2025-07-15,storage,0.0995,0,4.7615,0,3,0,0
org_gv0e38da,2025-07-16,networking,1.5952,135.0,0,8.4514,3,0,0
org_gv0e38da,2025-07-16,storage,0.7460,0,3.0975,34.5793,3,0,0
org_gv0e38da,2025-07-19,networking,0.1171,0,4.1290,7.8123,3,0,0
org_gv0e38da,2025-07-19,storage,2.8837,135.0,3.3383,0,3,0,0
org_gv0e38da,2025-07-20,storage,2.1314,96.0,2.5734,3.5377,3,0,0
org_gv0e38da,2025-07-22,networking,1.3218,124.0,0.0983,8.9046,3,0,0
org_gv0e38da,2025-07-22,storage,2.7873,113.0,0,30.6552,3,0,0
org_gv0e38da,2025-07-23,networking,2.7467,250.0,0.8567,0,3,0,0
org_gv0e38da,2025-07-24,networking,3.1845,353.0,0,0,3,0,0
org_gv0e38da,2025-07-25,storage,0.5243,244.0,0,2.2328,3,0,1
org_gv0e38da,2025-07-26,networking,4.1417,382.0,0,0,3,0,0
org_gv0e38da,2025-07-27,networking,1.3156,114.0,1.3317,17.0976,3,0,0
org_gv0e38da,2025-07-27,storage,6.8944,351.0,0,0,3,0,0
org_gv0e38da,2025-07-28,networking,1.4608,130.0,1.5611,5.0047,3,0,0
org_gv0e38da,2025-07-28,storage,4.5183,125.0,0,5.9059,3,1,0
org_gv0e38da,2025-07-29,networking,1.0340,107.0,2.1699,0.7621,3,0,0
org_gv0e38da,2025-07-29,storage,3.8318,119.0,0,46.0006,3,0,0
org_gv0e38da,2025-07-31,storage,0.5267,0,3.3253,22.2952,3,0,0
org_gv0e38da,2025-08-01,networking,0.1284,0,6.0864,6.739,3,0,0
org_gv0e38da,2025-08-01,storage,2.5153,129.0,0,21.4007,3,0,0
org_gv0e38da,2025-08-02,networking,2.5489,249.0,3.1587,0,3,0,0
org_gv0e38da,2025-08-02,storage,5.4374,236.0,0.9097,0,3,0,0
org_gv0e38da,2025-08-03,networking,3.5780,346.0,0,0,3,0,0
org_gv0e38da,2025-08-03,storage,4.6153,234.0,0,16.5331,3,0,0
org_gv0e38da,2025-08-04,networking,1.5308,109.0,0,12.7065,3,0,0
org_gv0e38da,2025-08-04,storage,2.8970,112.0,4.0379,9.2658,3,0,0
org_gv0e38da,2025-08-05,storage,1.4512,103.0,1.2914,0,3,0,0
org_gv0e38da,2025-08-06,storage,3.4556,131.0,3.8853,0,3,0,0
org_gv0e38da,2025-08-07,storage,6.0535,279.0,0,11.6768,3,0,0
org_gv0e38da,2025-08-08,networking,0.0617,0,0.407,5.8087,3,0,0
org_gv0e38da,2025-08-09,networking,1.2517,105.0,0.1488,0.0,3,0,0
org_gv0e38da,2025-08-09,storage,0.4407,0,1.1929,18.5533,3,0,0
org_gv0e38da,2025-08-11,networking,2.6504,228.0,0,12.7601,3,0,0
org_gv0e38da,2025-08-11,storage,3.7992,236.0,2.5886,0,3,0,0
org_gv0e38da,2025-08-12,networking,3.4323,346.0,0,0,3,0,0
org_gv0e38da,2025-08-13,networking,3.3595,360.0,0,0,3,0,0
org_gv0e38da,2025-08-13,storage,8.4983,344.0,0,0,3,0,0
org_gv0e38da,2025-08-14,networking,2.4582,233.0,0,21.7194,3,0,0
org_gv0e38da,2025-08-15,storage,5.0295,261.0,1.3391,0,3,0,0
org_gv0e38da,2025-08-16,networking,1.2521,107.0,1.038,13.3279,3,0,0
org_gv0e38da,2025-08-16,storage,0.0320,0,1.6368,0,3,0,0
org_gv0e38da,2025-08-18,networking,1.6415,122.0,0,20.4246,3,0,0
org_gv0e38da,2025-08-19,networking,0.3973,0,2.4037,35.5130,3,0,0
org_gv0e38da,2025-08-19,storage,4.1559,121.0,2.3826,0,3,1,0
org_gv0e38da,2025-08-20,storage,7.6866,365.0,0,0,3,0,0
org_gv0e38da,2025-08-21,networking,1.5064,136.0,4.1236,11.3074,3,0,0
org_gv0e38da,2025-08-21,storage,3.5886,111.0,0,26.2739,3,0,0
org_gv0e38da,2025-08-22,networking,1.2882,119.0,7.5730,0,3,0,0
org_gv0e38da,2025-08-22,storage,0.8323,0,3.6334,41.0257,3,0,0
org_gv0e38da,2025-08-24,storage,0.0,0,0.0,0.0,3,0,0
org_gv0e38da,2025-08-26,storage,2.7101,118.0,0,26.7793,3,0,0
org_gv0e38da,2025-08-27,networking,2.5492,240.0,0.8779,0,3,0,0
org_gv0e38da,2025-08-29,storage,0.1671,0,3.4804,9.7469,3,0,1
org_gv0e38da,2025-08-30,networking,2.5011,111.0,0,16.9498,3,1,0
org_gv0e38da,2025-08-30,storage,2.5893,94.0,1.5505,21.2767,3,0,0
org_h2m5zja8,2025-07-03,genai,44.1217,356.0,0,0,3,0,0
org_h2m5zja8,2025-07-03,networking,0.0858,0,0.9605,3.9931,3,1,0
org_h2m5zja8,2025-07-04,genai,68.9775,492.0,1.4113,0.0,6,0,0
org_h2m5zja8,2025-07-04,networking,2.3041,259.0,2.2802,0,3,0,0
org_h2m5zja8,2025-07-05,genai,5.8058,240.0,2.4972,0,3,0,1
org_h2m5zja8,2025-07-05,networking,3.5599,371.0,0,36.1267,6,0,0
org_h2m5zja8,2025-07-06,genai,15.5429,111.0,2.9343,3.8452,3,0,0
org_h2m5zja8,2025-07-06,networking,5.0205,470.0,1.5789,48.8180,9,0,0
org_h2m5zja8,2025-07-07,genai,45.3383,396.0,0.0,18.7314,6,0,0
org_h2m5zja8,2025-07-07,networking,4.0839,350.0,0,15.0546,6,1,0
org_h2m5zja8,2025-07-08,genai,32.8866,252.0,1.2644,0,3,0,0
org_h2m5zja8,2025-07-08,networking,4.1443,362.0,0.3321,44.6648,9,0,0
org_h2m5zja8,2025-07-09,genai,46.0958,353.0,5.1031,2.4792,6,0,0
org_h2m5zja8,2025-07-10,genai,12.3736,113.0,0.0,0,3,0,0
org_h2m5zja8,2025-07-10,networking,3.8141,336.0,0.511,19.9316,6,0,0
org_h2m5zja8,2025-07-11,genai,76.1755,641.0,0,12.9062,6,0,0
org_h2m5zja8,2025-07-11,networking,2.9006,241.0,0.0,38.8611,6,0,0
org_h2m5zja8,2025-07-12,genai,35.7687,256.0,4.8061,10.762,6,0,0
org_h2m5zja8,2025-07-12,networking,6.1371,602.0,5.1267,18.6833,9,0,0
org_h2m5zja8,2025-07-13,genai,40.6089,332.0,7.3741,1.1129,6,0,0
org_h2m5zja8,2025-07-13,networking,0.0624,227.0,2.9146,15.3896,6,0,1
org_h2m5zja8,2025-07-14,genai,33.9355,259.0,2.4991,2.083,6,1,0
org_h2m5zja8,2025-07-14,networking,2.6203,128.0,0,4.8601,3,1,0
org_h2m5zja8,2025-07-15,genai,20.0740,131.0,3.0907,13.4894,3,0,0
org_h2m5zja8,2025-07-15,networking,3.6991,359.0,2.4346,1.8754,6,0,0
org_h2m5zja8,2025-07-16,genai,33.5034,235.0,0,32.8418,3,0,0
org_h2m5zja8,2025-07-16,networking,-0.1541,248.0,0,38.1406,6,0,1
org_h2m5zja8,2025-07-17,genai,29.4384,247.0,3.8723,0,3,0,0
org_h2m5zja8,2025-07-17,networking,0.0095,0,0,1.1313,3,0,0
org_h2m5zja8,2025-07-18,genai,45.8774,368.0,4.9443,13.5265,6,0,0
org_h2m5zja8,2025-07-18,networking,1.5171,125.0,0.2518,13.669,3,0,0
org_h2m5zja8,2025-07-19,genai,64.9734,481.0,0,10.3908,6,0,0
org_h2m5zja8,2025-07-19,networking,0.3450,0,2.9861,33.9469,6,0,0
org_h2m5zja8,2025-07-20,genai,47.5518,365.0,4.7681,17.5744,9,0,0
org_h2m5zja8,2025-07-20,networking,3.4805,346.0,3.0499,11.1229,6,0,0
org_h2m5zja8,2025-07-21,genai,38.2290,322.0,1.4147,16.7481,6,0,0
org_h2m5zja8,2025-07-21,networking,4.4883,383.0,0,42.8135,6,0,0
org_h2m5zja8,2025-07-22,genai,1.5351,0,2.3004,11.0961,3,0,0
org_h2m5zja8,2025-07-22,networking,0.2113,0,0,22.3368,3,0,0
org_h2m5zja8,2025-07-23,genai,28.4761,260.0,7.1040,24.5755,6,0,0
org_h2m5zja8,2025-07-23,networking,2.0309,210.0,0,0,3,1,0
org_h2m5zja8,2025-07-24,genai,39.0911,262.0,0,19.2118,3,0,0
org_h2m5zja8,2025-07-24,networking,2.5816,244.0,4.6559,24.4555,6,0,0
org_h2m5zja8,2025-07-25,genai,64.4835,396.0,7.7081,42.4469,9,0,0
org_h2m5zja8,2025-07-25,networking,0.2413,0,5.6769,16.8751,3,0,0
org_h2m5zja8,2025-07-26,genai,14.999,114.0,0,4.9394,3,0,0
org_h2m5zja8,2025-07-26,networking,1.2625,108.0,0.0,4.893,3,0,0
org_h2m5zja8,2025-07-27,genai,26.0832,210.0,0,5.3749,3,0,0
org_h2m5zja8,2025-07-27,networking,2.8812,237.0,0,21.1876,3,0,0
org_h2m5zja8,2025-07-28,genai,12.2981,356.0,1.6319,17.8905,6,0,1
org_h2m5zja8,2025-07-28,networking,0.3443,0,0,33.4626,3,0,0
org_h2m5zja8,2025-07-29,genai,21.5045,123.0,5.3074,9.7637,6,0,0
org_h2m5zja8,2025-07-29,networking,3.8867,252.0,0.0,15.6989,6,1,0
org_h2m5zja8,2025-07-30,genai,27.7650,216.0,5.5215,1.4273,6,0,0
org_h2m5zja8,2025-07-30,networking,2.7804,231.0,4.8590,0.0,6,0,0
org_h2m5zja8,2025-07-31,genai,56.9950,387.0,5.4786,0,6,1,0
org_h2m5zja8,2025-08-01,genai,44.7246,378.0,1.6273,9.0183,6,0,0
org_h2m5zja8,2025-08-01,networking,2.3882,196.0,2.5711,14.9727,6,0,0
org_h2m5zja8,2025-08-02,genai,40.4108,361.0,4.7963,0.0,6,0,0
org_h2m5zja8,2025-08-02,networking,0.1566,0,1.7987,12.7103,3,0,0
org_h2m5zja8,2025-08-03,networking,3.6437,354.0,0,19.7636,6,0,0
org_h2m5zja8,2025-08-04,genai,14.0938,117.0,3.6301,0,3,0,0
org_h2m5zja8,2025-08-04,networking,1.8140,116.0,9.6977,36.1486,9,0,0
org_h2m5zja8,2025-08-05,genai,29.6090,228.0,6.6393,14.3382,6,0,0
org_h2m5zja8,2025-08-06,genai,34.1737,258.0,0,7.9133,3,0,0
org_h2m5zja8,2025-08-06,networking,3.4422,252.0,0,95.8394,9,0,0
org_h2m5zja8,2025-08-07,genai,34.7896,243.0,4.7560,71.1358,9,0,0
org_h2m5zja8,2025-08-07,networking,3.4825,243.0,1.0386,51.6715,6,0,0
org_h2m5zja8,2025-08-08,networking,7.3973,707.0,1.7851,21.6539,9,0,0
org_h2m5zja8,2025-08-09,genai,27.9557,239.0,4.7079,15.9755,6,0,0
org_h2m5zja8,2025-08-09,networking,5.5029,453.0,2.3387,18.415,6,0,0
org_h2m5zja8,2025-08-10,genai,9.0996,0,2.2518,64.5152,6,0,0
org_h2m5zja8,2025-08-10,networking,6.9406,627.0,6.5882,13.4025,9,0,0
org_h2m5zja8,2025-08-11,genai,31.2658,234.0,6.4278,25.4581,9,0,0
org_h2m5zja8,2025-08-11,networking,6.9908,621.0,3.3722,26.7438,9,0,0
org_h2m5zja8,2025-08-12,genai,28.6307,212.0,4.2518,33.0418,6,0,0
org_h2m5zja8,2025-08-12,networking,3.9664,360.0,2.6950,11.2663,6,0,0
org_h2m5zja8,2025-08-13,genai,15.0102,121.0,0,14.0561,3,0,0
org_h2m5zja8,2025-08-13,networking,6.7017,697.0,1.2235,24.6710,9,0,0
org_h2m5zja8,2025-08-14,genai,7.4042,0,5.7481,61.4010,6,0,0
org_h2m5zja8,2025-08-14,networking,2.0059,473.0,2.4193,3.0931,6,0,1
org_h2m5zja8,2025-08-15,genai,12.3459,128.0,6.3380,2.2002,6,0,0
org_h2m5zja8,2025-08-15,networking,1.1623,125.0,0.0,0,3,0,0
org_h2m5zja8,2025-08-16,genai,49.1109,356.0,4.7588,19.9747,6,0,0
org_h2m5zja8,2025-08-16,networking,2.4841,245.0,4.3074,26.8933,9,0,0
org_h2m5zja8,2025-08-17,genai,77.0881,628.0,2.5626,9.7772,9,0,0
org_h2m5zja8,2025-08-17,networking,2.5090,223.0,9.2004,46.5731,9,0,0
org_h2m5zja8,2025-08-18,genai,62.9597,490.0,3.2412,23.6017,6,0,0
org_h2m5zja8,2025-08-18,networking,4.7977,378.0,7.4621,53.3008,9,0,0
org_h2m5zja8,2025-08-19,genai,45.7391,355.0,0,52.5565,6,0,0
org_h2m5zja8,2025-08-19,networking,3.6929,374.0,0,7.2072,6,1,0
org_h2m5zja8,2025-08-20,genai,19.3833,124.0,5.9635,31.8878,6,0,0
org_h2m5zja8,2025-08-20,networking,3.7953,392.0,8.4933,27.4206,9,0,0
org_h2m5zja8,2025-08-21,genai,2.0446,0,4.7764,10.0316,3,0,0
org_h2m5zja8,2025-08-21,networking,2.4954,246.0,5.4590,22.3732,9,0,0
org_h2m5zja8,2025-08-22,genai,63.8702,482.0,0.698,52.8631,9,0,0
org_h2m5zja8,2025-08-22,networking,0.2692,232.0,1.3074,20.6012,6,0,1
org_h2m5zja8,2025-08-23,genai,108.6738,836.0,2.2022,2.8844,9,0,0
org_h2m5zja8,2025-08-23,networking,5.6638,500.0,3.4689,0,6,0,0
org_h2m5zja8,2025-08-24,genai,0.2284,0,0.5888,0,3,1,0
org_h2m5zja8,2025-08-24,networking,3.9198,389.0,3.0682,21.7532,6,0,0
org_h2m5zja8,2025-08-25,genai,30.5097,245.0,0,6.1863,3,0,0
org_h2m5zja8,2025-08-25,networking,1.8232,458.0,7.2130,24.4127,9,0,1
org_h2m5zja8,2025-08-26,genai,51.7291,386.0,0,0,3,0,0
org_h2m5zja8,2025-08-26,networking,1.4285,116.0,2.2061,6.8409,3,0,0
org_h2m5zja8,2025-08-27,genai,48.0153,331.0,0,61.1640,9,0,0
org_h2m5zja8,2025-08-27,networking,1.3963,134.0,0,12.4914,3,0,0
org_h2m5zja8,2025-08-28,genai,57.3382,491.0,1.8026,0.0,6,0,0
org_h2m5zja8,2025-08-28,networking,2.9697,253.0,0,4.7841,3,0,0
org_h2m5zja8,2025-08-29,genai,39.3979,245.0,3.443,75.3352,9,0,0
org_h2m5zja8,2025-08-29,networking,4.1401,368.0,0,44.2118,6,0,0
org_h2m5zja8,2025-08-30,genai,51.9366,359.0,0,0,3,0,0
org_h2m5zja8,2025-08-30,networking,2.2831,222.0,0,6.0485,3,0,0
org_h2m5zja8,2025-08-31,genai,48.0452,397.0,6.6805,12.7439,6,0,0
org_h2m5zja8,2025-08-31,networking,4.7204,437.0,0,17.6752,6,0,0
org_he7ur23g,2025-07-03,compute,20.8575,239.0,5.5387,15.2765,6,1,0
org_he7ur23g,2025-07-03,database,11.8227,241.0,0,9.5665,3,0,0
org_he7ur23g,2025-07-03,networking,1.2908,112.0,4.7822,0,3,0,0
org_he7ur23g,2025-07-04,compute,47.5499,387.0,4.0042,42.5241,9,1,0
org_he7ur23g,2025-07-05,compute,31.8333,389.0,3.0743,5.3510,6,0,0
org_he7ur23g,2025-07-05,database,13.3697,259.0,0,8.9486,3,0,0
org_he7ur23g,2025-07-06,compute,9.6183,125.0,0,6.8270,3,0,0
org_he7ur23g,2025-07-06,database,1.2691,0,0,28.8812,3,0,0
org_he7ur23g,2025-07-07,compute,32.0202,347.0,0,0,3,0,0
org_he7ur23g,2025-07-07,database,5.4022,119.0,0.7206,0,3,0,0
org_he7ur23g,2025-07-07,networking,0.2500,0,0.4635,24.2793,3,0,0
org_he7ur23g,2025-07-08,compute,18.1973,211.0,3.2145,11.3143,6,0,0
org_he7ur23g,2025-07-08,database,0.5380,0,2.6279,6.6548,3,0,0
org_he7ur23g,2025-07-08,networking,1.2368,135.0,10.8690,6.3585,6,0,0
org_he7ur23g,2025-07-09,compute,18.1883,260.0,5.3717,2.8836,6,0,0
org_he7ur23g,2025-07-09,networking,1.2803,124.0,0,0.0,3,0,0
org_he7ur23g,2025-07-10,compute,27.6191,245.0,5.7049,27.1263,6,0,0
org_he7ur23g,2025-07-10,networking,0.7938,102.0,0.0499,6.0589,3,0,0
org_he7ur23g,2025-07-11,database,7.4517,118.0,1.9123,19.2092,3,0,0
org_he7ur23g,2025-07-11,networking,1.2690,115.0,1.7367,35.5114,6,0,0
org_he7ur23g,2025-07-12,compute,18.4082,234.0,0,14.0373,3,0,0
org_he7ur23g,2025-07-12,networking,2.6458,230.0,0,21.6565,3,0,0
org_he7ur23g,2025-07-13,compute,2.2588,465.0,6.3163,62.3404,12,0,2
org_he7ur23g,2025-07-13,database,12.5257,256.0,0,19.8168,3,0,0
org_he7ur23g,2025-07-13,networking,4.4750,477.0,1.7869,9.0878,6,0,0
org_he7ur23g,2025-07-14,compute,33.5787,377.0,10.8525,17.5912,9,0,0
org_he7ur23g,2025-07-15,compute,28.6885,355.0,4.1524,0.2609,6,0,0
org_he7ur23g,2025-07-15,database,6.2701,121.0,1.2756,0.0,3,0,0
org_he7ur23g,2025-07-15,networking,2.0662,209.0,0,16.0622,3,0,1
org_he7ur23g,2025-07-16,compute,9.0800,110.0,3.2806,18.0976,3,0,0
org_he7ur23g,2025-07-16,networking,2.6894,217.0,2.6961,0,3,0,0
org_he7ur23g,2025-07-17,compute,36.8387,429.0,0,21.2861,6,0,0
org_he7ur23g,2025-07-17,networking,1.4816,112.0,5.3331,40.0109,6,0,0
org_he7ur23g,2025-07-18,compute,59.5761,721.0,0.7859,25.6249,9,0,0
org_he7ur23g,2025-07-18,database,17.4124,360.0,0,0,3,0,0
org_he7ur23g,2025-07-18,networking,4.3461,383.0,5.2244,0.0,6,0,0
org_he7ur23g,2025-07-19,compute,12.3470,120.0,5.9148,17.8759,6,0,0
org_he7ur23g,2025-07-19,database,15.3209,262.0,0,13.6153,3,0,0
org_he7ur23g,2025-07-19,networking,3.9610,376.0,0,0,3,0,0
org_he7ur23g,2025-07-20,compute,29.8135,355.0,4.4086,55.2183,9,0,0
org_he7ur23g,2025-07-20,database,10.5463,231.0,2.3712,0,3,0,0
org_he7ur23g,2025-07-20,networking,0.1516,0,0,16.3402,3,0,0
org_he7ur23g,2025-07-21,compute,55.5449,567.0,6.1450,34.7945,12,1,0
org_he7ur23g,2025-07-21,database,6.3323,0,0.5307,10.5456,3,1,0
org_he7ur23g,2025-07-21,networking,2.1617,223.0,0,4.0122,3,0,0
org_he7ur23g,2025-07-22,compute,50.6941,647.0,1.8320,18.0433,9,0,0
org_he7ur23g,2025-07-22,database,7.5950,122.0,2.6901,3.2415,3,0,0
org_he7ur23g,2025-07-23,compute,29.7228,264.0,0.0,9.7228,6,1,0
org_he7ur23g,2025-07-23,database,150.5344,125.0,2.5879,9.6194,3,0,0
org_he7ur23g,2025-07-23,networking,3.4707,367.0,1.8031,17.5116,6,0,0
org_he7ur23g,2025-07-24,compute,23.9201,241.0,3.108,69.2287,6,0,0
org_he7ur23g,2025-07-24,database,0.4896,0,2.3662,8.0743,3,0,0
org_he7ur23g,2025-07-24,networking,4.8302,484.0,4.3701,11.3994,6,0,0
org_he7ur23g,2025-07-25,compute,1.9905,0,0,24.7570,3,0,0
org_he7ur23g,2025-07-25,database,6.3120,113.0,2.8812,0,3,0,0
org_he7ur23g,2025-07-25,networking,3.0904,246.0,0,22.158,3,0,0
org_he7ur23g,2025-07-26,compute,59.9687,702.0,3.9402,47.3442,12,0,0
org_he7ur23g,2025-07-26,database,12.8126,246.0,3.5361,0,3,0,0
org_he7ur23g,2025-07-27,compute,6.5529,132.0,3.1461,10.9816,6,0,0
org_he7ur23g,2025-07-27,database,16.7903,382.0,0,0,3,0,0
org_he7ur23g,2025-07-28,compute,42.6119,487.0,9.7563,24.7078,12,0,0
org_he7ur23g,2025-07-28,database,13.7609,272.0,0.0,0,3,0,0
org_he7ur23g,2025-07-28,networking,2.7107,246.0,0,5.7053,3,0,0
org_he7ur23g,2025-07-29,compute,46.1992,503.0,6.4577,26.3907,9,0,0
org_he7ur23g,2025-07-29,database,5.6983,114.0,0.7014,0,3,0,0
org_he7ur23g,2025-07-29,networking,0.3135,0,6.1487,27.011,3,0,0
org_he7ur23g,2025-07-30,compute,60.1359,603.0,3.1803,10.3315,9,1,0
org_he7ur23g,2025-07-31,compute,54.6660,615.0,15.5913,27.0722,12,0,0
org_he7ur23g,2025-07-31,database,6.0928,120.0,0,11.659,3,0,0
org_he7ur23g,2025-07-31,networking,4.0520,244.0,4.0789,9.5953,6,1,0
org_he7ur23g,2025-08-01,compute,35.5324,363.0,7.5125,68.8433,12,0,0
org_he7ur23g,2025-08-01,networking,1.5187,112.0,3.5189,30.3874,6,0,0
org_he7ur23g,2025-08-02,compute,1.9700,0,0,23.0642,3,1,0
org_he7ur23g,2025-08-02,database,4.6864,99.0,0.1653,8.3269,3,0,0
org_he7ur23g,2025-08-02,networking,1.0109,117.0,0.3795,0.0,3,0,0
org_he7ur23g,2025-08-03,compute,28.9445,636.0,0,11.452,6,0,1
org_he7ur23g,2025-08-03,networking,3.5339,359.0,2.2507,0.0,6,0,0
org_he7ur23g,2025-08-04,compute,225.2637,241.0,0,0.1517,3,0,0
org_he7ur23g,2025-08-04,networking,2.6562,232.0,0,5.7629,3,0,0
org_he7ur23g,2025-08-05,compute,0.0,0,0.0,0,3,0,0
org_he7ur23g,2025-08-05,database,6.2623,109.0,6.0735,0,3,0,0
org_he7ur23g,2025-08-05,networking,0.9860,132.0,1.937,0.0,3,0,0
org_he7ur23g,2025-08-06,compute,33.9957,353.0,9.4341,64.9395,12,0,0
org_he7ur23g,2025-08-06,networking,0.0731,0,1.7973,7.5361,3,0,0
org_he7ur23g,2025-08-07,compute,23.5966,240.0,0,11.1761,3,0,0
org_he7ur23g,2025-08-07,networking,2.1389,240.0,0,0.7158,3,0,0
org_he7ur23g,2025-08-08,compute,22.0310,99.0,0,8.205,3,1,0
org_he7ur23g,2025-08-08,networking,2.5812,250.0,1.6134,16.6382,6,0,0
org_he7ur23g,2025-08-09,compute,40.3482,462.0,6.9335,0,6,0,0
org_he7ur23g,2025-08-09,database,4.9737,0,3.5364,30.8074,3,1,1
org_he7ur23g,2025-08-10,compute,59.9741,733.0,9.1670,7.7752,12,0,0
org_he7ur23g,2025-08-10,database,13.1554,234.0,0,2.8362,3,0,0
org_he7ur23g,2025-08-11,compute,11.1760,115.0,9.9701,19.7564,6,0,0
org_he7ur23g,2025-08-11,networking,1.8900,124.0,1.1912,14.1645,3,0,0
org_he7ur23g,2025-08-12,compute,21.0741,238.0,1.5529,41.9823,6,0,0
org_he7ur23g,2025-08-12,database,1.2656,0,0,26.2115,3,0,0
org_he7ur23g,2025-08-12,networking,2.8393,260.0,0,4.2401,3,0,0
org_he7ur23g,2025-08-13,compute,28.9871,343.0,4.2634,31.5567,9,0,0
org_he7ur23g,2025-08-13,networking,1.2129,120.0,1.5614,0,3,0,0
org_he7ur23g,2025-08-14,compute,19.8379,224.0,2.7069,22.1420,6,0,0
org_he7ur23g,2025-08-14,database,1.7828,0,0,38.6057,3,0,0
org_he7ur23g,2025-08-14,networking,1.0732,127.0,4.4296,10.0962,6,0,0
org_he7ur23g,2025-08-15,compute,22.4128,233.0,1.855,20.9862,6,0,0
org_he7ur23g,2025-08-15,networking,3.7539,355.0,7.5659,0,6,0,0
org_he7ur23g,2025-08-16,compute,42.8203,510.0,4.4404,35.8582,9,1,0
org_he7ur23g,2025-08-16,database,6.4332,121.0,5.7048,0,3,0,0
org_he7ur23g,2025-08-16,networking,1.4101,0,0,15.176,3,1,0
org_he7ur23g,2025-08-17,compute,22.3307,261.0,0.0,15.9281,6,0,0
org_he7ur23g,2025-08-17,database,7.4636,120.0,3.6008,13.3667,3,0,0
org_he7ur23g,2025-08-18,compute,13.5419,128.0,2.6939,34.5011,6,0,0
org_he7ur23g,2025-08-18,database,6.1408,138.0,5.3041,0,3,0,0
org_he7ur23g,2025-08-18,networking,2.9798,242.0,0,11.9406,3,0,0
org_he7ur23g,2025-08-19,compute,40.0032,453.0,0,25.5397,6,0,0
org_he7ur23g,2025-08-19,database,10.3809,239.0,1.9282,0,3,0,0
org_he7ur23g,2025-08-19,networking,2.7953,241.0,0,17.225,3,0,0
org_he7ur23g,2025-08-20,compute,27.7799,333.0,3.4298,2.9889,6,0,0
org_he7ur23g,2025-08-20,database,12.1261,238.0,0,3.7932,3,0,0
org_he7ur23g,2025-08-20,networking,6.5825,572.0,4.617,0,6,0,0
org_he7ur23g,2025-08-21,compute,8.7474,107.0,5.0286,19.0567,6,0,0
org_he7ur23g,2025-08-21,database,10.9672,234.0,0,29.9844,3,0,0
org_he7ur23g,2025-08-21,networking,0.2482,0,0.0,28.3858,3,0,0
org_he7ur23g,2025-08-22,compute,55.2886,621.0,9.9207,12.9595,9,0,0
org_he7ur23g,2025-08-22,networking,4.8065,470.0,0,12.2751,6,0,0
org_he7ur23g,2025-08-23,networking,3.7283,335.0,3.7766,13.9855,6,0,0
org_he7ur23g,2025-08-24,compute,24.5919,362.0,2.1023,0.0,6,1,0
org_he7ur23g,2025-08-25,compute,70.1323,840.0,3.956,59.2078,12,0,0
org_he7ur23g,2025-08-25,database,0.6539,0,3.1143,8.5786,3,0,0
org_he7ur23g,2025-08-26,compute,33.4958,366.0,0,18.0983,6,0,0
org_he7ur23g,2025-08-26,networking,1.8168,136.0,1.3903,21.0017,3,0,0
org_he7ur23g,2025-08-27,compute,32.2979,371.0,2.3352,17.1974,6,0,0
org_he7ur23g,2025-08-27,database,12.9405,127.0,0,16.9333,3,1,0
org_he7ur23g,2025-08-27,networking,4.9995,489.0,2.6922,7.6911,6,0,0
org_he7ur23g,2025-08-28,compute,76.2443,845.0,3.6694,0,9,0,0
org_he7ur23g,2025-08-28,database,12.7444,119.0,0,13.6524,3,1,0
org_he7ur23g,2025-08-29,compute,20.4615,236.0,5.3526,27.8008,9,0,1
org_he7ur23g,2025-08-29,networking,0.1613,0,2.6239,13.6664,3,0,0
org_he7ur23g,2025-08-30,compute,53.4133,731.0,8.6837,0,12,2,1
org_he7ur23g,2025-08-30,database,7.1595,111.0,1.0039,24.0813,3,0,0
org_he7ur23g,2025-08-30,networking,4.7271,469.0,4.1036,0,6,0,0
org_he7ur23g,2025-08-31,compute,18.5443,230.0,0,0.0,3,0,0
org_he7ur23g,2025-08-31,database,7.1729,124.0,0,26.2267,3,0,0
org_he7ur23g,2025-08-31,networking,5.3321,386.0,0,19.7373,6,1,0
org_hv3a3zmf,2025-07-03,compute,20.0831,220.0,0,14.0835,3,0,0
org_hv3a3zmf,2025-07-04,networking,2.5840,227.0,0,21.137,3,0,0
org_hv3a3zmf,2025-07-05,database,0.4181,0,9.0990,0,3,0,0
org_hv3a3zmf,2025-07-06,database,10.7350,229.0,3.0657,0,3,0,0
org_hv3a3zmf,2025-07-06,networking,3.4370,349.0,0,0,3,0,0
org_hv3a3zmf,2025-07-07,compute,1.9404,0,0,25.7416,3,0,0
org_hv3a3zmf,2025-07-08,database,4.5052,111.0,2.3222,19.9365,3,0,0
org_hv3a3zmf,2025-07-08,networking,1.2712,110.0,1.8044,12.4911,3,0,0
org_hv3a3zmf,2025-07-09,compute,15.7096,262.0,2.6344,0,3,0,0
org_hv3a3zmf,2025-07-09,database,18.0418,357.0,0,0,3,0,0
org_hv3a3zmf,2025-07-10,database,7.9854,115.0,2.2853,19.956,3,0,0
org_hv3a3zmf,2025-07-10,networking,1.949,205.0,2.9593,0,3,0,0
org_hv3a3zmf,2025-07-11,compute,19.4365,237.0,0,6.9038,3,0,0
org_hv3a3zmf,2025-07-11,networking,2.3688,243.0,2.1553,0,3,0,0
org_hv3a3zmf,2025-07-13,compute,11.3862,131.0,3.0701,0,3,0,0
org_hv3a3zmf,2025-07-13,database,1.329,0,0,25.0631,3,0,0
org_hv3a3zmf,2025-07-13,networking,1.8009,212.0,0,0.0,3,0,0
org_hv3a3zmf,2025-07-14,networking,3.7607,342.0,0,0,3,0,0
org_hv3a3zmf,2025-07-15,networking,3.9269,373.0,0,0,3,0,0
org_hv3a3zmf,2025-07-16,compute,9.4883,108.0,3.7055,15.6351,3,0,0
org_hv3a3zmf,2025-07-16,networking,1.5134,120.0,0,39.5494,3,0,0
org_hv3a3zmf,2025-07-17,database,7.7107,125.0,0.0,9.0152,3,0,0
org_hv3a3zmf,2025-07-18,database,0.8392,0,2.4601,13.0109,3,0,0
org_hv3a3zmf,2025-07-21,networking,1.5822,127.0,0,32.5466,3,0,0
org_hv3a3zmf,2025-07-22,database,13.0063,240.0,1.977,0,3,0,0
org_hv3a3zmf,2025-07-22,networking,3.5097,380.0,0,0,3,0,0
org_hv3a3zmf,2025-07-23,compute,33.2733,368.0,0,0,3,0,0
org_hv3a3zmf,2025-07-23,networking,0.3408,0,1.5025,23.9585,3,0,0
org_hv3a3zmf,2025-07-24,compute,17.4427,231.0,1.3572,0,3,0,0
org_hv3a3zmf,2025-07-24,networking,0.1526,0,0,16.9656,3,0,0
org_hv3a3zmf,2025-07-25,database,10.9484,234.0,0,14.9366,3,0,0
org_hv3a3zmf,2025-07-25,networking,1.4104,123.0,1.2847,19.0029,3,0,0
org_hv3a3zmf,2025-07-26,compute,20.0682,258.0,0,0.0,3,0,0
org_hv3a3zmf,2025-07-26,database,9.1972,114.0,0,4.1978,3,1,0
org_hv3a3zmf,2025-07-27,compute,11.0282,130.0,1.3865,0,3,0,0
org_hv3a3zmf,2025-07-27,database,15.0297,263.0,0,0.0,3,0,0
org_hv3a3zmf,2025-07-27,networking,1.3521,133.0,0,23.2055,3,0,0
org_hv3a3zmf,2025-07-28,compute,18.4691,223.0,2.0754,0,3,0,0
org_hv3a3zmf,2025-07-28,database,5.5630,108.0,2.1458,18.3301,3,0,0
org_hv3a3zmf,2025-07-28,networking,0.1149,0,3.4457,8.1905,3,0,0
org_hv3a3zmf,2025-07-29,compute,21.8333,241.0,0.0,0,3,0,0
org_hv3a3zmf,2025-07-29,database,11.6427,241.0,1.0611,0,3,0,0
org_hv3a3zmf,2025-07-29,networking,1.3036,107.0,0,10.6345,3,0,0
org_hv3a3zmf,2025-07-30,compute,8.5665,121.0,0,0.2181,3,0,0
org_hv3a3zmf,2025-07-30,database,7.2830,133.0,5.1626,0,3,0,0
org_hv3a3zmf,2025-07-30,networking,4.4303,125.0,1.1962,16.6817,3,0,0
org_hv3a3zmf,2025-07-31,compute,18.3971,249.0,0,0.1689,3,0,0
org_hv3a3zmf,2025-07-31,database,8.8122,109.0,0,27.4425,3,0,0
org_hv3a3zmf,2025-08-01,database,7.4761,120.0,3.8428,15.0205,3,0,0
org_hv3a3zmf,2025-08-01,networking,1.2103,108.0,0.1709,0,3,0,0
org_hv3a3zmf,2025-08-02,database,6.6578,118.0,1.4707,0.0769,3,0,0
org_hv3a3zmf,2025-08-03,networking,0.2027,0,3.2890,20.8423,3,0,0
org_hv3a3zmf,2025-08-04,compute,21.1340,232.0,0,16.43,3,0,0
org_hv3a3zmf,2025-08-04,database,20.2880,360.0,0,0,3,0,0
org_hv3a3zmf,2025-08-04,networking,1.1194,119.0,4.5269,23.5475,3,0,0
org_hv3a3zmf,2025-08-05,compute,18.8933,237.0,0.0,0,3,0,0
org_hv3a3zmf,2025-08-05,networking,1.2885,122.0,5.6997,0,3,0,0
org_hv3a3zmf,2025-08-06,compute,2.9368,0,0,27.522,3,1,0
org_hv3a3zmf,2025-08-07,compute,16.7406,250.0,0,4.8339,3,0,0
org_hv3a3zmf,2025-08-07,networking,2.6195,231.0,1.9182,0,3,0,0
org_hv3a3zmf,2025-08-08,compute,11.4557,113.0,0,7.5462,3,0,0
org_hv3a3zmf,2025-08-09,database,7.6895,125.0,5.6117,7.9789,3,0,0
org_hv3a3zmf,2025-08-09,networking,1.2480,103.0,7.6059,0,3,0,0
org_hv3a3zmf,2025-08-10,compute,11.5702,128.0,0,2.406,3,0,0
org_hv3a3zmf,2025-08-10,database,0.7759,0,0.8696,14.6835,3,0,0
org_hv3a3zmf,2025-08-10,networking,1.4199,123.0,1.3343,8.5314,3,0,0
org_hv3a3zmf,2025-08-11,compute,24.5953,348.0,0,0,3,0,0
org_hv3a3zmf,2025-08-11,networking,1.2631,117.0,5.3297,0,3,0,0
org_hv3a3zmf,2025-08-12,compute,9.8633,105.0,1.858,0.2617,3,0,0
org_hv3a3zmf,2025-08-12,database,9.8447,138.0,4.3963,23.0364,3,0,0
org_hv3a3zmf,2025-08-12,networking,0.9765,132.0,4.2999,0,3,0,0
org_hv3a3zmf,2025-08-13,compute,29.8077,378.0,0,0,3,0,0
org_hv3a3zmf,2025-08-14,networking,1.5466,126.0,0,22.8924,3,0,0
org_hv3a3zmf,2025-08-15,database,8.2744,125.0,0.3213,12.388,3,0,0
org_hv3a3zmf,2025-08-16,compute,13.6948,140.0,1.3914,21.3705,3,0,0
org_hv3a3zmf,2025-08-16,database,11.1739,226.0,0,8.5587,3,0,0
org_hv3a3zmf,2025-08-17,compute,18.6293,240.0,0,7.7888,3,0,0
org_hv3a3zmf,2025-08-17,database,10.3112,220.0,0,4.9818,3,0,0
org_hv3a3zmf,2025-08-18,compute,27.7339,336.0,0,0,3,0,0
org_hv3a3zmf,2025-08-18,database,11.7238,231.0,0,0.0,3,0,0
org_hv3a3zmf,2025-08-18,networking,0.0767,0,9.5547,0.0,3,0,0
org_hv3a3zmf,2025-08-19,compute,11.3219,121.0,3.6626,0,3,0,0
org_hv3a3zmf,2025-08-19,networking,2.1242,233.0,0,0,3,1,0
org_hv3a3zmf,2025-08-20,database,0.2726,0,5.2660,0,3,0,0
org_hv3a3zmf,2025-08-20,networking,2.2703,229.0,0,0.2631,3,0,0
org_hv3a3zmf,2025-08-21,compute,14.7963,114.0,0.7198,0,3,1,0
org_hv3a3zmf,2025-08-21,networking,1.3699,106.0,0,16.9825,3,0,0
org_hv3a3zmf,2025-08-22,database,7.0593,109.0,0.4261,13.5094,3,0,0
org_hv3a3zmf,2025-08-22,networking,0.0748,0,2.1376,4.8378,3,0,0
org_hv3a3zmf,2025-08-23,database,11.2291,232.0,0,0,3,1,0
org_hv3a3zmf,2025-08-23,networking,0.3103,235.0,0,16.588,3,0,1
org_hv3a3zmf,2025-08-24,compute,0.2892,0,4.2526,0,3,0,0
org_hv3a3zmf,2025-08-24,networking,1.8089,235.0,0.9899,0,3,0,0
org_hv3a3zmf,2025-08-25,compute,34.1007,379.0,0,0,3,0,0
org_hv3a3zmf,2025-08-25,database,11.1980,229.0,1.8562,0,3,0,0
org_hv3a3zmf,2025-08-25,networking,2.5384,233.0,0.5382,0,3,0,0
org_hv3a3zmf,2025-08-27,compute,12.1975,125.0,3.5869,0,3,0,0
org_hv3a3zmf,2025-08-27,database,6.4799,119.0,0,23.0735,3,0,0
org_hv3a3zmf,2025-08-27,networking,1.1448,132.0,2.9307,0,3,0,0
org_hv3a3zmf,2025-08-28,compute,9.9559,119.0,0,11.1858,3,1,0
org_hv3a3zmf,2025-08-28,networking,1.4213,124.0,4.4514,7.2493,3,0,0
org_hv3a3zmf,2025-08-29,compute,23.0911,244.0,1.9581,0,3,0,0
org_hv3a3zmf,2025-08-29,database,5.5578,105.0,2.9923,0,3,1,0
org_hv3a3zmf,2025-08-29,networking,2.6370,251.0,0,15.5858,3,0,0
org_hv3a3zmf,2025-08-30,networking,1.3783,117.0,0,25.1801,3,0,0
org_hv3a3zmf,2025-08-31,networking,1.0261,126.0,3.7954,0,3,0,0
org_i3qk2iag,2025-07-03,compute,10.7822,129.0,0.0,14.3628,3,0,0
org_i3qk2iag,2025-07-03,genai,13.7424,129.0,2.2273,0,3,1,0
org_i3qk2iag,2025-07-03,storage,0.2672,0,6.3325,6.7892,3,0,0
org_i3qk2iag,2025-07-04,compute,39.8551,499.0,0,8.3883,6,0,0
org_i3qk2iag,2025-07-04,genai,20.5973,134.0,9.5135,10.4307,6,0,0
org_i3qk2iag,2025-07-04,storage,2.7199,125.0,0.0,4.2254,3,0,0
org_i3qk2iag,2025-07-05,genai,61.2328,500.0,1.1751,0,6,0,0
org_i3qk2iag,2025-07-06,genai,29.1367,238.0,4.2031,25.8364,6,0,0
org_i3qk2iag,2025-07-06,storage,3.2685,117.0,2.4893,53.4207,6,0,0
org_i3qk2iag,2025-07-07,compute,24.3245,332.0,4.9857,7.654,6,0,0
org_i3qk2iag,2025-07-07,genai,27.5378,212.0,0,2.815,3,0,0
org_i3qk2iag,2025-07-07,storage,2.6697,123.0,5.17,2.2475,3,0,0
org_i3qk2iag,2025-07-08,compute,41.4149,500.0,0,14.8134,6,0,0
org_i3qk2iag,2025-07-08,genai,39.0551,341.0,1.859,19.0675,6,0,0
org_i3qk2iag,2025-07-08,storage,5.0243,235.0,6.0454,0,6,0,0
org_i3qk2iag,2025-07-09,compute,16.9384,230.0,2.6887,0,3,0,0
org_i3qk2iag,2025-07-09,genai,31.4648,234.0,1.6945,0,3,0,0
org_i3qk2iag,2025-07-09,storage,14.0276,741.0,0,0,6,0,0
org_i3qk2iag,2025-07-10,genai,3.6428,0,2.8431,30.9353,3,0,0
org_i3qk2iag,2025-07-10,storage,5.6476,236.0,1.2886,0,3,0,0
org_i3qk2iag,2025-07-11,compute,24.8536,255.0,5.7123,9.4635,6,0,0
org_i3qk2iag,2025-07-11,genai,47.6227,381.0,0.7699,21.5497,6,0,0
org_i3qk2iag,2025-07-11,storage,10.4975,524.0,0,23.7889,6,0,0
org_i3qk2iag,2025-07-12,genai,27.7690,236.0,0.9925,0,3,0,0
org_i3qk2iag,2025-07-12,storage,2.3937,126.0,8.2507,0,3,0,0
org_i3qk2iag,2025-07-13,compute,12.5606,129.0,0.0028,10.6707,3,0,0
org_i3qk2iag,2025-07-13,storage,5.2604,243.0,0,9.6879,3,0,0
org_i3qk2iag,2025-07-14,compute,19.4968,231.0,0,7.1182,3,0,0
org_i3qk2iag,2025-07-14,storage,6.9187,345.0,7.0849,0.0,6,0,0
org_i3qk2iag,2025-07-15,compute,13.4191,136.0,1.9429,16.1341,3,0,0
org_i3qk2iag,2025-07-15,genai,2.4254,0,0,21.5652,3,0,1
org_i3qk2iag,2025-07-15,storage,9.4122,380.0,8.0784,0,6,0,0
org_i3qk2iag,2025-07-16,compute,32.1749,400.0,0.6272,15.0657,6,0,0
org_i3qk2iag,2025-07-16,genai,15.7183,122.0,0.0,13.1123,3,0,0
org_i3qk2iag,2025-07-16,storage,5.2283,255.0,0,21.076,3,0,0
org_i3qk2iag,2025-07-17,genai,5.8254,0,0,44.8324,3,0,0
org_i3qk2iag,2025-07-17,storage,5.7544,244.0,0,24.5086,3,0,0
org_i3qk2iag,2025-07-18,compute,27.1532,351.0,6.0022,17.4296,6,0,0
org_i3qk2iag,2025-07-18,storage,2.4224,120.0,1.4540,13.6580,6,0,0
org_i3qk2iag,2025-07-19,compute,9.7800,116.0,3.1244,0,3,0,0
org_i3qk2iag,2025-07-19,genai,27.8880,228.0,4.8954,27.9427,6,0,0
org_i3qk2iag,2025-07-19,storage,7.4437,348.0,1.2668,13.2393,6,0,0
org_i3qk2iag,2025-07-20,compute,8.3807,116.0,1.2378,0.0,3,0,0
org_i3qk2iag,2025-07-20,genai,30.3999,252.0,0,2.5667,3,0,0
org_i3qk2iag,2025-07-20,storage,3.2082,136.0,0.8286,0,3,0,0
org_i3qk2iag,2025-07-21,genai,27.9175,263.0,0.0473,0,3,0,0
org_i3qk2iag,2025-07-21,storage,3.9913,240.0,0,11.6085,3,0,0
org_i3qk2iag,2025-07-22,compute,19.3353,220.0,1.0101,0,3,0,0
org_i3qk2iag,2025-07-22,storage,12.3948,581.0,0,0.0,6,0,0
org_i3qk2iag,2025-07-23,compute,7.7913,128.0,0,6.1571,3,0,0
org_i3qk2iag,2025-07-23,genai,24.1724,229.0,0,9.5992,3,0,0
org_i3qk2iag,2025-07-23,storage,12.4049,611.0,0,7.7645,6,0,0
org_i3qk2iag,2025-07-24,compute,51.9945,621.0,0,12.9541,6,0,0
org_i3qk2iag,2025-07-24,genai,14.8741,127.0,2.8086,0,3,0,0
org_i3qk2iag,2025-07-24,storage,0.6967,0,5.4105,33.7774,6,0,0
org_i3qk2iag,2025-07-25,compute,20.4596,247.0,2.4901,0.5909,6,0,0
org_i3qk2iag,2025-07-25,genai,15.7111,112.0,4.5683,18.9170,6,0,0
org_i3qk2iag,2025-07-25,storage,5.3465,242.0,0,0.1951,3,0,0
org_i3qk2iag,2025-07-26,compute,33.1451,371.0,0.0,13.8905,6,0,0
org_i3qk2iag,2025-07-26,genai,61.4750,475.0,0.0,16.2843,6,0,0
org_i3qk2iag,2025-07-26,storage,4.6608,240.0,4.8753,8.8466,6,0,0
org_i3qk2iag,2025-07-27,compute,38.1617,307.0,2.3348,0.0,6,1,0
org_i3qk2iag,2025-07-27,storage,10.7929,501.0,0,3.0351,6,0,0
org_i3qk2iag,2025-07-28,compute,22.6116,219.0,5.2768,50.1559,6,0,0
org_i3qk2iag,2025-07-28,genai,18.6178,126.0,0,50.6151,3,0,0
org_i3qk2iag,2025-07-28,storage,6.9409,366.0,2.2156,0,6,0,0
org_i3qk2iag,2025-07-29,storage,5.0834,226.0,1.696,0,3,0,0
org_i3qk2iag,2025-07-30,compute,9.1809,119.0,3.5915,0,3,0,0
org_i3qk2iag,2025-07-30,genai,62.6014,470.0,3.6108,0,6,0,0
org_i3qk2iag,2025-07-30,storage,9.8260,467.0,0,30.3629,6,0,0
org_i3qk2iag,2025-07-31,compute,26.9825,233.0,2.3496,40.2341,6,0,0
org_i3qk2iag,2025-07-31,genai,41.1098,343.0,0,0,3,0,0
org_i3qk2iag,2025-08-01,compute,8.5872,136.0,0.9241,0,3,0,0
org_i3qk2iag,2025-08-01,genai,1.3323,0,8.8372,2.8918,6,0,0
org_i3qk2iag,2025-08-01,storage,1.9682,109.0,6.1678,7.3278,6,0,0
org_i3qk2iag,2025-08-02,compute,2.4521,0,0.0,35.2056,3,0,0
org_i3qk2iag,2025-08-02,genai,17.5173,127.0,0,16.3889,3,0,0
org_i3qk2iag,2025-08-02,storage,2.6697,120.0,0,9.6396,3,0,0
org_i3qk2iag,2025-08-03,compute,20.2091,245.0,0,3.6061,3,0,0
org_i3qk2iag,2025-08-03,genai,18.0889,129.0,0.4185,9.5545,3,0,0
org_i3qk2iag,2025-08-04,compute,22.5064,245.0,4.7488,23.2224,6,0,0
org_i3qk2iag,2025-08-04,genai,55.6756,502.0,3.5821,0,6,1,0
org_i3qk2iag,2025-08-04,storage,9.8290,462.0,4.2485,0,6,0,0
org_i3qk2iag,2025-08-05,genai,40.4374,337.0,4.3643,22.4820,6,0,0
org_i3qk2iag,2025-08-06,compute,1.6516,0,3.2694,16.7586,3,0,0
org_i3qk2iag,2025-08-06,genai,13.4774,120.0,2.8463,0,3,0,0
org_i3qk2iag,2025-08-06,storage,4.3310,229.0,0,29.0799,3,0,0
org_i3qk2iag,2025-08-07,compute,31.0926,374.0,0,0,3,0,0
org_i3qk2iag,2025-08-07,genai,34.9743,121.0,2.2746,0,3,1,0
org_i3qk2iag,2025-08-07,storage,4.5089,233.0,0,5.9722,3,0,0
org_i3qk2iag,2025-08-08,storage,2.9011,128.0,0.5997,14.4748,3,0,0
org_i3qk2iag,2025-08-09,compute,1.7677,0,4.6162,19.9880,3,0,0
org_i3qk2iag,2025-08-09,genai,43.8373,366.0,0,0,3,0,0
org_i3qk2iag,2025-08-10,compute,12.0961,121.0,5.8112,0,3,0,0
org_i3qk2iag,2025-08-10,genai,14.8660,135.0,0,19.3128,3,0,0
org_i3qk2iag,2025-08-10,storage,2.4652,116.0,3.013,0,3,1,0
org_i3qk2iag,2025-08-11,compute,23.5381,338.0,0,0,3,0,0
org_i3qk2iag,2025-08-11,genai,32.3086,253.0,2.1801,0,3,0,0
org_i3qk2iag,2025-08-11,storage,7.8610,377.0,1.7958,15.4095,6,0,0
org_i3qk2iag,2025-08-12,compute,29.4614,365.0,3.5032,0.0,6,0,0
org_i3qk2iag,2025-08-12,genai,51.6127,351.0,3.5146,17.2385,6,0,0
org_i3qk2iag,2025-08-12,storage,2.9370,122.0,5.7096,0,3,1,0
org_i3qk2iag,2025-08-13,compute,41.8509,478.0,0,15.9941,6,0,0
org_i3qk2iag,2025-08-13,storage,8.3853,388.0,2.4970,0,6,0,0
org_i3qk2iag,2025-08-14,compute,37.3631,482.0,0.0,1.6552,6,0,0
org_i3qk2iag,2025-08-14,genai,21.6471,0,0.2281,8.4072,3,1,0
org_i3qk2iag,2025-08-14,storage,2.4962,115.0,4.2932,0,3,0,0
org_i3qk2iag,2025-08-15,genai,34.0527,235.0,1.583,55.9748,6,0,0
org_i3qk2iag,2025-08-16,compute,8.0870,118.0,0.5099,4.2982,3,0,0
org_i3qk2iag,2025-08-16,genai,34.0631,238.0,0,15.8505,3,0,0
org_i3qk2iag,2025-08-16,storage,4.3967,217.0,0.9673,35.6495,6,0,0
org_i3qk2iag,2025-08-17,compute,47.7168,111.0,0,28.1766,3,0,0
org_i3qk2iag,2025-08-17,genai,14.2424,117.0,0,17.9874,3,0,0
org_i3qk2iag,2025-08-17,storage,11.5025,355.0,0.0,26.4778,6,1,0
org_i3qk2iag,2025-08-18,compute,8.5557,121.0,2.349,16.0748,3,0,0
org_i3qk2iag,2025-08-18,storage,8.3445,364.0,0,0,3,0,0
org_i3qk2iag,2025-08-19,genai,2.4183,0,0.0,21.3271,3,0,0
org_i3qk2iag,2025-08-19,storage,6.1432,366.0,1.6516,18.8676,6,0,0
org_i3qk2iag,2025-08-20,genai,19.5846,124.0,1.3877,18.3376,3,0,0
org_i3qk2iag,2025-08-20,storage,4.3576,222.0,5.7291,0,6,0,0
org_i3qk2iag,2025-08-21,compute,35.6975,380.0,0,37.7779,6,0,0
org_i3qk2iag,2025-08-21,genai,42.7154,340.0,0,0,3,0,0
org_i3qk2iag,2025-08-21,storage,3.3410,136.0,1.2028,5.3945,3,0,0
org_i3qk2iag,2025-08-22,compute,35.0349,385.0,0,31.3828,6,0,0
org_i3qk2iag,2025-08-22,genai,19.8867,105.0,4.8115,36.1157,6,0,0
org_i3qk2iag,2025-08-22,storage,9.9695,455.0,3.2519,11.8434,6,0,0
org_i3qk2iag,2025-08-24,compute,20.4798,229.0,0.0,34.8679,6,0,0
org_i3qk2iag,2025-08-24,genai,38.9208,337.0,0,0,3,0,0
org_i3qk2iag,2025-08-24,storage,8.3111,388.0,1.4406,9.8411,6,1,0
org_i3qk2iag,2025-08-25,compute,20.6971,255.0,2.2607,15.8809,6,0,0
org_i3qk2iag,2025-08-25,genai,62.6546,491.0,0.0793,20.0012,6,0,0
org_i3qk2iag,2025-08-25,storage,5.3624,245.0,2.8535,21.0293,6,0,0
org_i3qk2iag,2025-08-26,compute,9.5101,114.0,1.3737,6.1048,3,0,0
org_i3qk2iag,2025-08-26,genai,59.7254,489.0,1.3989,13.0874,6,0,0
org_i3qk2iag,2025-08-26,storage,10.2061,480.0,0.9029,20.2711,6,0,0
org_i3qk2iag,2025-08-27,compute,1.8254,0,1.6229,19.5708,3,0,0
org_i3qk2iag,2025-08-27,genai,28.5633,232.0,0.0,0,3,0,0
org_i3qk2iag,2025-08-27,storage,5.4180,242.0,0.5386,0,3,0,0
org_i3qk2iag,2025-08-28,compute,1.9061,0,3.5832,17.9463,3,0,0
org_i3qk2iag,2025-08-28,storage,2.8237,137.0,0.4553,19.5738,3,0,0
org_i3qk2iag,2025-08-29,compute,10.0419,114.0,3.664,18.5921,3,0,0
org_i3qk2iag,2025-08-29,genai,12.8636,125.0,2.0826,15.6515,3,0,0
org_i3qk2iag,2025-08-29,storage,2.2615,119.0,5.9946,0,3,0,0
org_i3qk2iag,2025-08-30,compute,4.0492,0,0.0,49.5650,6,0,0
org_i3qk2iag,2025-08-30,genai,14.5266,125.0,2.577,0.0,3,0,0
org_i3qk2iag,2025-08-31,genai,56.2842,372.0,2.7241,36.2503,6,0,0
org_i3qk2iag,2025-08-31,storage,7.3375,360.0,7.1373,0,6,0,0
org_i7p5tb94,2025-07-03,compute,46.9956,599.0,0.9845,0,6,0,0
org_i7p5tb94,2025-07-03,database,12.3720,248.0,4.6173,11.2743,6,0,0
org_i7p5tb94,2025-07-03,storage,7.3899,338.0,1.6899,25.2689,6,0,0
org_i7p5tb94,2025-07-04,compute,23.3739,243.0,0,55.3107,6,0,0
org_i7p5tb94,2025-07-04,database,1.0573,0,2.3002,19.9001,3,0,0
org_i7p5tb94,2025-07-04,storage,5.3437,227.0,3.5671,0,3,0,0
org_i7p5tb94,2025-07-05,compute,10.7062,106.0,0,26.1645,3,0,0
org_i7p5tb94,2025-07-05,storage,2.7948,112.0,1.7776,18.9571,3,0,0
org_i7p5tb94,2025-07-06,compute,9.1634,107.0,0,2.9627,3,0,0
org_i7p5tb94,2025-07-06,database,0.1661,0,3.2243,0,3,0,0
org_i7p5tb94,2025-07-06,storage,2.3213,109.0,0,18.7627,3,0,0
org_i7p5tb94,2025-07-07,compute,9.1809,101.0,3.9785,8.065,3,0,0
org_i7p5tb94,2025-07-07,database,18.1412,242.0,0.6156,11.701,6,1,0
org_i7p5tb94,2025-07-07,storage,3.7165,121.0,5.6328,31.6699,6,0,0
org_i7p5tb94,2025-07-08,database,12.6637,261.0,0,11.1436,3,0,0
org_i7p5tb94,2025-07-08,storage,2.4304,367.0,0,0,3,0,1
org_i7p5tb94,2025-07-09,database,20.6078,115.0,6.6719,34.5652,6,0,0
org_i7p5tb94,2025-07-09,storage,2.9699,135.0,2.7103,19.063,3,0,0
org_i7p5tb94,2025-07-10,compute,31.1779,259.0,2.5803,2.253,6,1,0
org_i7p5tb94,2025-07-10,database,11.8483,210.0,0,15.735,3,0,0
org_i7p5tb94,2025-07-11,compute,26.8719,354.0,0,0,3,0,0
org_i7p5tb94,2025-07-11,database,6.5515,111.0,0,2.8462,3,1,0
org_i7p5tb94,2025-07-11,storage,4.4204,235.0,0,13.2818,3,0,0
org_i7p5tb94,2025-07-12,compute,9.7208,122.0,0,0.237,3,0,0
org_i7p5tb94,2025-07-12,database,6.8966,123.0,2.2953,0.0,3,0,0
org_i7p5tb94,2025-07-12,storage,4.1533,234.0,3.7588,0,3,0,0
org_i7p5tb94,2025-07-13,compute,1.0811,0,4.0953,7.6844,3,0,0
org_i7p5tb94,2025-07-13,storage,5.2544,258.0,0,15.9903,3,0,0
org_i7p5tb94,2025-07-14,compute,-5.7250,254.0,5.7681,10.2246,6,1,1
org_i7p5tb94,2025-07-14,database,7.4708,136.0,1.3755,4.0505,3,0,0
org_i7p5tb94,2025-07-14,storage,7.4666,360.0,1.9457,6.6411,6,0,0
org_i7p5tb94,2025-07-15,compute,7.2891,123.0,5.0377,0.0,6,0,0
org_i7p5tb94,2025-07-15,storage,2.4645,99.0,4.101,16.0807,6,1,0
org_i7p5tb94,2025-07-16,compute,28.6855,353.0,0.2387,12.2918,6,0,0
org_i7p5tb94,2025-07-16,database,8.5844,135.0,0,15.867,3,0,0
org_i7p5tb94,2025-07-16,storage,7.2445,351.0,0,0,3,0,0
org_i7p5tb94,2025-07-17,compute,9.7383,129.0,5.6231,8.5152,3,0,0
org_i7p5tb94,2025-07-17,database,1.5856,0,0.9099,29.9088,3,0,0
org_i7p5tb94,2025-07-17,storage,5.3442,251.0,0,8.2786,3,0,0
org_i7p5tb94,2025-07-18,compute,17.4595,236.0,0,8.7611,6,1,0
org_i7p5tb94,2025-07-18,database,6.4184,123.0,0,9.2961,3,0,0
org_i7p5tb94,2025-07-18,storage,2.8372,115.0,0,21.4215,3,0,0
org_i7p5tb94,2025-07-19,database,2.0602,0,1.802,39.4165,3,0,0
org_i7p5tb94,2025-07-19,storage,5.2735,249.0,0,13.4142,3,0,0
org_i7p5tb94,2025-07-20,compute,38.0732,497.0,4.1007,0,6,0,0
org_i7p5tb94,2025-07-20,database,11.5352,238.0,3.1247,7.3283,6,0,0
org_i7p5tb94,2025-07-20,storage,0.6333,0,1.2335,29.4759,3,0,0
org_i7p5tb94,2025-07-21,compute,2.7564,0,2.7619,36.7905,3,0,0
org_i7p5tb94,2025-07-21,database,15.1630,256.0,0.8941,0,3,0,0
org_i7p5tb94,2025-07-22,database,6.8760,133.0,0,29.3932,3,0,0
org_i7p5tb94,2025-07-22,storage,6.4020,359.0,0.1782,5.1649,6,0,1
org_i7p5tb94,2025-07-23,compute,11.3664,131.0,0.0,11.206,3,0,0
org_i7p5tb94,2025-07-23,database,12.1284,254.0,2.1735,0,3,0,0
org_i7p5tb94,2025-07-23,storage,5.3682,219.0,1.3723,0,3,0,0
org_i7p5tb94,2025-07-24,compute,18.6829,207.0,0.0,18.1695,6,0,0
org_i7p5tb94,2025-07-24,storage,2.5381,114.0,3.4132,15.5838,3,0,0
org_i7p5tb94,2025-07-25,database,7.3608,115.0,1.5903,18.8769,3,0,0
org_i7p5tb94,2025-07-25,storage,9.1697,373.0,0,16.8502,6,1,0
org_i7p5tb94,2025-07-26,compute,10.6660,109.0,1.8026,8.1093,3,0,0
org_i7p5tb94,2025-07-26,storage,7.3568,327.0,0,0,3,0,0
org_i7p5tb94,2025-07-27,compute,22.4717,125.0,0.0,0,3,1,0
org_i7p5tb94,2025-07-27,storage,2.9432,116.0,0,26.5584,3,0,0
org_i7p5tb94,2025-07-28,compute,1.5112,0,0.5159,20.2614,3,0,0
org_i7p5tb94,2025-07-28,database,6.9184,123.0,1.3012,33.5808,6,0,0
org_i7p5tb94,2025-07-28,storage,3.9845,250.0,0,1.4362,3,0,0
org_i7p5tb94,2025-07-29,compute,35.3975,384.0,0,0,3,0,0
org_i7p5tb94,2025-07-29,database,19.5837,373.0,0.0743,45.7435,6,0,0
org_i7p5tb94,2025-07-29,storage,6.8160,334.0,0.9632,9.5754,6,0,0
org_i7p5tb94,2025-07-30,compute,29.5059,342.0,3.0867,2.7245,6,0,0
org_i7p5tb94,2025-07-30,database,15.0540,240.0,0.3324,44.7028,6,0,0
org_i7p5tb94,2025-07-30,storage,7.4366,109.0,0,15.9003,3,0,0
org_i7p5tb94,2025-07-31,database,16.0261,237.0,0.0,13.1265,6,1,0
org_i7p5tb94,2025-08-01,compute,45.6837,511.0,0.0,4.0492,6,0,0
org_i7p5tb94,2025-08-01,database,13.4804,255.0,0.9906,0,3,0,0
org_i7p5tb94,2025-08-01,storage,8.386,366.0,0,0,3,0,0
org_i7p5tb94,2025-08-02,compute,9.8075,116.0,2.3465,1.67,3,0,0
org_i7p5tb94,2025-08-02,database,12.8386,114.0,4.2737,16.4153,6,1,0
org_i7p5tb94,2025-08-02,storage,7.8703,350.0,0.0,9.1316,6,0,0
org_i7p5tb94,2025-08-03,compute,17.9709,246.0,0,8.2818,3,0,0
org_i7p5tb94,2025-08-03,storage,9.1744,446.0,1.2403,6.003,6,0,0
org_i7p5tb94,2025-08-04,compute,1.3343,0,2.8321,11.1272,3,0,0
org_i7p5tb94,2025-08-04,database,17.2652,366.0,0,0,3,0,0
org_i7p5tb94,2025-08-05,database,16.1205,107.0,3.0312,46.4413,6,1,0
org_i7p5tb94,2025-08-05,storage,0.0582,0,0.0,3.4375,3,0,0
org_i7p5tb94,2025-08-06,database,12.329,259.0,0,12.207,3,0,0
org_i7p5tb94,2025-08-07,compute,11.0550,123.0,0,25.5411,3,0,0
org_i7p5tb94,2025-08-07,database,18.6407,367.0,3.3228,0.0,6,1,0
org_i7p5tb94,2025-08-08,compute,18.4065,230.0,0,0.0,3,0,0
org_i7p5tb94,2025-08-08,database,20.9725,374.0,4.1493,0,6,0,0
org_i7p5tb94,2025-08-08,storage,2.9438,111.0,0.1427,20.3488,3,0,0
org_i7p5tb94,2025-08-09,compute,22.3698,230.0,0,10.6791,3,0,0
org_i7p5tb94,2025-08-09,storage,2.3945,124.0,7.8286,0,3,0,0
org_i7p5tb94,2025-08-10,compute,24.8557,268.0,1.4625,50.9746,6,0,0
org_i7p5tb94,2025-08-10,database,6.9376,113.0,0,14.4155,3,1,0
org_i7p5tb94,2025-08-11,compute,12.6404,110.0,0.4129,12.1199,3,0,0
org_i7p5tb94,2025-08-11,database,29.1806,597.0,0,33.2078,6,0,0
org_i7p5tb94,2025-08-11,storage,0.2052,0,9.7581,0,3,0,0
org_i7p5tb94,2025-08-12,compute,10.5753,126.0,0.0,13.0444,3,0,0
org_i7p5tb94,2025-08-12,database,8.7086,146.0,0,24.1765,3,0,0
org_i7p5tb94,2025-08-12,storage,7.6016,381.0,0,0,3,0,0
org_i7p5tb94,2025-08-13,compute,19.8523,244.0,3.0705,12.5903,6,0,0
org_i7p5tb94,2025-08-13,database,5.6764,97.0,1.9872,14.2245,3,0,0
org_i7p5tb94,2025-08-13,storage,3.3224,127.0,0,25.0999,3,0,0
org_i7p5tb94,2025-08-14,compute,0.6325,0,8.3215,0.0,3,0,0
org_i7p5tb94,2025-08-14,database,8.3941,122.0,1.7711,13.3387,3,0,0
org_i7p5tb94,2025-08-14,storage,5.2418,114.0,8.0893,36.3561,6,1,0
org_i7p5tb94,2025-08-15,compute,1.2588,0,1.8646,15.124,3,0,0
org_i7p5tb94,2025-08-15,database,15.4194,249.0,6.3710,5.1421,6,0,0
org_i7p5tb94,2025-08-16,compute,21.4881,234.0,0,25.4431,3,0,0
org_i7p5tb94,2025-08-16,database,1.2172,0,3.5143,22.1458,3,0,0
org_i7p5tb94,2025-08-17,database,15.6963,352.0,1.6822,11.0,6,0,0
org_i7p5tb94,2025-08-17,storage,4.0374,239.0,0.9127,0,3,0,0
org_i7p5tb94,2025-08-18,database,4.8932,118.0,0,3.8406,3,0,0
org_i7p5tb94,2025-08-18,storage,5.1854,244.0,0.0,0,3,0,0
org_i7p5tb94,2025-08-19,compute,31.8518,357.0,0.6394,12.9377,6,0,0
org_i7p5tb94,2025-08-19,database,14.5035,232.0,0.0,46.6652,6,0,0
org_i7p5tb94,2025-08-19,storage,0.4814,0,1.2544,18.2884,3,0,0
org_i7p5tb94,2025-08-20,compute,23.2455,235.0,0,36.0367,6,0,0
org_i7p5tb94,2025-08-20,database,11.7741,111.0,4.1348,4.534,6,1,0
org_i7p5tb94,2025-08-20,storage,0.2754,0,0.0,14.5197,3,0,0
org_i7p5tb94,2025-08-21,compute,26.3572,245.0,0.1696,43.9666,6,0,0
org_i7p5tb94,2025-08-21,database,13.1525,243.0,0,13.8729,3,0,0
org_i7p5tb94,2025-08-22,database,1.0931,0,0.0,23.1372,3,0,0
org_i7p5tb94,2025-08-22,storage,10.5557,352.0,0,16.8821,6,1,0
org_i7p5tb94,2025-08-23,compute,12.7017,130.0,0,17.9485,3,0,0
org_i7p5tb94,2025-08-23,database,8.6949,109.0,0,54.7465,3,0,0
org_i7p5tb94,2025-08-23,storage,6.1549,238.0,9.0096,27.3154,6,0,0
org_i7p5tb94,2025-08-24,compute,11.1568,123.0,0,14.0014,3,0,0
org_i7p5tb94,2025-08-24,database,15.7031,268.0,0.0,0,3,0,0
org_i7p5tb94,2025-08-24,storage,2.7721,113.0,0,41.0612,3,0,0
org_i7p5tb94,2025-08-25,compute,33.0035,370.0,2.7166,14.7222,6,0,1
org_i7p5tb94,2025-08-25,database,20.0198,353.0,0.0,23.9012,6,0,0
org_i7p5tb94,2025-08-25,storage,9.5625,486.0,1.0359,9.2427,6,0,0
org_i7p5tb94,2025-08-26,compute,13.0112,152.0,1.3478,9.2785,3,0,0
org_i7p5tb94,2025-08-26,database,14.7808,277.0,0.6858,10.3879,6,0,0
org_i7p5tb94,2025-08-26,storage,8.8588,380.0,2.2392,0,6,0,0
org_i7p5tb94,2025-08-27,database,25.9090,506.0,1.4173,11.9639,6,0,0
org_i7p5tb94,2025-08-27,storage,57.9049,265.0,0,6.6275,3,0,0
org_i7p5tb94,2025-08-28,database,13.8253,233.0,0,12.1977,3,0,0
org_i7p5tb94,2025-08-28,storage,9.8329,483.0,0,11.8907,6,1,0
org_i7p5tb94,2025-08-29,compute,17.2472,228.0,0,34.1928,6,0,0
org_i7p5tb94,2025-08-29,database,0.9150,0,0,20.9172,3,0,0
org_i7p5tb94,2025-08-29,storage,6.3978,254.0,3.5962,28.3841,6,0,0
org_i7p5tb94,2025-08-30,compute,20.7583,258.0,3.364,12.5511,6,0,0
org_i7p5tb94,2025-08-30,database,8.2958,128.0,2.4973,22.4928,6,0,0
org_i7p5tb94,2025-08-31,compute,11.8791,132.0,3.8102,15.9786,6,0,0
org_i7p5tb94,2025-08-31,database,12.1579,231.0,3.9860,5.7533,6,0,0
org_id25owf7,2025-07-04,compute,2.0812,0,6.1355,19.7441,3,0,0
org_id25owf7,2025-07-04,storage,7.1492,358.0,0,0,3,0,0
org_id25owf7,2025-07-05,storage,6.3560,345.0,0,0,3,0,0
org_id25owf7,2025-07-06,compute,0.3375,0,3.9775,0,3,0,0
org_id25owf7,2025-07-06,storage,7.5251,349.0,0,0,3,0,0
org_id25owf7,2025-07-07,storage,2.7880,107.0,1.8774,20.8671,3,0,0
org_id25owf7,2025-07-08,compute,11.1734,114.0,0,18.1393,3,0,0
org_id25owf7,2025-07-09,compute,11.3437,128.0,1.166,11.4793,3,0,0
org_id25owf7,2025-07-10,compute,15.4385,152.0,0,20.5825,3,0,0
org_id25owf7,2025-07-10,storage,0.6334,0,0,30.2165,3,0,0
org_id25owf7,2025-07-11,compute,12.4416,138.0,0.2189,7.3416,3,0,0
org_id25owf7,2025-07-12,storage,5.0236,227.0,1.3948,0,3,0,0
org_id25owf7,2025-07-13,compute,11.6601,144.0,0,26.5397,3,0,0
org_id25owf7,2025-07-13,storage,0.5665,0,0,32.3909,3,0,0
org_id25owf7,2025-07-14,storage,2.9861,118.0,0.6647,17.0848,3,0,0
org_id25owf7,2025-07-15,compute,12.8549,140.0,0,24.1928,3,0,0
org_id25owf7,2025-07-15,storage,2.1756,101.0,1.471,11.4243,3,0,0
org_id25owf7,2025-07-16,compute,21.6822,222.0,0,9.3859,3,0,0
org_id25owf7,2025-07-16,storage,7.3340,244.0,0,0,3,1,0
org_id25owf7,2025-07-21,compute,13.2227,135.0,1.7356,6.7462,3,0,0
org_id25owf7,2025-07-24,compute,10.6356,112.0,0,14.3209,3,0,0
org_id25owf7,2025-07-24,storage,4.8571,228.0,0,18.357,3,0,0
org_id25owf7,2025-07-25,storage,2.1821,111.0,0,22.6231,3,0,0
org_id25owf7,2025-07-26,storage,7.3151,351.0,0,0,3,0,0
org_id25owf7,2025-07-27,compute,0.7776,0,3.1365,7.9098,3,0,0
org_id25owf7,2025-07-28,storage,0.8579,0,0.0,34.5024,3,0,0
org_id25owf7,2025-07-29,compute,10.8817,112.0,4.5679,0,3,1,0
org_id25owf7,2025-07-30,compute,0.8642,0,2.5007,8.6594,3,0,0
org_id25owf7,2025-07-30,storage,0.2913,0,2.1599,12.6713,3,0,0
org_id25owf7,2025-07-31,compute,9.4971,114.0,0,8.0906,3,0,0
org_id25owf7,2025-08-01,storage,0.4653,0,6.45,15.4496,3,0,0
org_id25owf7,2025-08-02,compute,3.1893,0,0.0,36.4558,3,0,0
org_id25owf7,2025-08-02,storage,6.7745,353.0,0,0,3,0,0
org_id25owf7,2025-08-03,compute,17.9890,247.0,1.064,0,3,0,0
org_id25owf7,2025-08-04,compute,19.9124,241.0,0,10.0741,3,0,0
org_id25owf7,2025-08-04,storage,7.9884,375.0,0,0,3,0,0
org_id25owf7,2025-08-05,compute,28.9041,350.0,0,0,3,0,0
org_id25owf7,2025-08-06,storage,2.7240,141.0,2.8696,4.4565,3,0,0
org_id25owf7,2025-08-07,compute,27.9382,360.0,0,0,3,0,0
org_id25owf7,2025-08-08,storage,4.6021,115.0,2.1366,0,3,1,0
org_id25owf7,2025-08-09,storage,7.3402,359.0,0,0,3,0,0
org_id25owf7,2025-08-11,compute,9.8637,125.0,3.8969,4.6389,3,0,0
org_id25owf7,2025-08-12,compute,31.8223,368.0,0,0,3,0,0
org_id25owf7,2025-08-13,compute,1.2333,0,7.1260,10.9894,3,0,0
org_id25owf7,2025-08-13,storage,2.5899,121.0,0,6.3007,3,0,0
org_id25owf7,2025-08-14,compute,11.1794,128.0,0,9.6233,3,0,0
org_id25owf7,2025-08-14,storage,4.0518,207.0,0,8.8562,3,0,0
org_id25owf7,2025-08-15,storage,0.6832,0,0.0,30.1751,3,0,0
org_id25owf7,2025-08-17,storage,0.0564,0,3.3313,0,3,0,0
org_id25owf7,2025-08-19,storage,7.2492,240.0,0,0,3,1,0
org_id25owf7,2025-08-20,storage,2.6498,117.0,1.5975,1.3696,3,0,0
org_id25owf7,2025-08-21,compute,0.2824,0,3.1597,0.0,3,0,0
org_id25owf7,2025-08-23,storage,0.3340,0,0.3778,16.2001,3,0,0
org_id25owf7,2025-08-25,storage,0.4206,0,0.0,20.4561,3,0,0
org_id25owf7,2025-08-28,compute,33.2276,386.0,0,0,3,0,0
org_id25owf7,2025-08-28,storage,2.2274,89.0,0,16.6402,3,0,0
org_id25owf7,2025-08-31,compute,10.2779,131.0,3.8083,0,3,0,0
org_ir4cowgz,2025-07-03,database,13.4855,248.0,0,0,3,1,0
org_ir4cowgz,2025-07-03,storage,9.6393,518.0,0,17.3750,6,0,0
org_ir4cowgz,2025-07-04,analytics,20.4990,258.0,6.3446,32.7688,6,0,0
org_ir4cowgz,2025-07-04,database,10.0596,227.0,0,0.0,3,0,0
org_ir4cowgz,2025-07-04,storage,3.0845,122.0,3.6501,18.001,3,0,0
org_ir4cowgz,2025-07-05,analytics,5.1092,119.0,0.5636,0,3,0,0
org_ir4cowgz,2025-07-05,storage,3.2980,132.0,0,9.9427,3,0,0
org_ir4cowgz,2025-07-06,analytics,17.0633,249.0,0,17.7424,3,0,0
org_ir4cowgz,2025-07-06,database,12.4919,123.0,0,0.0,3,1,0
org_ir4cowgz,2025-07-06,storage,2.4645,127.0,5.4323,10.6944,6,0,0
org_ir4cowgz,2025-07-07,database,1.9276,0,2.4557,36.3913,3,0,0
org_ir4cowgz,2025-07-07,storage,5.0004,254.0,1.254,14.4518,6,0,0
org_ir4cowgz,2025-07-08,analytics,12.6102,133.0,0,30.3223,3,0,0
org_ir4cowgz,2025-07-08,database,19.4505,371.0,2.5425,4.7411,6,0,0
org_ir4cowgz,2025-07-08,storage,7.2274,351.0,0,0,3,0,0
org_ir4cowgz,2025-07-09,analytics,15.5746,264.0,2.5212,0,3,0,0
org_ir4cowgz,2025-07-09,database,11.0182,223.0,2.3333,0,3,0,0
org_ir4cowgz,2025-07-09,storage,2.1522,98.0,2.707,7.1425,3,0,0
org_ir4cowgz,2025-07-10,analytics,30.8610,348.0,0,52.5992,6,0,0
org_ir4cowgz,2025-07-10,database,0.5335,0,2.905,7.1589,3,0,0
org_ir4cowgz,2025-07-10,storage,6.1706,244.0,5.1042,26.9972,6,0,0
org_ir4cowgz,2025-07-11,analytics,1.1117,0,2.6596,14.2943,3,1,0
org_ir4cowgz,2025-07-11,storage,6.1070,140.0,3.2087,22.1683,6,1,0
org_ir4cowgz,2025-07-12,analytics,11.6287,125.0,7.2048,28.3821,6,0,0
org_ir4cowgz,2025-07-12,database,25.2248,345.0,4.6607,18.8787,6,1,0
org_ir4cowgz,2025-07-12,storage,7.7459,358.0,3.639,24.0473,6,0,0
org_ir4cowgz,2025-07-13,analytics,31.1400,488.0,2.3875,15.6847,6,0,0
org_ir4cowgz,2025-07-13,database,21.7107,370.0,0,15.8758,6,0,0
org_ir4cowgz,2025-07-13,storage,2.6749,124.0,0,5.6192,3,0,0
org_ir4cowgz,2025-07-14,database,12.0508,246.0,0,8.3604,3,0,0
org_ir4cowgz,2025-07-14,storage,-1.4165,95.0,0,19.2339,3,0,1
org_ir4cowgz,2025-07-15,analytics,9.9207,118.0,7.2991,0,3,0,0
org_ir4cowgz,2025-07-15,database,11.4550,250.0,1.462,0,3,0,0
org_ir4cowgz,2025-07-16,analytics,42.4383,481.0,0.0906,0,6,1,0
org_ir4cowgz,2025-07-16,database,26.2108,465.0,4.2344,19.8123,6,0,0
org_ir4cowgz,2025-07-16,storage,7.4926,357.0,1.4581,21.0626,6,0,0
org_ir4cowgz,2025-07-17,analytics,4.2928,0,0,63.3862,3,0,0
org_ir4cowgz,2025-07-17,database,22.7687,473.0,2.8259,16.1414,6,0,0
org_ir4cowgz,2025-07-17,storage,7.1509,261.0,2.2684,25.0271,6,0,0
org_ir4cowgz,2025-07-18,analytics,23.6511,233.0,2.5334,48.2691,6,0,0
org_ir4cowgz,2025-07-18,database,20.1680,373.0,1.8750,2.4441,6,0,0
org_ir4cowgz,2025-07-19,analytics,8.6116,138.0,2.6741,0,3,0,0
org_ir4cowgz,2025-07-19,storage,9.5155,478.0,1.4319,26.4288,6,0,0
org_ir4cowgz,2025-07-20,database,24.1022,388.0,6.4716,22.5886,6,0,0
org_ir4cowgz,2025-07-21,analytics,229.7084,377.0,0,44.1220,6,0,0
org_ir4cowgz,2025-07-21,database,6.0237,128.0,0.0,19.6093,3,0,0
org_ir4cowgz,2025-07-21,storage,4.9252,260.0,0.0,0,3,0,0
org_ir4cowgz,2025-07-22,analytics,18.7336,253.0,1.0097,0,3,0,0
org_ir4cowgz,2025-07-22,database,16.4179,363.0,0,0,3,0,0
org_ir4cowgz,2025-07-22,storage,5.3803,236.0,2.3937,20.2884,6,0,0
org_ir4cowgz,2025-07-23,analytics,10.4957,117.0,0.0508,20.1993,3,0,0
org_ir4cowgz,2025-07-23,database,13.0242,238.0,0.3801,11.2124,6,0,0
org_ir4cowgz,2025-07-24,storage,2.5934,124.0,5.1797,12.8646,6,0,0
org_ir4cowgz,2025-07-25,database,24.4143,316.0,1.7505,0,6,1,0
org_ir4cowgz,2025-07-25,storage,12.9446,626.0,4.7265,0,6,0,0
org_ir4cowgz,2025-07-26,analytics,14.3892,276.0,0,7.8313,3,0,0
org_ir4cowgz,2025-07-26,database,1.3761,0,5.2966,20.4857,6,0,0
org_ir4cowgz,2025-07-26,storage,2.8814,106.0,2.3149,28.0347,6,0,0
org_ir4cowgz,2025-07-27,analytics,13.0314,116.0,2.7894,31.8067,6,1,0
org_ir4cowgz,2025-07-27,database,29.8477,455.0,0,1.3441,6,1,0
org_ir4cowgz,2025-07-27,storage,3.1974,136.0,2.5416,13.227,3,0,0
org_ir4cowgz,2025-07-28,analytics,30.9702,495.0,2.1406,0,6,0,0
org_ir4cowgz,2025-07-28,database,1.4401,0,0,31.1156,3,0,0
org_ir4cowgz,2025-07-28,storage,0.1248,0,7.9630,0,3,0,0
org_ir4cowgz,2025-07-29,database,11.7420,253.0,6.5350,2.6725,6,0,0
org_ir4cowgz,2025-07-29,storage,5.6894,266.0,0.1697,14.4352,6,0,0
org_ir4cowgz,2025-07-30,analytics,9.5779,137.0,0.0,0,3,1,0
org_ir4cowgz,2025-07-30,database,1.1727,0,0.9884,27.3167,3,0,0
org_ir4cowgz,2025-07-30,storage,17.2185,214.0,5.1976,39.3793,6,0,0
org_ir4cowgz,2025-07-31,analytics,13.4516,133.0,9.2758,17.0244,6,0,0
org_ir4cowgz,2025-07-31,database,0.7086,0,1.7412,12.6883,3,1,0
org_ir4cowgz,2025-07-31,storage,5.0232,272.0,0,1.6987,3,0,0
org_ir4cowgz,2025-08-01,analytics,19.4468,257.0,1.0226,8.8185,6,0,0
org_ir4cowgz,2025-08-01,database,7.1716,112.0,0,16.6188,3,0,0
org_ir4cowgz,2025-08-01,storage,1.9316,102.0,0.0,4.016,3,0,0
org_ir4cowgz,2025-08-02,database,11.0493,224.0,0,17.4384,3,0,0
org_ir4cowgz,2025-08-02,storage,2.5635,123.0,0.0,26.2733,3,0,0
org_ir4cowgz,2025-08-03,analytics,15.3687,241.0,4.0786,36.7620,6,0,0
org_ir4cowgz,2025-08-03,database,21.3497,373.0,4.7135,27.1166,6,0,0
org_ir4cowgz,2025-08-03,storage,2.2200,103.0,0,31.5773,3,0,0
org_ir4cowgz,2025-08-04,analytics,23.6058,322.0,0,0,3,0,0
org_ir4cowgz,2025-08-04,database,9.8528,235.0,0.5364,0,3,0,0
org_ir4cowgz,2025-08-04,storage,2.0768,112.0,2.4933,0.4377,3,0,0
org_ir4cowgz,2025-08-05,analytics,19.3830,255.0,5.4364,16.7175,6,0,0
org_ir4cowgz,2025-08-05,storage,4.3272,217.0,3.3111,7.3633,6,0,0
org_ir4cowgz,2025-08-06,analytics,36.3384,487.0,2.5418,4.3819,6,0,0
org_ir4cowgz,2025-08-06,storage,8.7560,375.0,4.0688,7.5191,6,0,0
org_ir4cowgz,2025-08-07,analytics,30.6573,362.0,1.0016,25.2537,6,0,0
org_ir4cowgz,2025-08-07,storage,2.4189,125.0,1.6418,11.81,3,0,0
org_ir4cowgz,2025-08-08,analytics,23.0784,326.0,0.6335,7.6493,6,0,0
org_ir4cowgz,2025-08-08,database,10.7468,221.0,0,12.9952,3,0,0
org_ir4cowgz,2025-08-08,storage,4.8970,226.0,0,7.1055,3,0,0
org_ir4cowgz,2025-08-09,analytics,1.2614,0,1.5229,14.7031,3,0,0
org_ir4cowgz,2025-08-09,database,19.8407,349.0,1.648,32.8256,6,0,0
org_ir4cowgz,2025-08-09,storage,6.2588,248.0,1.4386,50.0781,6,0,0
org_ir4cowgz,2025-08-10,analytics,17.7603,225.0,6.5377,11.8201,6,0,0
org_ir4cowgz,2025-08-10,database,1.4444,0,0,24.5820,3,0,0
org_ir4cowgz,2025-08-10,storage,5.3319,246.0,4.9235,16.0913,6,0,0
org_ir4cowgz,2025-08-11,analytics,8.9378,104.0,0,16.1255,3,0,0
org_ir4cowgz,2025-08-11,database,12.9266,248.0,1.259,0,3,0,0
org_ir4cowgz,2025-08-11,storage,3.5362,121.0,3.5526,25.8947,6,0,0
org_ir4cowgz,2025-08-12,analytics,7.5471,116.0,3.8723,5.4006,3,0,0
org_ir4cowgz,2025-08-12,database,6.9653,119.0,0,18.8384,3,0,0
org_ir4cowgz,2025-08-12,storage,3.0446,116.0,2.2921,14.6862,3,0,0
org_ir4cowgz,2025-08-13,analytics,35.4154,466.0,0,27.8910,6,0,0
org_ir4cowgz,2025-08-13,database,0.4682,0,1.0881,8.6712,3,0,0
org_ir4cowgz,2025-08-13,storage,3.0656,103.0,4.7238,12.5766,3,0,0
org_ir4cowgz,2025-08-14,analytics,9.2356,120.0,1.8667,0.8957,3,0,0
org_ir4cowgz,2025-08-14,storage,5.3895,244.0,0.7969,45.5904,6,0,0
org_ir4cowgz,2025-08-15,analytics,17.2033,255.0,0.0,0,3,0,0
org_ir4cowgz,2025-08-15,database,11.8430,246.0,3.0968,0,3,0,0
org_ir4cowgz,2025-08-15,storage,3.2486,119.0,8.7411,0.0,6,0,0
org_ir4cowgz,2025-08-16,database,18.2173,342.0,0,0,3,0,0
org_ir4cowgz,2025-08-16,storage,5.0804,243.0,6.3605,14.7788,6,0,0
org_ir4cowgz,2025-08-17,analytics,5.6742,110.0,2.8079,0,3,0,0
org_ir4cowgz,2025-08-17,database,13.5203,249.0,0,17.1641,3,0,0
org_ir4cowgz,2025-08-17,storage,2.8185,114.0,3.2413,0,3,0,0
org_ir4cowgz,2025-08-18,analytics,8.2961,109.0,3.2526,18.1688,3,0,0
org_ir4cowgz,2025-08-18,database,22.3504,467.0,0.0,11.5167,6,0,0
org_ir4cowgz,2025-08-18,storage,6.1651,238.0,1.2398,61.2031,6,0,0
org_ir4cowgz,2025-08-19,analytics,8.8970,110.0,0.5648,12.3864,3,0,0
org_ir4cowgz,2025-08-19,database,5.1976,123.0,5.1508,0,3,0,0
org_ir4cowgz,2025-08-19,storage,2.4794,120.0,0,19.8031,3,0,0
org_ir4cowgz,2025-08-20,analytics,1.8410,0,3.9413,22.1169,3,0,0
org_ir4cowgz,2025-08-20,database,19.1309,364.0,0,0,3,0,0
org_ir4cowgz,2025-08-20,storage,7.1609,359.0,3.7596,0,6,0,0
org_ir4cowgz,2025-08-21,database,19.8062,341.0,2.9033,21.157,6,0,0
org_ir4cowgz,2025-08-21,storage,2.8966,123.0,1.8295,19.5226,3,0,0
org_ir4cowgz,2025-08-22,analytics,8.9881,132.0,5.7766,0,3,0,0
org_ir4cowgz,2025-08-23,database,17.9415,363.0,0,0,3,0,0
org_ir4cowgz,2025-08-23,storage,2.9313,123.0,0.8548,14.5654,3,0,0
org_ir4cowgz,2025-08-24,analytics,1.6095,0,2.7347,20.907,3,0,0
org_ir4cowgz,2025-08-24,storage,7.3366,363.0,0,0,3,0,0
org_ir4cowgz,2025-08-25,analytics,9.6263,116.0,0,28.2515,3,0,0
org_ir4cowgz,2025-08-25,database,7.0341,128.0,2.2184,5.0803,3,0,0
org_ir4cowgz,2025-08-25,storage,4.0055,226.0,1.0115,0,3,0,0
org_ir4cowgz,2025-08-26,analytics,19.0307,228.0,1.2109,9.1207,6,0,0
org_ir4cowgz,2025-08-26,database,7.5732,115.0,0,33.5043,3,0,0
org_ir4cowgz,2025-08-26,storage,1.5963,0,4.4146,40.2628,6,0,0
org_ir4cowgz,2025-08-27,analytics,0.7368,0,1.9135,8.3068,3,0,0
org_ir4cowgz,2025-08-27,database,10.0483,220.0,0,4.3645,3,0,0
org_ir4cowgz,2025-08-27,storage,7.3697,358.0,0,0,3,0,0
org_ir4cowgz,2025-08-28,analytics,18.5658,248.0,0.7711,0,3,0,0
org_ir4cowgz,2025-08-28,database,7.3944,117.0,0,26.4761,3,0,0
org_ir4cowgz,2025-08-28,storage,5.7726,247.0,3.2885,29.8383,6,0,0
org_ir4cowgz,2025-08-29,analytics,36.5874,465.0,3.2072,19.4121,6,0,0
org_ir4cowgz,2025-08-29,database,7.0333,129.0,0,26.5755,3,0,0
org_ir4cowgz,2025-08-29,storage,0.5304,0,2.4398,27.5291,3,0,0
org_ir4cowgz,2025-08-30,database,11.5771,232.0,0.3996,8.3053,6,1,1
org_ir4cowgz,2025-08-30,storage,8.6994,391.0,0,36.3885,6,0,0
org_ir4cowgz,2025-08-31,analytics,16.1767,249.0,0,4.8291,3,0,0
org_ir4cowgz,2025-08-31,database,11.4775,233.0,3.2408,0,3,0,0
org_ir4cowgz,2025-08-31,storage,6.2931,353.0,3.2063,4.6785,6,0,0
org_jxepq85j,2025-07-03,analytics,18.8330,243.0,0,21.5891,3,0,0
org_jxepq85j,2025-07-03,compute,28.2047,384.0,0,0,3,0,0
org_jxepq85j,2025-07-03,database,9.1748,242.0,1.8391,0,3,0,0
org_jxepq85j,2025-07-03,networking,3.9409,369.0,2.7781,13.1562,6,0,0
org_jxepq85j,2025-07-03,storage,4.5945,236.0,0,5.8829,3,0,0
org_jxepq85j,2025-07-04,database,16.3302,120.0,0,0,3,2,0
org_jxepq85j,2025-07-05,analytics,8.8257,135.0,0.0,13.0002,3,0,0
org_jxepq85j,2025-07-05,compute,21.7212,338.0,0,0,3,0,0
org_jxepq85j,2025-07-05,networking,3.6109,326.0,0,25.8953,6,1,0
org_jxepq85j,2025-07-05,storage,3.4045,119.0,1.6392,6.2203,3,0,0
org_jxepq85j,2025-07-06,analytics,1.3241,0,2.9267,12.11,3,0,0
org_jxepq85j,2025-07-06,database,14.8834,256.0,6.6109,0,3,0,0
org_jxepq85j,2025-07-06,networking,1.3464,139.0,3.9033,0,3,0,0
org_jxepq85j,2025-07-06,storage,5.2128,236.0,0,9.5488,3,0,0
org_jxepq85j,2025-07-07,compute,9.4936,117.0,0.0,7.917,3,0,0
org_jxepq85j,2025-07-07,database,18.1300,351.0,0,0,3,0,0
org_jxepq85j,2025-07-07,networking,2.3402,223.0,5.6217,22.9576,6,0,0
org_jxepq85j,2025-07-08,networking,2.2517,233.0,3.5914,24.4620,6,0,0
org_jxepq85j,2025-07-08,storage,5.1005,248.0,0,0.0,3,0,0
org_jxepq85j,2025-07-09,analytics,20.1936,338.0,0,0,3,0,0
org_jxepq85j,2025-07-09,networking,2.2217,226.0,0,27.1974,3,0,0
org_jxepq85j,2025-07-10,analytics,9.0374,130.0,3.5379,0,3,0,0
org_jxepq85j,2025-07-10,database,5.6879,114.0,4.1896,21.7759,3,0,0
org_jxepq85j,2025-07-10,storage,2.3635,109.0,0,27.2053,3,0,0
org_jxepq85j,2025-07-11,analytics,27.6152,356.0,0,0,3,0,0
org_jxepq85j,2025-07-11,compute,11.8910,130.0,0,7.8885,3,0,0
org_jxepq85j,2025-07-11,database,5.2919,120.0,0.0323,6.2074,3,0,0
org_jxepq85j,2025-07-11,networking,1.3763,118.0,1.6806,3.2343,3,0,0
org_jxepq85j,2025-07-11,storage,0.3108,0,2.9479,13.0011,3,0,0
org_jxepq85j,2025-07-12,analytics,8.7754,93.0,1.9268,17.2556,3,0,0
org_jxepq85j,2025-07-12,compute,11.6750,117.0,0,25.8153,3,0,0
org_jxepq85j,2025-07-12,database,6.6507,106.0,0,26.8602,3,0,0
org_jxepq85j,2025-07-12,networking,4.0051,341.0,3.6121,12.391,6,0,0
org_jxepq85j,2025-07-12,storage,0.1524,0,0.7856,7.1063,3,0,0
org_jxepq85j,2025-07-13,analytics,21.8236,270.0,1.4463,0,3,0,0
org_jxepq85j,2025-07-13,database,4.8609,120.0,0,24.9975,3,0,1
org_jxepq85j,2025-07-13,networking,0.9109,114.0,0.9585,0.0,3,0,0
org_jxepq85j,2025-07-14,analytics,26.7490,373.0,0,0,3,0,0
org_jxepq85j,2025-07-14,compute,15.9305,224.0,0,11.4533,3,0,0
org_jxepq85j,2025-07-14,database,15.8746,352.0,0,0,3,0,0
org_jxepq85j,2025-07-14,networking,0.1270,0,1.7997,0.2517,3,1,0
org_jxepq85j,2025-07-14,storage,2.3957,123.0,3.5663,0,3,0,0
org_jxepq85j,2025-07-15,compute,16.8618,233.0,3.4825,0,3,0,0
org_jxepq85j,2025-07-15,database,1.0860,0,3.411,21.0232,3,0,0
org_jxepq85j,2025-07-15,networking,1.8886,248.0,0,0.0,3,0,0
org_jxepq85j,2025-07-15,storage,7.3972,355.0,0,0,3,0,0
org_jxepq85j,2025-07-16,analytics,8.0059,112.0,0.7662,0,3,0,0
org_jxepq85j,2025-07-16,compute,20.6799,242.0,0,7.8546,3,0,0
org_jxepq85j,2025-07-16,database,11.6494,223.0,0,5.3236,3,0,0
org_jxepq85j,2025-07-16,networking,0.3473,0,7.2749,25.5,3,0,0
org_jxepq85j,2025-07-17,analytics,16.9989,232.0,3.8194,0,3,0,0
org_jxepq85j,2025-07-17,database,9.7720,237.0,0,9.7666,3,0,0
org_jxepq85j,2025-07-17,networking,3.9703,377.0,6.6063,16.9189,6,0,0
org_jxepq85j,2025-07-17,storage,5.2327,243.0,0,5.8012,3,0,0
org_jxepq85j,2025-07-18,compute,19.1147,238.0,0,1.1434,3,0,0
org_jxepq85j,2025-07-18,database,13.1702,252.0,0,26.0072,3,0,0
org_jxepq85j,2025-07-18,networking,1.7119,377.0,3.3775,10.2667,6,0,1
org_jxepq85j,2025-07-18,storage,5.1044,242.0,0,18.0438,3,0,0
org_jxepq85j,2025-07-19,compute,25.5296,353.0,0,0,3,0,0
org_jxepq85j,2025-07-19,networking,1.0416,142.0,2.1769,16.9386,3,0,1
org_jxepq85j,2025-07-19,storage,6.1047,352.0,0,0,3,0,0
org_jxepq85j,2025-07-20,networking,2.1282,226.0,1.8925,0,3,0,0
org_jxepq85j,2025-07-21,analytics,2.5111,0,1.5123,37.2144,3,0,0
org_jxepq85j,2025-07-21,database,6.5728,118.0,2.6434,9.2664,3,0,0
org_jxepq85j,2025-07-21,networking,4.9456,508.0,1.6981,4.9788,6,0,0
org_jxepq85j,2025-07-22,analytics,18.7430,239.0,2.1652,0,3,0,0
org_jxepq85j,2025-07-22,networking,4.6566,455.0,0,33.9644,6,0,0
org_jxepq85j,2025-07-23,database,12.5371,248.0,1.0517,0,3,0,0
org_jxepq85j,2025-07-23,networking,1.2888,116.0,1.0311,3.6196,3,0,0
org_jxepq85j,2025-07-23,storage,0.2641,0,4.6962,0,3,1,0
org_jxepq85j,2025-07-24,compute,11.0382,129.0,3.7705,0,3,0,0
org_jxepq85j,2025-07-24,database,1.3833,0,4.4416,20.6717,3,0,0
org_jxepq85j,2025-07-24,networking,0.1339,0,1.4004,10.8264,3,1,0
org_jxepq85j,2025-07-25,compute,11.0160,117.0,2.8462,0,3,0,0
org_jxepq85j,2025-07-25,database,11.8537,233.0,0.1623,0,3,0,0
org_jxepq85j,2025-07-25,networking,1.8049,112.0,0,66.5253,6,0,0
org_jxepq85j,2025-07-25,storage,3.2920,123.0,2.0803,12.1119,3,0,0
org_jxepq85j,2025-07-26,analytics,0.6277,0,10.3645,0,3,0,0
org_jxepq85j,2025-07-26,compute,21.2059,261.0,2.9582,0,3,0,0
org_jxepq85j,2025-07-26,database,7.3937,118.0,1.7458,8.0188,3,0,0
org_jxepq85j,2025-07-27,compute,3.2292,0,1.9733,35.7940,3,0,0
org_jxepq85j,2025-07-27,database,1.0546,0,0.0,20.4294,3,0,0
org_jxepq85j,2025-07-27,networking,5.4491,516.0,4.0884,15.4301,6,0,0
org_jxepq85j,2025-07-27,storage,2.2724,128.0,4.1505,12.1334,3,0,0
org_jxepq85j,2025-07-28,analytics,16.3354,230.0,3.5519,0,3,0,0
org_jxepq85j,2025-07-28,database,5.5019,118.0,2.8664,0,3,0,0
org_jxepq85j,2025-07-28,networking,3.1316,250.0,1.8591,24.5752,6,0,0
org_jxepq85j,2025-07-29,analytics,10.6988,118.0,0,16.4636,3,0,0
org_jxepq85j,2025-07-29,networking,2.2262,236.0,1.6862,0,3,0,0
org_jxepq85j,2025-07-29,storage,0.2542,0,2.8002,11.774,3,0,0
org_jxepq85j,2025-07-30,compute,20.8893,248.0,0,4.979,3,0,0
org_jxepq85j,2025-07-30,database,6.8194,113.0,0.3613,13.8742,3,0,0
org_jxepq85j,2025-07-30,networking,0.0573,0,2.7795,3.223,3,0,0
org_jxepq85j,2025-07-31,analytics,22.9410,314.0,0,0,3,0,0
org_jxepq85j,2025-07-31,compute,9.9989,124.0,0.0,0,3,0,0
org_jxepq85j,2025-07-31,networking,1.3192,112.0,0.74,0.0141,3,0,0
org_jxepq85j,2025-07-31,storage,7.5795,394.0,0,0,3,0,0
org_jxepq85j,2025-08-01,analytics,0.7943,0,0.3226,13.4696,3,0,0
org_jxepq85j,2025-08-01,compute,11.2744,123.0,3.7719,2.5407,3,0,0
org_jxepq85j,2025-08-01,networking,2.2629,222.0,6.6209,7.9584,6,0,0
org_jxepq85j,2025-08-01,storage,4.8764,243.0,0,7.1499,3,0,0
org_jxepq85j,2025-08-02,analytics,14.5931,216.0,1.9961,0,3,0,0
org_jxepq85j,2025-08-02,compute,16.3387,210.0,0.873,0,3,0,0
org_jxepq85j,2025-08-02,database,5.7325,107.0,4.3241,0,3,1,0
org_jxepq85j,2025-08-02,networking,2.8218,234.0,3.723,8.7372,6,0,0
org_jxepq85j,2025-08-02,storage,2.6182,124.0,6.9859,0,3,0,0
org_jxepq85j,2025-08-03,analytics,27.2330,364.0,0,0,3,0,0
org_jxepq85j,2025-08-03,compute,21.0630,286.0,2.9904,0,3,0,0
org_jxepq85j,2025-08-03,database,7.9594,110.0,3.7452,0,3,0,0
org_jxepq85j,2025-08-03,networking,3.5941,337.0,0.7646,10.3504,6,0,0
org_jxepq85j,2025-08-03,storage,50.4333,365.0,0,0,3,0,0
org_jxepq85j,2025-08-04,analytics,8.9642,128.0,1.9881,0,3,0,0
org_jxepq85j,2025-08-04,compute,26.9959,367.0,0,0,3,0,0
org_jxepq85j,2025-08-04,database,6.7782,147.0,3.6964,8.869,3,0,0
org_jxepq85j,2025-08-04,networking,2.8122,231.0,9.9195,0,6,0,0
org_jxepq85j,2025-08-04,storage,0.4849,0,1.7338,23.9053,3,0,0
org_jxepq85j,2025-08-05,compute,1.1409,0,0.0,15.1160,3,0,0
org_jxepq85j,2025-08-05,networking,5.9131,560.0,0,4.3402,6,0,0
org_jxepq85j,2025-08-05,storage,4.7449,229.0,0,0.0,3,0,0
org_jxepq85j,2025-08-06,analytics,27.1098,347.0,0,0,3,0,0
org_jxepq85j,2025-08-06,compute,1.9880,0,0.6025,16.9564,3,0,0
org_jxepq85j,2025-08-06,networking,0.2677,0,2.7156,26.6916,3,0,0
org_jxepq85j,2025-08-07,compute,0.9780,0,0.0879,16.4103,3,0,0
org_jxepq85j,2025-08-07,storage,2.4913,120.0,2.5706,9.4015,3,0,0
org_jxepq85j,2025-08-08,analytics,23.7770,359.0,0,0,3,0,0
org_jxepq85j,2025-08-08,compute,22.9109,254.0,0,17.7435,3,0,0
org_jxepq85j,2025-08-08,database,7.6574,130.0,0.0,19.4226,3,0,0
org_jxepq85j,2025-08-08,networking,2.3261,240.0,1.776,27.9195,6,0,0
org_jxepq85j,2025-08-08,storage,2.7296,128.0,1.1016,11.9133,3,0,0
org_jxepq85j,2025-08-09,analytics,8.2015,122.0,2.9551,20.4491,3,0,0
org_jxepq85j,2025-08-09,database,6.3087,127.0,3.7551,1.5752,3,0,0
org_jxepq85j,2025-08-09,networking,2.0926,117.0,0,5.9316,3,1,0
org_jxepq85j,2025-08-10,networking,3.7582,341.0,1.083,26.4064,6,0,0
org_jxepq85j,2025-08-11,analytics,8.8745,130.0,1.9038,5.5082,3,0,0
org_jxepq85j,2025-08-11,compute,0.6306,0,7.6043,0,3,0,0
org_jxepq85j,2025-08-11,database,1.1135,0,4.1337,19.0241,3,0,0
org_jxepq85j,2025-08-11,networking,3.3586,326.0,0,0,3,0,0
org_jxepq85j,2025-08-12,compute,21.4202,238.0,2.3978,0,3,0,0
org_jxepq85j,2025-08-12,storage,0.1158,0,5.9584,0,3,0,0
org_jxepq85j,2025-08-13,analytics,17.4877,227.0,2.3091,0,3,0,0
org_jxepq85j,2025-08-13,compute,12.4656,138.0,1.1891,7.8072,3,0,0
org_jxepq85j,2025-08-13,database,19.0015,358.0,0,0,3,0,0
org_jxepq85j,2025-08-13,networking,1.4017,110.0,0,15.9403,3,0,0
org_jxepq85j,2025-08-13,storage,4.3516,226.0,0,1.2096,3,0,0
org_jxepq85j,2025-08-14,analytics,9.1084,124.0,0,24.4080,3,0,0
org_jxepq85j,2025-08-14,compute,29.1846,227.0,0,0,3,1,0
org_jxepq85j,2025-08-14,storage,2.7360,113.0,1.6973,13.3045,3,0,0
org_jxepq85j,2025-08-15,analytics,19.4144,137.0,0.0,0,3,1,0
org_jxepq85j,2025-08-16,networking,1.4046,107.0,0,19.3686,3,0,0
org_jxepq85j,2025-08-17,compute,9.9730,121.0,4.7985,21.9295,3,0,0
org_jxepq85j,2025-08-17,database,7.2508,137.0,0,12.0461,3,0,0
org_jxepq85j,2025-08-17,networking,5.8809,502.0,3.9443,21.8945,6,0,0
org_jxepq85j,2025-08-18,compute,16.7069,254.0,1.4702,0,3,0,0
org_jxepq85j,2025-08-18,database,16.0091,351.0,0,0,3,0,0
org_jxepq85j,2025-08-18,networking,3.7297,346.0,0.9543,5.0612,6,0,0
org_jxepq85j,2025-08-18,storage,7.6710,382.0,0,0,3,0,0
org_jxepq85j,2025-08-19,analytics,9.6903,101.0,0,24.2569,3,0,0
org_jxepq85j,2025-08-19,networking,2.6801,253.0,0,17.8154,3,0,0
org_jxepq85j,2025-08-20,analytics,10.5751,124.0,1.7388,19.4973,3,0,0
org_jxepq85j,2025-08-20,networking,2.5276,255.0,0,12.0071,3,0,0
org_jxepq85j,2025-08-20,storage,2.7127,107.0,1.8958,0,3,0,0
org_jxepq85j,2025-08-21,analytics,11.7678,134.0,1.5831,25.5374,3,0,0
org_jxepq85j,2025-08-21,compute,20.8825,235.0,3.6807,0,3,0,0
org_jxepq85j,2025-08-21,database,0.7555,0,2.7648,12.9419,3,0,0
org_jxepq85j,2025-08-21,networking,1.8741,383.0,3.059,22.5947,6,0,1
org_jxepq85j,2025-08-21,storage,5.5316,228.0,0,0,3,1,0
org_jxepq85j,2025-08-22,analytics,15.1494,230.0,3.4,0,3,0,0
org_jxepq85j,2025-08-23,database,6.6738,118.0,0,10.3844,3,0,0
org_jxepq85j,2025-08-23,networking,1.0875,126.0,10.6390,0,6,0,0
org_jxepq85j,2025-08-23,storage,4.9811,269.0,0,14.3656,3,0,0
org_jxepq85j,2025-08-24,analytics,21.2993,261.0,0,11.683,3,0,0
org_jxepq85j,2025-08-24,database,18.6025,393.0,0,0,3,0,0
org_jxepq85j,2025-08-24,storage,5.9514,246.0,0,17.7657,3,0,0
org_jxepq85j,2025-08-25,analytics,16.5520,209.0,0,10.6684,3,0,0
org_jxepq85j,2025-08-25,networking,6.1015,614.0,0,0.0,6,0,0
org_jxepq85j,2025-08-26,compute,19.8983,242.0,0.0,0,3,0,0
org_jxepq85j,2025-08-26,networking,1.5641,136.0,0,15.1931,3,0,0
org_jxepq85j,2025-08-27,compute,19.8678,273.0,0.0,0,3,0,0
org_jxepq85j,2025-08-27,networking,2.7949,243.0,4.3448,14.0323,6,0,0
org_jxepq85j,2025-08-27,storage,5.0962,223.0,0,18.1068,3,0,0
org_jxepq85j,2025-08-28,analytics,7.7672,122.0,1.5244,0.1708,3,0,0
org_jxepq85j,2025-08-28,networking,2.6262,242.0,2.4853,28.8924,6,0,0
org_jxepq85j,2025-08-29,analytics,19.2155,259.0,0,1.1257,3,0,0
org_jxepq85j,2025-08-29,database,14.0493,247.0,0,4.7271,3,0,0
org_jxepq85j,2025-08-29,networking,3.1141,260.0,0,15.3675,3,0,0
org_jxepq85j,2025-08-30,analytics,10.0892,121.0,3.508,7.1127,3,0,0
org_jxepq85j,2025-08-30,compute,21.5315,236.0,1.5032,0,3,0,0
org_jxepq85j,2025-08-30,database,6.1017,116.0,0.9566,17.3447,3,0,0
org_jxepq85j,2025-08-30,networking,1.4148,114.0,1.9507,20.4965,3,0,0
org_jxepq85j,2025-08-30,storage,9.3154,246.0,0,0,3,1,0
org_jxepq85j,2025-08-31,compute,24.5352,254.0,3.1838,0,3,0,0
org_jxepq85j,2025-08-31,database,13.7340,244.0,0,8.6944,3,0,0
org_jxepq85j,2025-08-31,networking,0.9212,104.0,4.8343,3.8892,3,0,0
org_jxepq85j,2025-08-31,storage,2.4039,117.0,0,9.4028,3,0,0
org_kdgigatj,2025-07-03,analytics,20.4013,251.0,0,6.8626,3,0,0
org_kdgigatj,2025-07-03,compute,10.1278,115.0,2.9544,34.8287,6,0,0
org_kdgigatj,2025-07-03,database,23.4238,482.0,0.8370,0,6,0,0
org_kdgigatj,2025-07-03,genai,4.9597,0,0.0,39.1982,3,0,0
org_kdgigatj,2025-07-04,analytics,9.5750,125.0,0,22.6099,3,0,0
org_kdgigatj,2025-07-04,compute,33.3232,477.0,6.9537,10.0453,9,0,0
org_kdgigatj,2025-07-04,database,12.6641,271.0,1.1893,0,3,0,0
org_kdgigatj,2025-07-04,genai,34.3766,238.0,0,34.2745,3,0,0
org_kdgigatj,2025-07-04,networking,6.4736,611.0,5.4342,22.0082,9,0,0
org_kdgigatj,2025-07-05,analytics,16.9226,240.0,0,11.0885,3,0,0
org_kdgigatj,2025-07-05,compute,42.9725,352.0,4.4810,5.1665,9,1,0
org_kdgigatj,2025-07-05,database,0.9046,0,2.5674,1.5307,3,1,0
org_kdgigatj,2025-07-05,networking,2.2223,230.0,1.3221,0,3,0,0
org_kdgigatj,2025-07-06,analytics,17.6078,227.0,0,16.7411,3,0,0
org_kdgigatj,2025-07-06,compute,11.0386,116.0,3.4348,0,3,0,0
org_kdgigatj,2025-07-06,database,37.2272,744.0,0,0,6,0,0
org_kdgigatj,2025-07-06,genai,29.8060,241.0,3.0919,0,3,0,0
org_kdgigatj,2025-07-06,networking,2.7205,233.0,0,55.5934,6,0,0
org_kdgigatj,2025-07-07,analytics,9.0832,128.0,0.2847,0.0,3,0,0
org_kdgigatj,2025-07-07,compute,43.4491,369.0,7.0032,29.8585,9,1,0
org_kdgigatj,2025-07-07,networking,3.2637,348.0,1.6301,17.4162,6,0,0
org_kdgigatj,2025-07-08,compute,13.6448,123.0,4.1776,46.4541,6,0,0
org_kdgigatj,2025-07-08,database,13.7889,248.0,7.4994,10.0403,6,0,0
org_kdgigatj,2025-07-08,genai,34.7322,258.0,2.6155,0,3,0,0
org_kdgigatj,2025-07-08,networking,10.7568,702.0,1.8765,14.5013,9,0,0
org_kdgigatj,2025-07-09,compute,23.2320,276.0,2.8827,0,3,0,0
org_kdgigatj,2025-07-09,networking,7.8365,732.0,1.9499,8.5901,9,1,0
org_kdgigatj,2025-07-10,compute,30.6121,403.0,3.9139,13.105,6,0,0
org_kdgigatj,2025-07-10,database,21.5177,480.0,0.0,4.4601,6,0,0
org_kdgigatj,2025-07-10,genai,23.6923,189.0,0,7.6913,3,0,0
org_kdgigatj,2025-07-10,networking,5.1161,489.0,4.6572,0,6,0,0
org_kdgigatj,2025-07-11,analytics,18.8488,246.0,0,10.8656,3,0,0
org_kdgigatj,2025-07-11,compute,39.4625,466.0,0,43.3975,6,0,0
org_kdgigatj,2025-07-11,database,6.1573,108.0,0,29.5169,3,0,0
org_kdgigatj,2025-07-11,genai,45.2419,376.0,0,0,3,0,0
org_kdgigatj,2025-07-11,networking,0.2216,0,2.7319,18.6957,3,0,0
org_kdgigatj,2025-07-12,analytics,14.4369,235.0,1.2001,0,3,0,0
org_kdgigatj,2025-07-12,compute,31.1608,373.0,4.2484,13.2419,6,0,0
org_kdgigatj,2025-07-12,genai,15.2081,128.0,2.2631,0,3,0,0
org_kdgigatj,2025-07-12,networking,6.5191,566.0,1.1233,18.7959,9,0,0
org_kdgigatj,2025-07-13,analytics,15.2814,236.0,0,2.5476,3,0,0
org_kdgigatj,2025-07-13,compute,36.1592,370.0,6.5884,24.0754,9,0,0
org_kdgigatj,2025-07-13,database,14.5518,267.0,3.5569,13.9224,6,0,0
org_kdgigatj,2025-07-13,networking,4.6644,375.0,3.9375,23.3394,6,0,0
org_kdgigatj,2025-07-14,analytics,8.9162,122.0,0,18.6851,3,0,0
org_kdgigatj,2025-07-14,compute,-6.5755,129.0,5.2258,39.1776,6,0,1
org_kdgigatj,2025-07-14,genai,18.2192,110.0,3.1243,14.0531,3,0,0
org_kdgigatj,2025-07-14,networking,0.2656,0,4.1977,24.4722,3,0,0
org_kdgigatj,2025-07-15,analytics,9.9316,129.0,0,14.4971,3,0,0
org_kdgigatj,2025-07-15,compute,10.9085,103.0,0,32.6257,3,0,0
org_kdgigatj,2025-07-15,database,22.9739,470.0,0,23.8551,6,0,0
org_kdgigatj,2025-07-15,genai,18.0344,115.0,0,22.6398,3,0,0
org_kdgigatj,2025-07-15,networking,0.1593,0,4.3391,13.4853,3,0,0
org_kdgigatj,2025-07-16,analytics,7.7445,120.0,4.2721,0,3,0,0
org_kdgigatj,2025-07-16,compute,23.5786,247.0,1.8835,0,3,0,0
org_kdgigatj,2025-07-16,database,12.7503,235.0,4.3876,14.2448,6,0,0
org_kdgigatj,2025-07-16,networking,2.2507,238.0,0,23.5934,3,0,0
org_kdgigatj,2025-07-17,compute,251.6430,839.0,1.6573,1.1481,9,0,0
org_kdgigatj,2025-07-17,database,12.3212,253.0,0,33.9665,6,0,0
org_kdgigatj,2025-07-17,genai,38.5508,321.0,0,0,3,0,0
org_kdgigatj,2025-07-17,networking,5.0977,463.0,2.0604,28.1490,9,0,0
org_kdgigatj,2025-07-18,database,23.4552,460.0,0.1575,8.9005,6,0,0
org_kdgigatj,2025-07-18,networking,1.8629,134.0,0,37.3261,6,1,0
org_kdgigatj,2025-07-19,analytics,7.3939,101.0,0,8.428,3,0,0
org_kdgigatj,2025-07-19,compute,38.5064,494.0,3.0962,0.3244,6,0,0
org_kdgigatj,2025-07-19,database,22.4510,343.0,2.337,31.4186,6,0,0
org_kdgigatj,2025-07-19,networking,2.5291,274.0,3.4735,0,3,0,0
org_kdgigatj,2025-07-20,compute,47.7802,579.0,1.3766,0,6,0,0
org_kdgigatj,2025-07-20,database,10.1202,139.0,3.5714,45.3906,6,0,0
org_kdgigatj,2025-07-20,genai,30.2871,237.0,0,18.0545,3,0,0
org_kdgigatj,2025-07-20,networking,3.5074,352.0,5.0486,0.0,6,0,0
org_kdgigatj,2025-07-21,compute,35.0216,392.0,0,43.8194,6,0,0
org_kdgigatj,2025-07-21,database,16.2262,252.0,0,67.7299,6,0,0
org_kdgigatj,2025-07-21,genai,31.2003,277.0,1.3288,0,3,0,0
org_kdgigatj,2025-07-21,networking,2.6375,245.0,5.0241,11.9550,6,0,0
org_kdgigatj,2025-07-22,compute,18.0232,253.0,1.1301,0,3,0,0
org_kdgigatj,2025-07-22,database,15.9838,255.0,0,8.9473,6,0,0
org_kdgigatj,2025-07-22,genai,34.0885,230.0,4.4475,0,3,0,0
org_kdgigatj,2025-07-22,networking,3.0502,343.0,0,0,3,0,0
org_kdgigatj,2025-07-23,analytics,26.2270,225.0,0,0,3,1,0
org_kdgigatj,2025-07-23,compute,38.2658,446.0,5.7463,28.0761,9,0,0
org_kdgigatj,2025-07-23,database,147.3653,349.0,1.8384,3.8932,6,0,0
org_kdgigatj,2025-07-23,genai,29.0446,219.0,0.3352,0,3,0,0
org_kdgigatj,2025-07-23,networking,4.0197,369.0,1.9431,27.5149,6,0,0
org_kdgigatj,2025-07-24,analytics,8.1068,114.0,0.0,0,3,0,0
org_kdgigatj,2025-07-24,compute,44.7726,605.0,0,10.2031,6,0,0
org_kdgigatj,2025-07-24,database,15.4782,319.0,0,5.8394,6,0,0
org_kdgigatj,2025-07-24,genai,1.1688,0,0.0,8.8703,3,0,0
org_kdgigatj,2025-07-24,networking,4.7962,464.0,3.1495,0.087,6,0,0
org_kdgigatj,2025-07-25,analytics,19.6017,262.0,0,15.1995,3,0,0
org_kdgigatj,2025-07-25,compute,32.2277,351.0,0,36.4587,6,0,0
org_kdgigatj,2025-07-25,database,20.5328,338.0,3.4523,14.2423,6,0,0
org_kdgigatj,2025-07-25,networking,6.4092,639.0,8.8350,22.4311,12,0,0
org_kdgigatj,2025-07-26,compute,33.8052,370.0,0.0,13.6263,6,0,0
org_kdgigatj,2025-07-26,database,18.0006,330.0,2.2717,4.2686,6,0,0
org_kdgigatj,2025-07-26,genai,52.5290,349.0,0,0,3,0,0
org_kdgigatj,2025-07-26,networking,5.2747,515.0,8.6918,26.0002,12,1,0
org_kdgigatj,2025-07-27,compute,19.3943,225.0,7.2339,21.3478,6,0,0
org_kdgigatj,2025-07-27,database,7.4767,123.0,4.1326,0,3,0,0
org_kdgigatj,2025-07-27,genai,17.7223,124.0,0,15.4083,3,0,0
org_kdgigatj,2025-07-27,networking,3.0926,227.0,3.5147,36.6660,6,0,0
org_kdgigatj,2025-07-28,compute,21.5740,232.0,6.2772,10.9329,6,0,0
org_kdgigatj,2025-07-28,database,7.9795,125.0,0,26.562,3,0,0
org_kdgigatj,2025-07-28,networking,5.0060,703.0,9.4040,49.1513,12,0,1
org_kdgigatj,2025-07-29,analytics,1.0496,0,2.7736,12.1288,3,0,0
org_kdgigatj,2025-07-29,compute,47.8934,403.0,1.1265,21.9884,6,0,0
org_kdgigatj,2025-07-29,database,17.9212,335.0,0,46.2159,6,0,0
org_kdgigatj,2025-07-29,genai,14.9745,141.0,1.4805,5.4731,3,0,0
org_kdgigatj,2025-07-29,networking,2.4195,221.0,8.7517,0,6,0,0
org_kdgigatj,2025-07-30,analytics,7.3161,114.0,5.3028,0,3,0,0
org_kdgigatj,2025-07-30,compute,8.3465,122.0,1.4988,9.6386,3,0,0
org_kdgigatj,2025-07-30,database,14.7821,239.0,0,0,3,1,0
org_kdgigatj,2025-07-30,genai,30.5886,254.0,0,17.5898,3,0,0
org_kdgigatj,2025-07-30,networking,6.5600,575.0,4.9014,33.3155,9,0,0
org_kdgigatj,2025-07-31,analytics,8.9407,122.0,0,6.2401,3,0,0
org_kdgigatj,2025-07-31,compute,7.3311,102.0,0.1263,0,3,0,0
org_kdgigatj,2025-07-31,database,10.4661,0,1.911,79.3590,6,1,0
org_kdgigatj,2025-07-31,networking,4.3521,477.0,3.1080,24.6492,9,0,0
org_kdgigatj,2025-08-01,analytics,1.24,0,0,18.3739,3,0,0
org_kdgigatj,2025-08-01,compute,10.0476,106.0,11.3912,4.8181,6,1,0
org_kdgigatj,2025-08-01,database,21.7549,357.0,0.0,31.9362,6,0,0
org_kdgigatj,2025-08-01,networking,4.2906,334.0,0.6905,18.797,6,1,0
org_kdgigatj,2025-08-02,analytics,8.2174,116.0,0.9998,0,3,0,0
org_kdgigatj,2025-08-02,compute,9.6115,128.0,2.8989,18.8685,3,0,0
org_kdgigatj,2025-08-02,database,10.7378,222.0,3.2697,0,3,0,0
org_kdgigatj,2025-08-02,genai,26.7720,240.0,3.7395,0,3,0,0
org_kdgigatj,2025-08-02,networking,1.2625,123.0,4.6863,0,3,0,0
org_kdgigatj,2025-08-03,compute,36.9872,466.0,0,21.7575,6,0,0
org_kdgigatj,2025-08-03,database,18.5826,360.0,2.8246,9.1166,6,0,0
org_kdgigatj,2025-08-03,networking,1.0984,136.0,2.557,7.023,3,0,0
org_kdgigatj,2025-08-04,analytics,15.3354,217.0,0,2.7065,3,0,0
org_kdgigatj,2025-08-04,genai,3.1643,0,2.2297,23.0433,3,0,0
org_kdgigatj,2025-08-04,networking,2.2055,235.0,2.447,21.8637,6,0,0
org_kdgigatj,2025-08-05,analytics,12.0150,156.0,0.0214,0,3,1,0
org_kdgigatj,2025-08-05,compute,59.4289,717.0,2.9288,5.72,9,0,0
org_kdgigatj,2025-08-05,database,14.7757,367.0,0,0,3,0,0
org_kdgigatj,2025-08-05,genai,40.9671,369.0,0,0,3,0,0
org_kdgigatj,2025-08-05,networking,6.0041,607.0,0,24.3142,6,0,0
org_kdgigatj,2025-08-06,analytics,16.2078,229.0,0.0961,0,3,0,0
org_kdgigatj,2025-08-06,compute,24.9411,281.0,4.7146,61.7489,9,0,0
org_kdgigatj,2025-08-06,database,5.1326,109.0,4.8035,3.6521,3,0,0
org_kdgigatj,2025-08-06,genai,22.4542,237.0,0,0.0,3,0,0
org_kdgigatj,2025-08-06,networking,6.0591,628.0,1.1049,40.1840,9,0,0
org_kdgigatj,2025-08-07,analytics,16.6579,247.0,0,14.6446,3,0,0
org_kdgigatj,2025-08-07,compute,25.8468,230.0,0,66.7120,9,1,0
org_kdgigatj,2025-08-07,networking,3.0967,330.0,0.0,15.5648,6,0,0
org_kdgigatj,2025-08-08,compute,23.3853,271.0,0,0.0,3,0,0
org_kdgigatj,2025-08-08,database,1.5606,0,0.0,36.0029,3,0,0
org_kdgigatj,2025-08-08,networking,1.2830,134.0,0,18.4238,3,0,0
org_kdgigatj,2025-08-09,compute,20.3142,234.0,3.4867,10.1444,6,1,0
org_kdgigatj,2025-08-09,database,5.8902,104.0,0.0,7.7389,3,0,0
org_kdgigatj,2025-08-09,genai,13.8460,113.0,0.5701,0,3,0,0
org_kdgigatj,2025-08-09,networking,3.5269,352.0,3.9467,0.5763,6,0,0
org_kdgigatj,2025-08-10,analytics,18.5779,214.0,0,12.374,3,0,0
org_kdgigatj,2025-08-10,compute,42.9791,477.0,5.0210,17.1100,9,0,0
org_kdgigatj,2025-08-10,database,12.2406,228.0,2.7927,16.6937,6,0,0
org_kdgigatj,2025-08-10,genai,5.3230,0,1.6714,37.0514,3,0,0
org_kdgigatj,2025-08-10,networking,5.7653,565.0,0.0,12.3307,9,0,0
org_kdgigatj,2025-08-11,compute,48.8633,515.0,3.2065,11.2175,6,0,0
org_kdgigatj,2025-08-11,database,10.3860,198.0,0,7.6816,3,0,0
org_kdgigatj,2025-08-11,genai,11.2517,118.0,1.4502,12.2128,3,0,0
org_kdgigatj,2025-08-11,networking,5.7890,509.0,0,37.4010,6,0,0
org_kdgigatj,2025-08-12,analytics,16.3417,229.0,1.5721,0,3,0,0
org_kdgigatj,2025-08-12,compute,35.3219,360.0,0.0,40.3441,9,1,0
org_kdgigatj,2025-08-12,database,5.9416,107.0,2.1016,11.3854,3,0,0
org_kdgigatj,2025-08-12,genai,12.8730,106.0,0,17.8574,3,0,0
org_kdgigatj,2025-08-12,networking,5.4611,369.0,0.5136,19.2743,6,1,0
org_kdgigatj,2025-08-13,analytics,10.1789,140.0,1.5279,11.1498,3,0,0
org_kdgigatj,2025-08-13,compute,43.3761,376.0,0,17.0549,6,1,0
org_kdgigatj,2025-08-13,database,20.1794,360.0,3.6473,17.4629,6,0,0
org_kdgigatj,2025-08-13,genai,14.2704,131.0,0.2693,0,3,0,0
org_kdgigatj,2025-08-13,networking,3.1379,337.0,3.9632,43.9038,9,0,0
org_kdgigatj,2025-08-14,analytics,0.5358,0,7.6702,0,3,0,0
org_kdgigatj,2025-08-14,compute,28.2806,354.0,0,21.1535,9,1,0
org_kdgigatj,2025-08-14,genai,40.4809,340.0,0,0,3,0,0
org_kdgigatj,2025-08-14,networking,2.7938,233.0,0.0,32.1988,6,0,0
org_kdgigatj,2025-08-15,compute,24.7248,366.0,5.0901,9.1813,6,0,0
org_kdgigatj,2025-08-15,database,6.4415,98.0,0,31.6521,3,0,0
org_kdgigatj,2025-08-15,genai,26.0164,238.0,0,3.9577,3,0,0
org_kdgigatj,2025-08-15,networking,1.5997,126.0,8.2235,50.1578,9,0,0
org_kdgigatj,2025-08-16,compute,35.6772,446.0,0,26.1192,6,0,0
org_kdgigatj,2025-08-16,database,18.3857,317.0,3.931,39.3607,6,0,0
org_kdgigatj,2025-08-16,networking,5.2253,481.0,7.5109,51.6189,12,0,0
org_kdgigatj,2025-08-17,analytics,9.9762,131.0,0,24.6627,3,0,0
org_kdgigatj,2025-08-17,compute,1.3541,0,1.4211,14.3197,3,0,0
org_kdgigatj,2025-08-17,database,17.6867,342.0,0,0,3,0,0
org_kdgigatj,2025-08-17,genai,41.9563,389.0,0,0,3,0,0
org_kdgigatj,2025-08-17,networking,7.1151,625.0,3.2058,57.9829,12,0,0
org_kdgigatj,2025-08-18,analytics,25.5550,343.0,0,0,3,0,0
org_kdgigatj,2025-08-18,compute,19.9985,135.0,0.0,0,3,1,0
org_kdgigatj,2025-08-18,database,5.7359,136.0,1.4824,17.8155,3,0,0
org_kdgigatj,2025-08-18,genai,13.8376,127.0,1.8652,8.1417,3,0,0
org_kdgigatj,2025-08-18,networking,2.4850,242.0,0,36.1849,6,0,0
org_kdgigatj,2025-08-19,compute,19.7779,120.0,12.9407,52.0205,9,0,0
org_kdgigatj,2025-08-19,database,5.7093,349.0,0,0,3,0,1
org_kdgigatj,2025-08-19,genai,24.5251,255.0,3.285,0,3,0,0
org_kdgigatj,2025-08-19,networking,6.8784,630.0,0,11.3466,6,0,0
org_kdgigatj,2025-08-20,compute,3.2088,0,0.3936,34.8590,3,0,0
org_kdgigatj,2025-08-20,database,29.1631,476.0,0,40.5480,6,0,0
org_kdgigatj,2025-08-20,networking,6.6799,483.0,8.0291,47.834,12,1,0
org_kdgigatj,2025-08-21,compute,9.9464,128.0,0.3625,12.0643,3,0,0
org_kdgigatj,2025-08-21,database,6.6330,130.0,3.6358,0,3,0,0
org_kdgigatj,2025-08-21,genai,10.4219,113.0,5.4518,0,3,0,0
org_kdgigatj,2025-08-21,networking,1.6406,124.0,3.3487,24.8183,3,0,0
org_kdgigatj,2025-08-22,compute,21.5067,257.0,7.0340,4.702,6,0,0
org_kdgigatj,2025-08-22,database,16.6876,352.0,7.4167,0,6,0,0
org_kdgigatj,2025-08-22,genai,16.3297,137.0,2.4845,12.5476,3,0,0
org_kdgigatj,2025-08-22,networking,2.7213,237.0,9.1755,21.3979,9,0,0
org_kdgigatj,2025-08-23,analytics,15.7140,236.0,0,12.9493,3,0,0
org_kdgigatj,2025-08-23,compute,44.5790,514.0,0,31.5609,6,0,0
org_kdgigatj,2025-08-23,database,6.3949,120.0,9.1315,17.2743,6,0,1
org_kdgigatj,2025-08-23,networking,6.0353,601.0,3.121,0,6,0,0
org_kdgigatj,2025-08-24,compute,37.8674,509.0,6.4864,0,6,0,0
org_kdgigatj,2025-08-24,database,7.4364,116.0,0,33.3715,3,0,0
org_kdgigatj,2025-08-24,networking,6.5889,727.0,4.6082,2.0829,9,0,0
org_kdgigatj,2025-08-25,analytics,0.3648,0,4.1232,0.8084,3,0,0
org_kdgigatj,2025-08-25,compute,50.0499,615.0,0,27.3698,9,0,0
org_kdgigatj,2025-08-25,database,11.2014,234.0,8.3842,20.1826,6,0,0
org_kdgigatj,2025-08-25,networking,5.0982,435.0,2.9118,31.5343,9,0,0
org_kdgigatj,2025-08-26,analytics,18.9416,233.0,0,26.6424,3,0,0
org_kdgigatj,2025-08-26,compute,27.1546,258.0,2.3708,31.4844,9,1,0
org_kdgigatj,2025-08-26,database,133.8056,230.0,0,2.3896,3,0,0
org_kdgigatj,2025-08-26,networking,6.8196,723.0,2.526,10.0365,9,0,0
org_kdgigatj,2025-08-27,compute,30.3642,334.0,3.2568,34.7426,9,0,0
org_kdgigatj,2025-08-27,database,15.7274,340.0,2.5845,4.1472,6,0,0
org_kdgigatj,2025-08-27,networking,7.5039,719.0,1.8964,55.4549,12,0,0
org_kdgigatj,2025-08-28,analytics,20.0154,237.0,0,19.9084,3,0,0
org_kdgigatj,2025-08-28,database,16.2773,236.0,6.1934,29.4900,6,0,0
org_kdgigatj,2025-08-28,networking,2.4656,218.0,2.4908,0.0,6,0,0
org_kdgigatj,2025-08-29,analytics,2.2957,0,0,32.0519,3,0,0
org_kdgigatj,2025-08-29,compute,17.7871,480.0,1.3335,20.5026,6,0,1
org_kdgigatj,2025-08-29,database,6.9270,114.0,2.231,0,3,0,0
org_kdgigatj,2025-08-29,genai,17.2932,119.0,0,40.4601,3,0,0
org_kdgigatj,2025-08-29,networking,1.3030,104.0,5.4108,0,3,0,0
org_kdgigatj,2025-08-30,compute,24.1173,118.0,3.0115,30.7215,6,1,0
org_kdgigatj,2025-08-30,database,14.1596,240.0,1.6127,35.2729,6,0,0
org_kdgigatj,2025-08-30,genai,16.5979,106.0,1.6357,16.5274,3,0,0
org_kdgigatj,2025-08-30,networking,1.1989,122.0,0,15.0026,3,0,0
org_kdgigatj,2025-08-31,analytics,8.2683,112.0,0.0,14.2141,3,0,0
org_kdgigatj,2025-08-31,compute,36.0579,400.0,11.2788,13.1736,9,1,0
org_kdgigatj,2025-08-31,networking,5.3768,506.0,4.4480,44.0082,9,0,0
org_ktakpuxq,2025-07-03,compute,51.6512,635.0,7.0897,2.2076,9,0,0
org_ktakpuxq,2025-07-03,database,0.8732,0,1.1865,18.5512,3,0,0
org_ktakpuxq,2025-07-03,genai,13.9807,115.0,0.0,8.7028,3,0,0
org_ktakpuxq,2025-07-03,networking,3.0442,235.0,0,38.3111,3,0,0
org_ktakpuxq,2025-07-04,compute,63.0384,707.0,5.5987,85.6004,12,0,0
org_ktakpuxq,2025-07-04,networking,0.1932,0,0.0,18.2979,3,0,0
org_ktakpuxq,2025-07-05,compute,45.2975,492.0,8.1935,55.9752,12,0,0
org_ktakpuxq,2025-07-06,compute,12.2446,140.0,0.9018,22.5016,3,0,0
org_ktakpuxq,2025-07-06,genai,2.9830,0,2.3936,22.4997,3,0,0
org_ktakpuxq,2025-07-07,compute,45.3001,494.0,7.3823,12.3399,9,0,0
org_ktakpuxq,2025-07-07,genai,16.3768,136.0,5.5652,0,3,0,0
org_ktakpuxq,2025-07-07,networking,1.3951,111.0,0,20.0764,3,1,0
org_ktakpuxq,2025-07-08,compute,51.8990,608.0,8.0455,15.1226,9,0,0
org_ktakpuxq,2025-07-08,database,13.1249,257.0,0,34.129,3,0,0
org_ktakpuxq,2025-07-08,genai,18.6031,116.0,0,36.0082,3,0,0
org_ktakpuxq,2025-07-08,networking,0.0797,0,3.5688,1.3277,3,1,0
org_ktakpuxq,2025-07-09,compute,29.2993,365.0,1.3171,19.5789,9,1,1
org_ktakpuxq,2025-07-09,genai,33.7373,247.0,4.0877,0,3,0,0
org_ktakpuxq,2025-07-10,compute,47.9929,610.0,4.4242,10.1947,9,0,0
org_ktakpuxq,2025-07-10,database,21.9921,400.0,0,0,3,0,0
org_ktakpuxq,2025-07-10,genai,5.6890,0,0.0,47.7511,3,0,0
org_ktakpuxq,2025-07-11,compute,52.1400,612.0,8.1107,3.2392,12,0,0
org_ktakpuxq,2025-07-11,genai,48.4686,359.0,0,0,3,0,0
org_ktakpuxq,2025-07-12,compute,52.9967,603.0,5.6047,48.5325,12,0,0
org_ktakpuxq,2025-07-12,genai,19.0061,118.0,0,21.6693,3,0,0
org_ktakpuxq,2025-07-13,compute,53.4389,665.0,12.1988,40.9919,15,0,0
org_ktakpuxq,2025-07-13,genai,17.1473,123.0,4.7256,7.3631,3,0,0
org_ktakpuxq,2025-07-13,networking,1.2572,0,3.7878,14.3819,3,1,0
org_ktakpuxq,2025-07-14,compute,65.4140,824.0,2.9509,12.2649,12,0,0
org_ktakpuxq,2025-07-14,database,18.1251,340.0,0,0,3,0,0
org_ktakpuxq,2025-07-14,networking,1.0628,105.0,0,13.7332,3,0,0
org_ktakpuxq,2025-07-15,compute,45.8840,563.0,12.8700,21.5787,12,0,0
org_ktakpuxq,2025-07-15,genai,16.8495,116.0,0.9263,13.4554,3,0,0
org_ktakpuxq,2025-07-16,compute,56.4667,706.0,6.4472,39.3182,12,0,0
org_ktakpuxq,2025-07-16,networking,2.3057,243.0,2.5114,0,3,0,0
org_ktakpuxq,2025-07-17,compute,34.5409,462.0,1.9987,28.4362,9,0,0
org_ktakpuxq,2025-07-17,database,13.8303,237.0,0,17.8118,3,0,0
org_ktakpuxq,2025-07-18,compute,13.9232,112.0,4.3822,38.5478,9,0,0
org_ktakpuxq,2025-07-18,database,12.5137,257.0,2.3826,0,3,0,0
org_ktakpuxq,2025-07-18,genai,12.6262,121.0,2.4012,0,3,0,0
org_ktakpuxq,2025-07-18,networking,1.4438,135.0,2.6341,5.1982,3,0,0
org_ktakpuxq,2025-07-19,compute,33.0491,360.0,5.6202,60.8740,12,0,0
org_ktakpuxq,2025-07-19,database,6.2416,104.0,0.5879,20.6257,3,0,0
org_ktakpuxq,2025-07-19,genai,1.7348,0,0.0,16.9654,3,0,0
org_ktakpuxq,2025-07-19,networking,1.2482,117.0,0.0,4.1263,3,0,0
org_ktakpuxq,2025-07-20,compute,28.7007,232.0,4.4167,3.4235,6,1,0
org_ktakpuxq,2025-07-20,database,0.1436,0,3.4383,0,3,0,0
org_ktakpuxq,2025-07-20,networking,2.3756,238.0,0,22.3163,3,0,0
org_ktakpuxq,2025-07-21,compute,29.9159,355.0,2.7318,17.1013,6,0,0
org_ktakpuxq,2025-07-21,database,16.9560,349.0,0,0,3,0,0
org_ktakpuxq,2025-07-21,networking,4.4882,367.0,0,0,3,0,0
org_ktakpuxq,2025-07-22,compute,55.5781,712.0,0.3467,41.6579,12,1,0
org_ktakpuxq,2025-07-22,database,6.6193,125.0,3.5243,13.7517,3,0,0
org_ktakpuxq,2025-07-22,genai,17.7208,125.0,2.0449,21.1671,3,0,0
org_ktakpuxq,2025-07-23,compute,36.6282,478.0,6.9302,15.1359,9,0,0
org_ktakpuxq,2025-07-23,database,13.5644,268.0,0.1345,0,3,0,0
org_ktakpuxq,2025-07-23,genai,17.1915,117.0,0,18.4339,3,0,0
org_ktakpuxq,2025-07-23,networking,0.2196,0,5.8147,14.4687,3,0,0
org_ktakpuxq,2025-07-24,compute,37.6916,369.0,15.3127,0,9,1,0
org_ktakpuxq,2025-07-24,database,4.4821,110.0,1.1299,10.745,3,0,0
org_ktakpuxq,2025-07-25,compute,62.0182,707.0,0,72.8994,12,0,0
org_ktakpuxq,2025-07-25,genai,31.5975,222.0,0,16.0315,3,0,0
org_ktakpuxq,2025-07-25,networking,0.0432,0,4.2457,0,3,0,0
org_ktakpuxq,2025-07-26,compute,22.1833,227.0,2.8924,23.8983,9,0,0
org_ktakpuxq,2025-07-26,database,7.7070,126.0,0,13.7755,3,0,0
org_ktakpuxq,2025-07-26,genai,19.5155,129.0,1.8411,13.4968,3,0,0
org_ktakpuxq,2025-07-26,networking,2.4412,132.0,0,0.0,3,1,0
org_ktakpuxq,2025-07-27,compute,11.8029,113.0,3.9407,28.3747,6,0,0
org_ktakpuxq,2025-07-27,genai,30.9962,244.0,3.9369,0,3,0,0
org_ktakpuxq,2025-07-28,compute,51.6154,645.0,2.9736,4.0855,9,0,0
org_ktakpuxq,2025-07-28,networking,3.5702,350.0,0,0,3,0,0
org_ktakpuxq,2025-07-29,compute,18.3892,247.0,0,16.5933,3,0,0
org_ktakpuxq,2025-07-29,database,3.6895,108.0,2.6511,0.9276,3,0,0
org_ktakpuxq,2025-07-29,genai,12.7438,125.0,0.7978,0.0,3,0,0
org_ktakpuxq,2025-07-29,networking,0.4997,0,0,45.9156,3,0,0
org_ktakpuxq,2025-07-30,compute,97.3079,1219.0,9.6731,17.4661,15,0,0
org_ktakpuxq,2025-07-31,compute,31.2865,340.0,4.1368,34.3204,9,0,0
org_ktakpuxq,2025-07-31,database,8.1313,132.0,0,36.5990,3,0,0
org_ktakpuxq,2025-07-31,genai,13.6898,114.0,1.2771,15.5535,3,0,0
org_ktakpuxq,2025-07-31,networking,2.2448,238.0,0,8.1713,3,0,0
org_ktakpuxq,2025-08-01,compute,30.8583,505.0,0.9705,37.6034,12,1,1
org_ktakpuxq,2025-08-01,database,14.5428,247.0,0,15.442,3,0,0
org_ktakpuxq,2025-08-01,genai,16.1008,132.0,0,17.0574,3,0,0
org_ktakpuxq,2025-08-01,networking,2.6041,238.0,0,0,3,1,0
org_ktakpuxq,2025-08-02,compute,17.6646,232.0,1.1278,2.1391,6,0,0
org_ktakpuxq,2025-08-02,database,9.0191,194.0,3.6037,0,3,0,0
org_ktakpuxq,2025-08-02,genai,3.7278,0,0,31.8615,3,0,0
org_ktakpuxq,2025-08-03,compute,3.3647,0,16.4038,25.0078,9,0,0
org_ktakpuxq,2025-08-03,database,1.4425,0,3.8641,24.8122,3,0,0
org_ktakpuxq,2025-08-03,genai,40.9918,349.0,0,0,3,0,0
org_ktakpuxq,2025-08-04,compute,15.4717,125.0,0,73.6927,6,0,0
org_ktakpuxq,2025-08-04,database,6.3372,115.0,2.5787,5.9569,3,0,0
org_ktakpuxq,2025-08-05,compute,52.7918,462.0,4.2309,69.7269,12,1,0
org_ktakpuxq,2025-08-05,database,8.5995,124.0,0,25.0442,3,0,0
org_ktakpuxq,2025-08-05,networking,1.4121,126.0,5.2791,0,3,0,0
org_ktakpuxq,2025-08-06,compute,108.7616,1282.0,12.4628,18.6933,15,0,0
org_ktakpuxq,2025-08-06,genai,44.6923,364.0,0,0,3,0,0
org_ktakpuxq,2025-08-06,networking,0.1047,0,1.5638,10.1694,3,0,0
org_ktakpuxq,2025-08-07,compute,48.9200,642.0,0,1.4579,6,0,0
org_ktakpuxq,2025-08-08,compute,39.2900,369.0,15.4136,19.7578,9,0,0
org_ktakpuxq,2025-08-08,networking,2.5743,248.0,3.5054,0,3,0,0
org_ktakpuxq,2025-08-09,compute,24.7288,242.0,0,23.3185,6,0,0
org_ktakpuxq,2025-08-10,compute,36.2862,498.0,10.8655,25.5511,12,0,0
org_ktakpuxq,2025-08-10,genai,26.5935,229.0,2.8031,0,3,0,0
org_ktakpuxq,2025-08-11,compute,20.7377,235.0,1.3302,27.6216,9,0,0
org_ktakpuxq,2025-08-11,database,19.9086,369.0,0,0,3,0,0
org_ktakpuxq,2025-08-11,genai,17.6103,121.0,3.1077,0,3,0,0
org_ktakpuxq,2025-08-12,compute,52.0264,595.0,11.0298,48.0066,15,0,0
org_ktakpuxq,2025-08-13,compute,55.3888,592.0,4.9440,8.6923,9,1,0
org_ktakpuxq,2025-08-13,networking,2.5643,251.0,0,4.0657,3,0,0
org_ktakpuxq,2025-08-14,compute,37.9740,442.0,6.0361,73.5629,12,0,0
org_ktakpuxq,2025-08-14,networking,1.2627,132.0,0,18.5886,3,0,0
org_ktakpuxq,2025-08-15,compute,39.8691,500.0,0.4278,38.0621,9,0,0
org_ktakpuxq,2025-08-15,genai,13.1761,122.0,4.7901,0,3,0,0
org_ktakpuxq,2025-08-16,compute,22.6514,233.0,9.7069,28.0003,9,0,0
org_ktakpuxq,2025-08-16,genai,35.3902,348.0,0,0,3,0,0
org_ktakpuxq,2025-08-17,compute,31.7552,379.0,3.4913,40.6752,9,0,0
org_ktakpuxq,2025-08-17,database,14.5188,250.0,0,2.0825,3,0,0
org_ktakpuxq,2025-08-17,networking,2.7427,246.0,0,0.0,3,0,0
org_ktakpuxq,2025-08-18,compute,38.8927,660.0,5.2935,15.4796,9,0,1
org_ktakpuxq,2025-08-18,database,17.8682,376.0,0,0,3,0,0
org_ktakpuxq,2025-08-19,compute,46.9234,519.0,1.4985,0.0,6,0,0
org_ktakpuxq,2025-08-19,database,0.4088,0,8.0275,0.0,3,0,0
org_ktakpuxq,2025-08-20,compute,53.3694,600.0,3.4412,40.0412,12,0,0
org_ktakpuxq,2025-08-21,compute,72.2359,956.0,6.1676,39.7482,15,0,0
org_ktakpuxq,2025-08-22,compute,69.8615,875.0,0,43.6078,12,0,0
org_ktakpuxq,2025-08-22,networking,2.8519,247.0,0,24.0057,3,0,0
org_ktakpuxq,2025-08-23,compute,44.7278,481.0,4.2194,39.7246,9,0,0
org_ktakpuxq,2025-08-23,database,10.6072,234.0,0,0.0,3,0,0
org_ktakpuxq,2025-08-23,genai,37.3758,275.0,2.4633,0,3,0,0
org_ktakpuxq,2025-08-24,compute,32.8164,132.0,0,48.2573,6,2,0
org_ktakpuxq,2025-08-24,database,0.7770,0,6.2383,8.2668,3,0,0
org_ktakpuxq,2025-08-24,genai,12.3651,109.0,1.379,0.0,3,0,0
org_ktakpuxq,2025-08-24,networking,1.3355,138.0,3.9522,0,3,0,0
org_ktakpuxq,2025-08-25,compute,40.6636,458.0,4.8350,22.3314,9,0,0
org_ktakpuxq,2025-08-25,database,1.1829,0,2.2959,21.2532,3,0,0
org_ktakpuxq,2025-08-25,genai,20.4551,133.0,4.0078,10.9132,3,0,0
org_ktakpuxq,2025-08-25,networking,0.2423,0,8.2254,17.4646,3,0,0
org_ktakpuxq,2025-08-26,compute,69.3691,828.0,3.9349,54.9735,15,0,0
org_ktakpuxq,2025-08-26,database,15.5775,346.0,0,0,3,0,0
org_ktakpuxq,2025-08-26,genai,19.7347,140.0,5.2585,18.6824,3,0,0
org_ktakpuxq,2025-08-26,networking,1.2037,104.0,5.4103,3.9562,3,0,0
org_ktakpuxq,2025-08-27,compute,65.1642,715.0,1.7885,7.3014,9,1,0
org_ktakpuxq,2025-08-27,database,7.8074,119.0,0,17.1503,3,0,0
org_ktakpuxq,2025-08-28,compute,49.3702,469.0,4.2299,72.4386,12,0,0
org_ktakpuxq,2025-08-28,genai,24.6706,227.0,0,10.334,3,0,0
org_ktakpuxq,2025-08-28,networking,1.1423,110.0,1.7876,0,3,0,0
org_ktakpuxq,2025-08-29,compute,10.2654,123.0,2.6513,3.928,3,0,0
org_ktakpuxq,2025-08-29,database,10.1654,221.0,1.4057,0,3,0,0
org_ktakpuxq,2025-08-30,compute,21.9982,225.0,3.5113,34.3998,6,0,0
org_ktakpuxq,2025-08-30,genai,16.2525,123.0,0,3.9713,3,0,0
org_ktakpuxq,2025-08-30,networking,1.4874,134.0,0,12.6605,3,0,0
org_ktakpuxq,2025-08-31,compute,27.9866,344.0,5.3458,8.0952,6,0,0
org_ktakpuxq,2025-08-31,genai,10.9669,108.0,0.9202,0,3,0,0
org_l58kxo9t,2025-07-03,compute,1.3934,0,3.6197,14.1995,3,0,0
org_l58kxo9t,2025-07-03,storage,5.5943,227.0,0.456,0,3,0,0
org_l58kxo9t,2025-07-04,analytics,9.0542,121.0,0,33.8312,3,0,0
org_l58kxo9t,2025-07-04,compute,11.8850,116.0,2.7969,11.6614,3,0,0
org_l58kxo9t,2025-07-05,compute,32.6248,359.0,2.3034,20.2737,6,1,0
org_l58kxo9t,2025-07-06,compute,28.6889,372.0,0.0526,17.2372,6,0,0
org_l58kxo9t,2025-07-06,networking,0.3338,0,0,32.3490,3,0,0
org_l58kxo9t,2025-07-06,storage,2.3218,106.0,3.8326,0,3,0,0
org_l58kxo9t,2025-07-07,analytics,7.8901,110.0,2.5106,7.7658,3,0,0
org_l58kxo9t,2025-07-07,compute,50.1456,480.0,2.7263,0,6,1,0
org_l58kxo9t,2025-07-07,networking,3.2504,356.0,0,0,3,0,0
org_l58kxo9t,2025-07-08,analytics,26.0122,354.0,0,0,3,0,0
org_l58kxo9t,2025-07-08,compute,1.4451,0,2.1055,17.4358,3,0,0
org_l58kxo9t,2025-07-08,networking,2.6142,271.0,0,15.0147,3,0,0
org_l58kxo9t,2025-07-09,compute,8.7793,115.0,2.4961,4.781,3,0,0
org_l58kxo9t,2025-07-09,networking,0.1661,0,3.7197,11.0866,3,0,0
org_l58kxo9t,2025-07-09,storage,2.2091,110.0,2.121,0.0,3,0,0
org_l58kxo9t,2025-07-10,analytics,9.5011,122.0,1.2906,0,3,1,0
org_l58kxo9t,2025-07-10,compute,20.4048,244.0,5.4077,15.1282,6,0,0
org_l58kxo9t,2025-07-10,networking,3.0842,252.0,2.8384,0,3,0,0
org_l58kxo9t,2025-07-10,storage,2.3586,117.0,0,10.4667,3,0,0
org_l58kxo9t,2025-07-11,analytics,6.1578,102.0,5.7878,0,3,0,0
org_l58kxo9t,2025-07-11,compute,18.5713,221.0,0,11.5004,3,0,0
org_l58kxo9t,2025-07-11,networking,2.0399,129.0,4.2817,14.1001,3,0,0
org_l58kxo9t,2025-07-11,storage,6.2362,252.0,0,5.2498,3,0,0
org_l58kxo9t,2025-07-12,compute,46.2946,495.0,2.5289,23.3918,6,0,0
org_l58kxo9t,2025-07-12,networking,3.8764,377.0,0,0,3,0,0
org_l58kxo9t,2025-07-13,compute,2.3676,0,0,27.9950,3,0,0
org_l58kxo9t,2025-07-14,analytics,13.1174,228.0,2.85,0,3,0,0
org_l58kxo9t,2025-07-14,compute,8.8988,119.0,0.7299,14.1369,3,0,0
org_l58kxo9t,2025-07-14,storage,0.5840,0,0.6928,32.3713,3,0,0
org_l58kxo9t,2025-07-15,analytics,13.7985,234.0,0.0,0,3,0,0
org_l58kxo9t,2025-07-15,compute,17.7606,221.0,2.5974,0,3,0,0
org_l58kxo9t,2025-07-15,networking,3.1225,361.0,0,0,3,0,0
org_l58kxo9t,2025-07-16,analytics,8.8447,122.0,4.6469,13.456,3,0,0
org_l58kxo9t,2025-07-16,compute,34.3298,394.0,0,34.4821,6,0,0
org_l58kxo9t,2025-07-16,storage,2.7747,111.0,1.2954,2.8542,3,0,0
org_l58kxo9t,2025-07-17,analytics,27.4856,385.0,0,0,3,0,0
org_l58kxo9t,2025-07-17,networking,2.4082,235.0,0,9.9235,3,0,0
org_l58kxo9t,2025-07-18,analytics,0.1428,0,2.211,0.0,3,0,0
org_l58kxo9t,2025-07-18,compute,22.3556,234.0,5.4037,16.2633,6,0,0
org_l58kxo9t,2025-07-18,networking,0.0761,0,3.0285,5.5592,3,0,0
org_l58kxo9t,2025-07-18,storage,3.1445,125.0,2.7151,0,3,0,0
org_l58kxo9t,2025-07-19,compute,16.0492,262.0,2.7347,0,3,0,0
org_l58kxo9t,2025-07-20,analytics,9.0184,115.0,0,23.2145,3,0,0
org_l58kxo9t,2025-07-20,compute,20.4161,220.0,0,26.5582,3,0,0
org_l58kxo9t,2025-07-20,networking,2.8824,244.0,4.6673,0,3,0,0
org_l58kxo9t,2025-07-20,storage,1.9622,134.0,5.2547,0,3,0,0
org_l58kxo9t,2025-07-21,compute,0.8401,0,0,10.3369,3,1,0
org_l58kxo9t,2025-07-22,compute,18.0939,247.0,0,6.7988,3,0,0
org_l58kxo9t,2025-07-22,networking,2.6426,234.0,3.0735,0,3,0,0
org_l58kxo9t,2025-07-23,compute,7.9024,122.0,4.9941,0.0,3,0,0
org_l58kxo9t,2025-07-24,compute,19.3523,253.0,0,6.0945,3,0,0
org_l58kxo9t,2025-07-24,networking,0.8605,121.0,1.3348,1.047,3,0,0
org_l58kxo9t,2025-07-25,compute,7.3582,108.0,0.5792,8.3975,3,0,1
org_l58kxo9t,2025-07-25,storage,5.1423,243.0,1.7892,0,3,0,0
org_l58kxo9t,2025-07-26,compute,2.1673,0,11.6898,12.3059,6,0,0
org_l58kxo9t,2025-07-26,networking,3.3267,363.0,0,0,3,0,0
org_l58kxo9t,2025-07-26,storage,2.5086,115.0,0.6778,0,3,1,0
org_l58kxo9t,2025-07-27,analytics,10.2567,108.0,1.3975,6.8248,3,0,0
org_l58kxo9t,2025-07-27,networking,0.0976,0,4.8139,3.6623,3,0,0
org_l58kxo9t,2025-07-28,compute,13.3311,125.0,3.2886,17.4018,3,0,0
org_l58kxo9t,2025-07-28,networking,0.3244,0,3.8729,39.7806,3,0,0
org_l58kxo9t,2025-07-28,storage,0.3223,0,1.4684,18.0804,3,0,0
org_l58kxo9t,2025-07-29,analytics,10.3864,119.0,0,24.8012,3,0,0
org_l58kxo9t,2025-07-29,compute,19.7304,218.0,0,8.6906,3,0,0
org_l58kxo9t,2025-07-29,networking,-0.8018,102.0,2.3715,17.4074,3,0,1
org_l58kxo9t,2025-07-29,storage,0.2595,0,0,16.6302,3,0,0
org_l58kxo9t,2025-07-30,storage,3.1800,131.0,0.5974,0.0,3,0,0
org_l58kxo9t,2025-07-31,networking,1.5926,122.0,0.725,12.1151,3,0,0
org_l58kxo9t,2025-08-01,compute,27.3319,329.0,0,0,3,0,0
org_l58kxo9t,2025-08-02,compute,1.8254,0,0.7311,17.2042,3,0,1
org_l58kxo9t,2025-08-02,networking,2.9972,273.0,0.8373,0,3,0,0
org_l58kxo9t,2025-08-02,storage,2.5135,117.0,0.0,0,3,0,0
org_l58kxo9t,2025-08-03,analytics,9.3026,126.0,3.8164,0.0,3,0,0
org_l58kxo9t,2025-08-03,compute,21.8181,235.0,2.1118,43.2895,6,0,0
org_l58kxo9t,2025-08-03,networking,0.0039,0,0.3776,0.0,3,0,0
org_l58kxo9t,2025-08-03,storage,3.1224,125.0,0.0,14.6278,3,0,0
org_l58kxo9t,2025-08-04,analytics,19.2195,234.0,0,10.5627,3,0,0
org_l58kxo9t,2025-08-04,storage,1.9020,94.0,2.5713,0,3,0,0
org_l58kxo9t,2025-08-05,compute,20.4737,248.0,0,0.0,3,0,0
org_l58kxo9t,2025-08-05,storage,0.0768,0,4.1538,0.0,3,0,0
org_l58kxo9t,2025-08-06,compute,24.0035,246.0,2.7801,0,3,0,0
org_l58kxo9t,2025-08-06,storage,2.4725,108.0,2.3348,10.3597,3,0,0
org_l58kxo9t,2025-08-07,analytics,19.0640,250.0,1.1825,0,3,0,0
org_l58kxo9t,2025-08-07,networking,1.4189,119.0,7.6945,0,3,0,0
org_l58kxo9t,2025-08-08,networking,2.5865,260.0,0.9224,0,3,0,0
org_l58kxo9t,2025-08-08,storage,8.3799,363.0,0,0,3,0,0
org_l58kxo9t,2025-08-09,analytics,18.7481,255.0,3.1657,0,3,0,0
org_l58kxo9t,2025-08-09,compute,1.0585,0,1.1608,14.8417,3,0,0
org_l58kxo9t,2025-08-09,networking,1.2919,128.0,2.2383,8.9571,3,0,0
org_l58kxo9t,2025-08-10,compute,18.4828,255.0,0,16.4591,3,0,0
org_l58kxo9t,2025-08-10,networking,1.5757,134.0,0,6.3537,3,0,0
org_l58kxo9t,2025-08-11,analytics,11.7293,132.0,1.6088,15.1039,3,0,0
org_l58kxo9t,2025-08-11,compute,30.8760,378.0,2.577,19.4293,6,0,0
org_l58kxo9t,2025-08-11,networking,1.3109,106.0,1.2819,0,3,0,0
org_l58kxo9t,2025-08-11,storage,4.8987,230.0,2.9771,0,3,0,0
org_l58kxo9t,2025-08-12,analytics,3.2024,0,0,42.1137,3,0,0
org_l58kxo9t,2025-08-12,compute,10.7498,127.0,3.6504,0,3,0,0
org_l58kxo9t,2025-08-12,networking,2.1554,216.0,0.0999,0,3,0,0
org_l58kxo9t,2025-08-12,storage,2.1013,110.0,1.1205,11.3271,3,0,0
org_l58kxo9t,2025-08-13,analytics,1.1254,0,2.3759,16.941,3,0,0
org_l58kxo9t,2025-08-13,storage,2.0054,365.0,0,0,3,0,1
org_l58kxo9t,2025-08-14,networking,1.4346,112.0,2.4097,22.3905,3,0,0
org_l58kxo9t,2025-08-15,analytics,18.3431,236.0,0,11.0268,3,0,0
org_l58kxo9t,2025-08-15,compute,24.3974,240.0,4.2270,0,6,0,0
org_l58kxo9t,2025-08-15,storage,0.7320,0,4.2464,28.5932,3,0,0
org_l58kxo9t,2025-08-16,analytics,0.8058,0,1.8815,9.1171,3,0,0
org_l58kxo9t,2025-08-16,compute,18.0821,101.0,0,8.1893,3,1,0
org_l58kxo9t,2025-08-16,networking,2.3609,241.0,0,9.3328,3,0,0
org_l58kxo9t,2025-08-16,storage,3.7872,244.0,0.0,0,3,0,0
org_l58kxo9t,2025-08-17,analytics,12.9317,99.0,0,14.0697,3,1,0
org_l58kxo9t,2025-08-17,compute,9.4412,121.0,0,12.4219,3,0,0
org_l58kxo9t,2025-08-17,networking,2.4032,246.0,0,10.6687,3,0,0
org_l58kxo9t,2025-08-17,storage,5.1529,238.0,3.4535,0,3,0,0
org_l58kxo9t,2025-08-18,compute,3.9178,0,4.0817,47.4992,6,0,0
org_l58kxo9t,2025-08-18,networking,1.3175,119.0,0.7563,17.524,3,0,0
org_l58kxo9t,2025-08-18,storage,2.2159,111.0,2.793,0.0,3,0,0
org_l58kxo9t,2025-08-19,analytics,8.6237,130.0,1.3738,7.3199,3,0,0
org_l58kxo9t,2025-08-19,compute,23.1553,254.0,0,5.7113,3,0,0
org_l58kxo9t,2025-08-19,networking,0.1877,0,3.1681,16.0016,3,0,0
org_l58kxo9t,2025-08-20,analytics,8.5662,126.0,2.8676,14.3072,3,0,0
org_l58kxo9t,2025-08-20,compute,21.1794,215.0,0.0,41.3997,6,1,0
org_l58kxo9t,2025-08-20,networking,1.3759,119.0,0,8.9586,3,0,0
org_l58kxo9t,2025-08-21,analytics,22.6214,334.0,0,0,3,0,0
org_l58kxo9t,2025-08-21,networking,1.1469,121.0,2.1599,0,3,0,0
org_l58kxo9t,2025-08-22,analytics,7.0622,119.0,2.2849,0,3,1,0
org_l58kxo9t,2025-08-22,compute,10.2750,120.0,2.8528,10.6304,3,0,0
org_l58kxo9t,2025-08-22,storage,5.1939,228.0,0,15.203,3,0,0
org_l58kxo9t,2025-08-23,analytics,9.2128,109.0,0.0,0.0,3,0,0
org_l58kxo9t,2025-08-23,compute,18.3809,236.0,0,9.436,3,0,0
org_l58kxo9t,2025-08-23,networking,2.4101,248.0,3.5016,0,3,0,0
org_l58kxo9t,2025-08-23,storage,2.9794,129.0,0,14.5307,3,0,0
org_l58kxo9t,2025-08-24,networking,1.2180,121.0,0,1.5526,3,0,0
org_l58kxo9t,2025-08-25,analytics,17.5188,258.0,1.4379,0,3,0,0
org_l58kxo9t,2025-08-25,compute,23.9703,246.0,0,8.8153,3,0,0
org_l58kxo9t,2025-08-25,networking,1.0877,118.0,4.9737,0,3,0,1
org_l58kxo9t,2025-08-25,storage,1.9712,113.0,1.4113,0,3,0,0
org_l58kxo9t,2025-08-26,compute,12.2723,118.0,6.8875,32.6827,6,0,0
org_l58kxo9t,2025-08-26,storage,5.4545,245.0,1.9622,0,3,0,0
org_l58kxo9t,2025-08-27,compute,10.7141,127.0,2.7913,16.93,3,0,0
org_l58kxo9t,2025-08-27,networking,2.2530,257.0,0,0.0,3,0,0
org_l58kxo9t,2025-08-27,storage,5.8360,255.0,1.3504,0,3,0,0
org_l58kxo9t,2025-08-28,analytics,9.7483,121.0,3.6591,10.8928,3,0,0
org_l58kxo9t,2025-08-28,compute,18.2530,263.0,0,0.0,3,0,0
org_l58kxo9t,2025-08-28,networking,2.9135,269.0,0,17.2543,3,0,0
org_l58kxo9t,2025-08-28,storage,2.8733,112.0,5.38,9.1291,3,0,0
org_l58kxo9t,2025-08-29,compute,9.5600,108.0,0,30.5030,3,0,0
org_l58kxo9t,2025-08-29,storage,4.4964,263.0,1.8519,0,3,0,0
org_l58kxo9t,2025-08-30,compute,28.6123,359.0,0,49.7429,6,0,0
org_l58kxo9t,2025-08-30,storage,5.3785,236.0,0,22.2644,3,0,0
org_l58kxo9t,2025-08-31,compute,28.2559,355.0,4.3391,19.6977,6,0,0
org_l58kxo9t,2025-08-31,storage,4.5530,109.0,0,10.0679,3,1,0
org_ly8ozcyw,2025-07-03,compute,10.8095,119.0,0,15.2515,3,0,0
org_ly8ozcyw,2025-07-03,database,7.6802,127.0,0,24.758,3,1,0
org_ly8ozcyw,2025-07-03,networking,1.3160,115.0,0,17.302,3,1,0
org_ly8ozcyw,2025-07-03,storage,2.7123,129.0,0,27.0070,3,0,0
org_ly8ozcyw,2025-07-04,analytics,17.7079,254.0,3.3034,21.0997,6,0,0
org_ly8ozcyw,2025-07-04,compute,1.6760,0,0,17.2014,3,0,0
org_ly8ozcyw,2025-07-04,database,7.6688,142.0,0.6081,3.87,3,0,0
org_ly8ozcyw,2025-07-04,genai,34.0905,255.0,3.9882,0,3,0,0
org_ly8ozcyw,2025-07-04,networking,2.1083,246.0,2.6235,0,3,0,0
org_ly8ozcyw,2025-07-04,storage,4.6041,228.0,2.7531,0,3,0,0
org_ly8ozcyw,2025-07-05,analytics,0.6624,0,4.2804,7.1412,3,0,0
org_ly8ozcyw,2025-07-05,networking,1.4764,113.0,0,18.1161,3,0,0
org_ly8ozcyw,2025-07-05,storage,5.1191,255.0,0.8946,0,3,0,0
org_ly8ozcyw,2025-07-06,analytics,19.0994,234.0,0,0,3,1,0
org_ly8ozcyw,2025-07-06,database,11.5270,242.0,0.3813,0,3,0,0
org_ly8ozcyw,2025-07-06,networking,3.1995,362.0,0,0,3,0,0
org_ly8ozcyw,2025-07-06,storage,4.4913,237.0,1.8594,0,3,0,0
org_ly8ozcyw,2025-07-07,analytics,21.6160,245.0,1.8729,30.6998,6,0,0
org_ly8ozcyw,2025-07-07,compute,22.0111,252.0,0,15.6155,3,0,0
org_ly8ozcyw,2025-07-07,database,11.8279,228.0,0,15.7754,3,0,0
org_ly8ozcyw,2025-07-07,genai,24.9885,235.0,0,0,3,1,0
org_ly8ozcyw,2025-07-07,networking,2.6390,244.0,1.8552,0,3,0,0
org_ly8ozcyw,2025-07-08,compute,8.0696,105.0,2.2899,10.8203,3,0,0
org_ly8ozcyw,2025-07-08,genai,35.6280,245.0,0,23.7008,3,0,0
org_ly8ozcyw,2025-07-08,networking,1.3847,114.0,5.7423,0,3,0,0
org_ly8ozcyw,2025-07-08,storage,4.8970,265.0,0,14.8738,3,0,0
org_ly8ozcyw,2025-07-09,analytics,17.4363,240.0,3.1864,24.5039,6,1,0
org_ly8ozcyw,2025-07-09,compute,19.3519,229.0,0,3.9173,3,0,0
org_ly8ozcyw,2025-07-09,storage,4.4352,228.0,3.2056,0,3,0,0
org_ly8ozcyw,2025-07-10,analytics,9.9941,127.0,0,4.1133,3,0,0
org_ly8ozcyw,2025-07-10,compute,5.9025,118.0,0.8637,0,3,0,0
org_ly8ozcyw,2025-07-10,genai,15.8617,121.0,1.969,20.4025,3,0,0
org_ly8ozcyw,2025-07-10,storage,2.3420,108.0,2.2541,14.479,3,0,0
org_ly8ozcyw,2025-07-11,compute,14.1740,230.0,3.132,0,3,0,0
org_ly8ozcyw,2025-07-11,storage,0.0995,0,5.6746,0,3,0,1
org_ly8ozcyw,2025-07-12,analytics,11.6640,145.0,0,27.7172,3,0,0
org_ly8ozcyw,2025-07-12,compute,33.0215,388.0,0,0,3,0,0
org_ly8ozcyw,2025-07-12,genai,25.7897,241.0,1.6611,0,3,0,0
org_ly8ozcyw,2025-07-12,networking,0.2450,0,3.4287,22.4198,3,0,0
org_ly8ozcyw,2025-07-13,analytics,38.7038,516.0,1.9485,33.0558,6,0,0
org_ly8ozcyw,2025-07-13,compute,22.8252,242.0,0,2.4376,3,0,0
org_ly8ozcyw,2025-07-13,networking,1.0691,116.0,2.9353,7.3983,3,0,0
org_ly8ozcyw,2025-07-13,storage,2.6583,123.0,2.262,14.3101,3,0,1
org_ly8ozcyw,2025-07-14,analytics,2.3227,0,0,27.4169,3,0,0
org_ly8ozcyw,2025-07-14,storage,3.4505,119.0,2.7037,13.4686,3,0,0
org_ly8ozcyw,2025-07-15,analytics,7.6630,107.0,0,4.648,3,0,0
org_ly8ozcyw,2025-07-15,database,7.3120,131.0,0.551,0,3,1,0
org_ly8ozcyw,2025-07-15,networking,2.3159,219.0,0,0.0,3,0,0
org_ly8ozcyw,2025-07-16,analytics,10.4870,114.0,2.2145,27.5824,6,0,0
org_ly8ozcyw,2025-07-16,database,12.9376,245.0,0,10.2947,3,0,0
org_ly8ozcyw,2025-07-16,genai,32.7515,244.0,0,5.2195,3,0,0
org_ly8ozcyw,2025-07-16,storage,3.1952,132.0,2.7096,4.1008,3,0,0
org_ly8ozcyw,2025-07-17,analytics,11.0455,116.0,0,30.5392,3,0,0
org_ly8ozcyw,2025-07-17,genai,11.9950,99.0,0.8517,0,3,0,0
org_ly8ozcyw,2025-07-17,networking,3.0887,338.0,0,0,3,0,0
org_ly8ozcyw,2025-07-17,storage,2.4331,107.0,0,25.6226,3,0,0
org_ly8ozcyw,2025-07-18,compute,13.2183,211.0,0,10.8409,3,0,0
org_ly8ozcyw,2025-07-18,database,2.3423,0,0,39.6213,3,0,0
org_ly8ozcyw,2025-07-18,genai,18.0816,110.0,0,13.241,3,0,0
org_ly8ozcyw,2025-07-18,networking,1.6844,115.0,7.2435,0,3,0,0
org_ly8ozcyw,2025-07-18,storage,6.5878,355.0,0,0,3,0,0
org_ly8ozcyw,2025-07-19,analytics,26.2130,375.0,3.5137,0,6,0,0
org_ly8ozcyw,2025-07-19,database,0.4102,0,7.8324,0,3,0,0
org_ly8ozcyw,2025-07-20,analytics,10.8754,111.0,5.4408,29.1673,6,0,0
org_ly8ozcyw,2025-07-20,compute,18.7679,250.0,0,7.1235,3,0,0
org_ly8ozcyw,2025-07-20,database,6.3469,101.0,0.6118,7.2263,3,0,0
org_ly8ozcyw,2025-07-20,genai,19.3007,139.0,0,3.6039,3,1,0
org_ly8ozcyw,2025-07-20,networking,2.0216,217.0,1.206,0,3,0,0
org_ly8ozcyw,2025-07-21,analytics,0.0442,0,1.2211,0,3,0,0
org_ly8ozcyw,2025-07-21,compute,14.4543,133.0,0,28.0266,3,0,0
org_ly8ozcyw,2025-07-21,storage,4.5385,250.0,0.0,0,3,0,0
org_ly8ozcyw,2025-07-22,analytics,0.9257,0,0.7213,14.2274,3,0,0
org_ly8ozcyw,2025-07-22,storage,1.9486,112.0,5.5621,0,3,0,0
org_ly8ozcyw,2025-07-23,analytics,16.6258,223.0,4.1810,23.8943,6,0,0
org_ly8ozcyw,2025-07-23,genai,17.0638,131.0,3.2631,6.4219,3,0,0
org_ly8ozcyw,2025-07-23,networking,2.4335,221.0,0,2.7527,3,0,0
org_ly8ozcyw,2025-07-24,analytics,17.0338,230.0,2.2909,34.1867,6,0,0
org_ly8ozcyw,2025-07-24,database,6.9168,127.0,0,0.393,3,1,0
org_ly8ozcyw,2025-07-24,networking,3.3211,347.0,0,0,3,0,0
org_ly8ozcyw,2025-07-24,storage,4.4622,241.0,1.3833,0,3,0,0
org_ly8ozcyw,2025-07-25,analytics,28.5658,387.0,0.7374,9.6107,6,0,0
org_ly8ozcyw,2025-07-25,database,19.5702,364.0,0,0,3,0,0
org_ly8ozcyw,2025-07-25,networking,0.2658,0,0.8762,25.5327,3,0,0
org_ly8ozcyw,2025-07-26,analytics,10.5682,128.0,3.9559,16.8097,3,0,0
org_ly8ozcyw,2025-07-26,genai,15.3548,124.0,0,16.5474,3,0,0
org_ly8ozcyw,2025-07-26,networking,2.2305,212.0,4.2142,0,3,0,0
org_ly8ozcyw,2025-07-26,storage,3.2828,121.0,0.0,19.4485,3,0,0
org_ly8ozcyw,2025-07-27,analytics,16.1924,471.0,3.8802,13.9421,6,0,1
org_ly8ozcyw,2025-07-27,compute,0.3451,0,4.3426,0.0,3,0,0
org_ly8ozcyw,2025-07-27,database,5.6158,113.0,3.3736,0,3,0,0
org_ly8ozcyw,2025-07-27,genai,1.8557,0,4.0710,11.1908,3,0,0
org_ly8ozcyw,2025-07-27,storage,0.3468,0,2.1609,16.6533,3,0,0
org_ly8ozcyw,2025-07-28,analytics,35.1182,516.0,5.6450,0,6,0,0
org_ly8ozcyw,2025-07-28,database,15.1049,260.0,0,14.4282,3,0,0
org_ly8ozcyw,2025-07-28,genai,31.8893,229.0,0,0,3,1,0
org_ly8ozcyw,2025-07-28,networking,1.7831,221.0,0.966,0,3,0,0
org_ly8ozcyw,2025-07-29,analytics,20.3756,237.0,0,20.6896,3,0,0
org_ly8ozcyw,2025-07-29,genai,12.7873,90.0,0,10.1855,3,0,0
org_ly8ozcyw,2025-07-29,networking,2.0664,217.0,0,9.9096,3,0,0
org_ly8ozcyw,2025-07-30,analytics,15.4213,229.0,5.9599,5.2979,6,0,0
org_ly8ozcyw,2025-07-30,compute,11.1297,130.0,3.8963,0,3,0,0
org_ly8ozcyw,2025-07-30,database,15.0610,252.0,0,16.6637,3,0,0
org_ly8ozcyw,2025-07-30,networking,2.4723,236.0,0,0.0,3,0,0
org_ly8ozcyw,2025-07-31,analytics,28.8096,387.0,3.0369,30.6409,6,0,0
org_ly8ozcyw,2025-07-31,compute,22.5084,246.0,0,16.8508,3,0,0
org_ly8ozcyw,2025-07-31,genai,28.8578,216.0,0,17.042,3,0,0
org_ly8ozcyw,2025-07-31,networking,1.4791,113.0,0.6067,20.6783,3,0,0
org_ly8ozcyw,2025-08-01,analytics,15.1058,243.0,0,0.867,3,0,0
org_ly8ozcyw,2025-08-01,compute,28.8755,346.0,0,0,3,0,0
org_ly8ozcyw,2025-08-01,database,8.0912,141.0,0,27.5605,3,0,0
org_ly8ozcyw,2025-08-02,analytics,21.7042,257.0,4.9736,20.5951,6,0,0
org_ly8ozcyw,2025-08-02,database,11.0516,232.0,0,10.1417,3,0,0
org_ly8ozcyw,2025-08-02,networking,1.5613,123.0,0.2788,19.2674,3,0,0
org_ly8ozcyw,2025-08-02,storage,4.5497,245.0,0,3.0976,3,0,0
org_ly8ozcyw,2025-08-03,analytics,25.9416,337.0,0,37.7621,6,0,1
org_ly8ozcyw,2025-08-03,database,17.9282,372.0,0,0,3,0,0
org_ly8ozcyw,2025-08-03,networking,0.2340,0,2.2628,24.0805,3,0,0
org_ly8ozcyw,2025-08-04,analytics,14.9096,234.0,11.7634,0,6,0,0
org_ly8ozcyw,2025-08-04,compute,13.3973,111.0,0,21.7945,3,0,0
org_ly8ozcyw,2025-08-04,database,0.2855,0,4.2231,1.7555,3,0,0
org_ly8ozcyw,2025-08-04,genai,29.8223,218.0,1.1456,0,3,0,0
org_ly8ozcyw,2025-08-04,networking,1.4250,111.0,4.8916,0,3,0,0
org_ly8ozcyw,2025-08-04,storage,2.4904,116.0,3.5135,0,3,0,0
org_ly8ozcyw,2025-08-05,analytics,17.6209,260.0,4.5740,8.4253,6,0,0
org_ly8ozcyw,2025-08-05,database,1.3099,0,1.2486,22.1358,3,0,0
org_ly8ozcyw,2025-08-05,networking,2.7264,235.0,0,4.0024,3,0,0
org_ly8ozcyw,2025-08-06,analytics,14.5088,249.0,0,0.0,3,0,0
org_ly8ozcyw,2025-08-06,database,5.5089,107.0,0.0,10.6693,3,0,0
org_ly8ozcyw,2025-08-06,genai,27.0697,228.0,3.3527,0,3,0,0
org_ly8ozcyw,2025-08-06,storage,2.3249,99.0,0,26.3515,3,0,0
org_ly8ozcyw,2025-08-07,analytics,14.1080,241.0,1.8909,0,3,0,0
org_ly8ozcyw,2025-08-07,database,11.5672,257.0,2.6824,0,3,0,0
org_ly8ozcyw,2025-08-07,genai,41.8782,262.0,0,10.9623,3,0,0
org_ly8ozcyw,2025-08-08,analytics,7.0238,121.0,8.4545,7.9023,6,0,0
org_ly8ozcyw,2025-08-08,genai,26.3574,216.0,0,11.1119,3,0,0
org_ly8ozcyw,2025-08-08,storage,0.1282,0,6.8046,0.0,3,0,0
org_ly8ozcyw,2025-08-09,analytics,20.3178,261.0,0.0,32.3019,6,0,0
org_ly8ozcyw,2025-08-09,genai,19.4416,139.0,0,0.0,3,0,0
org_ly8ozcyw,2025-08-09,networking,1.1367,118.0,0,14.8864,3,0,0
org_ly8ozcyw,2025-08-10,analytics,30.0265,372.0,0,34.8367,6,0,0
org_ly8ozcyw,2025-08-10,compute,2.1521,0,0,31.1352,3,0,0
org_ly8ozcyw,2025-08-10,networking,3.5795,385.0,0,0,3,0,0
org_ly8ozcyw,2025-08-10,storage,2.7421,126.0,0,14.9051,3,0,0
org_ly8ozcyw,2025-08-11,analytics,14.8476,247.0,0,3.8015,3,0,0
org_ly8ozcyw,2025-08-11,compute,7.6096,118.0,3.8783,0,3,0,0
org_ly8ozcyw,2025-08-11,database,11.0616,231.0,0,5.9417,3,0,0
org_ly8ozcyw,2025-08-11,networking,1.4656,127.0,1.6983,8.0346,3,0,0
org_ly8ozcyw,2025-08-11,storage,5.9319,246.0,3.9287,0,3,0,0
org_ly8ozcyw,2025-08-12,analytics,5.2407,105.0,5.5838,0,3,0,0
org_ly8ozcyw,2025-08-12,genai,29.9163,236.0,0,6.892,3,0,0
org_ly8ozcyw,2025-08-12,networking,1.5293,118.0,0,21.7280,3,0,0
org_ly8ozcyw,2025-08-13,compute,2.0933,0,0.0,31.1571,3,0,0
org_ly8ozcyw,2025-08-13,genai,10.2385,99.0,5.5982,0,3,0,0
org_ly8ozcyw,2025-08-13,networking,0.2652,0,0,25.4277,3,0,0
org_ly8ozcyw,2025-08-14,analytics,18.2261,240.0,1.4651,23.9187,6,0,0
org_ly8ozcyw,2025-08-14,compute,54.9300,252.0,0,28.8561,3,0,0
org_ly8ozcyw,2025-08-14,genai,48.4791,366.0,0,0,3,0,0
org_ly8ozcyw,2025-08-14,networking,2.3890,220.0,0,0.0,3,0,0
org_ly8ozcyw,2025-08-14,storage,4.1580,250.0,0.0,0,3,0,0
org_ly8ozcyw,2025-08-15,analytics,16.7741,229.0,3.1472,28.0229,6,0,0
org_ly8ozcyw,2025-08-15,compute,16.3888,218.0,0,1.7595,3,0,0
org_ly8ozcyw,2025-08-15,database,6.5816,108.0,2.1898,16.4857,3,0,0
org_ly8ozcyw,2025-08-15,genai,29.8160,228.0,0,9.4091,3,0,0
org_ly8ozcyw,2025-08-15,networking,2.0841,240.0,0.0,0,3,0,0
org_ly8ozcyw,2025-08-15,storage,3.1403,138.0,0,27.417,3,0,0
org_ly8ozcyw,2025-08-16,analytics,8.6027,139.0,3.4737,0,3,1,0
org_ly8ozcyw,2025-08-16,genai,35.6919,254.0,0,0.0,3,0,0
org_ly8ozcyw,2025-08-16,networking,2.5371,243.0,0,11.0793,3,0,0
org_ly8ozcyw,2025-08-17,compute,9.2634,120.0,1.5547,5.214,3,0,0
org_ly8ozcyw,2025-08-17,database,14.4840,250.0,0,17.8635,3,0,0
org_ly8ozcyw,2025-08-17,storage,0.3992,0,5.4406,12.4799,3,0,0
org_ly8ozcyw,2025-08-18,analytics,9.1793,111.0,0.3318,48.2527,6,0,0
org_ly8ozcyw,2025-08-18,compute,0.6387,0,1.5043,6.777,3,1,0
org_ly8ozcyw,2025-08-18,networking,2.7732,253.0,0,14.5441,3,0,0
org_ly8ozcyw,2025-08-19,analytics,13.0265,494.0,0,16.4496,6,0,1
org_ly8ozcyw,2025-08-19,compute,19.8600,251.0,0,0.0503,3,0,0
org_ly8ozcyw,2025-08-19,database,4.8898,116.0,0.5547,0,3,0,0
org_ly8ozcyw,2025-08-19,genai,15.1448,125.0,3.3666,9.333,3,0,0
org_ly8ozcyw,2025-08-19,networking,1.3109,117.0,2.6776,18.4974,3,0,0
org_ly8ozcyw,2025-08-19,storage,7.0289,313.0,0,0,3,0,0
org_ly8ozcyw,2025-08-20,analytics,18.0220,213.0,0,6.6416,3,0,0
org_ly8ozcyw,2025-08-20,compute,18.9229,246.0,1.8243,0,3,0,0
org_ly8ozcyw,2025-08-20,networking,1.5844,131.0,1.9035,2.1263,3,0,0
org_ly8ozcyw,2025-08-20,storage,2.6620,133.0,1.586,7.0486,3,0,0
org_ly8ozcyw,2025-08-21,analytics,3.0554,0,15.1756,31.6501,6,0,0
org_ly8ozcyw,2025-08-21,compute,2.0770,0,8.0922,14.6819,3,0,0
org_ly8ozcyw,2025-08-21,database,7.8048,111.0,1.0926,34.2056,3,0,0
org_ly8ozcyw,2025-08-21,genai,47.3372,357.0,0,0,3,0,0
org_ly8ozcyw,2025-08-21,networking,1.2427,115.0,0,13.5200,3,0,0
org_ly8ozcyw,2025-08-22,analytics,20.3434,258.0,6.9424,7.1931,6,1,0
org_ly8ozcyw,2025-08-22,database,6.0385,124.0,0,1.6531,3,1,0
org_ly8ozcyw,2025-08-22,genai,1.7336,0,2.8235,10.1938,3,0,0
org_ly8ozcyw,2025-08-22,networking,0.0424,0,4.0714,0.404,3,0,0
org_ly8ozcyw,2025-08-22,storage,2.3165,125.0,0,9.3989,3,0,0
org_ly8ozcyw,2025-08-23,analytics,11.1361,133.0,3.4864,0,3,0,0
org_ly8ozcyw,2025-08-23,database,17.6974,351.0,0,0,3,0,0
org_ly8ozcyw,2025-08-23,genai,16.1407,123.0,2.1317,10.4563,3,0,0
org_ly8ozcyw,2025-08-23,storage,2.3072,136.0,0.7152,0,3,0,0
org_ly8ozcyw,2025-08-24,analytics,23.8529,368.0,0,9.9229,6,0,0
org_ly8ozcyw,2025-08-24,compute,12.5643,125.0,3.2524,12.189,3,0,0
org_ly8ozcyw,2025-08-24,database,4.6212,109.0,3.6645,0,3,0,0
org_ly8ozcyw,2025-08-25,analytics,43.1059,598.0,0,9.459,6,0,0
org_ly8ozcyw,2025-08-25,compute,19.1570,250.0,1.0796,0,3,0,0
org_ly8ozcyw,2025-08-25,database,1.0881,0,2.664,23.5678,3,0,0
org_ly8ozcyw,2025-08-25,genai,3.0698,0,2.598,18.4242,3,0,0
org_ly8ozcyw,2025-08-26,analytics,10.0107,134.0,0.4843,8.5504,3,0,0
org_ly8ozcyw,2025-08-26,compute,22.4673,244.0,2.2262,0,3,0,0
org_ly8ozcyw,2025-08-26,genai,1.9888,0,3.8449,15.0059,3,0,0
org_ly8ozcyw,2025-08-26,networking,3.4872,375.0,0,0,3,0,0
org_ly8ozcyw,2025-08-26,storage,3.1548,0,0,36.751,3,1,0
org_ly8ozcyw,2025-08-27,analytics,17.6187,231.0,0,5.2325,3,0,0
org_ly8ozcyw,2025-08-27,compute,1.0196,0,7.7645,4.4365,3,0,0
org_ly8ozcyw,2025-08-27,storage,6.4764,359.0,0,0,3,0,0
org_ly8ozcyw,2025-08-28,analytics,18.0633,250.0,1.5419,0,6,1,0
org_ly8ozcyw,2025-08-28,compute,16.1824,117.0,2.1378,0,3,1,0
org_ly8ozcyw,2025-08-28,database,6.8366,120.0,0,28.5238,3,0,0
org_ly8ozcyw,2025-08-28,genai,27.2135,248.0,0,3.3587,3,0,0
org_ly8ozcyw,2025-08-28,networking,1.1183,116.0,3.4875,0,3,0,0
org_ly8ozcyw,2025-08-28,storage,2.7602,123.0,4.0728,10.7679,3,0,0
org_ly8ozcyw,2025-08-29,analytics,11.8157,121.0,0,18.6809,3,0,0
org_ly8ozcyw,2025-08-29,compute,20.7624,237.0,0.0,0,3,0,0
org_ly8ozcyw,2025-08-29,genai,25.5886,233.0,0,0.0,3,0,0
org_ly8ozcyw,2025-08-29,storage,2.3159,110.0,0.6528,0,3,0,0
org_ly8ozcyw,2025-08-30,analytics,10.5686,128.0,5.7347,23.9280,6,1,0
org_ly8ozcyw,2025-08-30,compute,2.6465,0,0.0,31.9689,3,0,0
org_ly8ozcyw,2025-08-30,database,11.9532,251.0,0,0.0,3,0,0
org_ly8ozcyw,2025-08-30,networking,1.8430,242.0,3.2601,0,3,0,0
org_ly8ozcyw,2025-08-31,analytics,11.9403,130.0,0,47.0267,3,0,0
org_ly8ozcyw,2025-08-31,compute,9.6846,112.0,2.5014,0,3,0,0
org_ly8ozcyw,2025-08-31,database,14.1982,254.0,0,23.6081,3,0,0
org_ly8ozcyw,2025-08-31,networking,0.9974,115.0,0.8886,11.1667,3,0,0
org_n9j2qp89,2025-07-03,analytics,17.1528,229.0,1.2423,0,3,0,0
org_n9j2qp89,2025-07-03,compute,35.0909,487.0,3.4886,11.7535,6,0,1
org_n9j2qp89,2025-07-03,genai,17.1177,113.0,0,25.4118,3,0,0
org_n9j2qp89,2025-07-03,networking,2.5295,234.0,0.0,19.2415,6,1,0
org_n9j2qp89,2025-07-04,analytics,0.5390,0,2.0847,5.1231,3,0,0
org_n9j2qp89,2025-07-04,compute,12.8945,145.0,8.2180,5.5559,6,0,0
org_n9j2qp89,2025-07-04,genai,3.1015,0,0,28.4443,3,0,0
org_n9j2qp89,2025-07-04,networking,0.2763,0,1.5129,27.1339,3,0,0
org_n9j2qp89,2025-07-04,storage,2.8682,127.0,1.5709,0,3,0,0
org_n9j2qp89,2025-07-05,analytics,22.1409,256.0,0,15.8452,3,0,0
org_n9j2qp89,2025-07-05,compute,36.9656,454.0,3.8014,14.9449,6,0,0
org_n9j2qp89,2025-07-05,genai,3.3325,0,0,32.0561,3,0,0
org_n9j2qp89,2025-07-05,networking,2.3401,219.0,2.383,35.7784,6,0,0
org_n9j2qp89,2025-07-05,storage,2.6405,121.0,0,16.8757,3,0,0
org_n9j2qp89,2025-07-06,analytics,15.4152,214.0,0.2007,0,3,0,0
org_n9j2qp89,2025-07-06,compute,40.0360,541.0,3.6076,0,6,0,0
org_n9j2qp89,2025-07-06,genai,26.8809,241.0,0,0.0,3,0,0
org_n9j2qp89,2025-07-06,networking,0.1318,0,0.0,13.4654,3,0,0
org_n9j2qp89,2025-07-06,storage,5.4111,265.0,0,17.102,3,0,0
org_n9j2qp89,2025-07-07,analytics,15.2365,219.0,0,5.0068,3,0,0
org_n9j2qp89,2025-07-07,compute,14.7468,202.0,0,5.7169,3,0,0
org_n9j2qp89,2025-07-07,genai,38.4394,346.0,0,0,3,0,0
org_n9j2qp89,2025-07-07,networking,2.4500,238.0,0.0,23.4878,6,0,0
org_n9j2qp89,2025-07-08,analytics,7.3844,110.0,0.0,3.1659,3,0,0
org_n9j2qp89,2025-07-08,compute,44.0681,476.0,0.7744,1.8942,6,0,0
org_n9j2qp89,2025-07-08,genai,13.4894,118.0,2.7269,0,3,0,0
org_n9j2qp89,2025-07-08,networking,1.3012,113.0,6.2062,38.9002,6,0,0
org_n9j2qp89,2025-07-09,compute,25.7998,355.0,0,0,3,0,0
org_n9j2qp89,2025-07-09,networking,2.1449,242.0,0,10.8589,3,0,0
org_n9j2qp89,2025-07-09,storage,5.0301,239.0,0,5.9881,3,0,0
org_n9j2qp89,2025-07-10,compute,13.8280,127.0,1.6172,0.0,3,0,0
org_n9j2qp89,2025-07-10,genai,14.9502,121.0,4.8890,0,3,0,0
org_n9j2qp89,2025-07-10,networking,1.2488,105.0,1.8974,10.0612,3,0,0
org_n9j2qp89,2025-07-10,storage,5.8026,246.0,0,0,3,1,0
org_n9j2qp89,2025-07-11,analytics,9.5312,110.0,5.6365,0,3,0,0
org_n9j2qp89,2025-07-11,compute,9.4522,116.0,2.6133,0.0,3,0,0
org_n9j2qp89,2025-07-11,networking,0.2111,0,0,20.0403,3,0,0
org_n9j2qp89,2025-07-12,analytics,22.2936,360.0,0,0,3,0,0
org_n9j2qp89,2025-07-12,compute,11.0257,115.0,5.3843,10.5488,6,1,0
org_n9j2qp89,2025-07-12,networking,4.2593,349.0,0,0,3,0,0
org_n9j2qp89,2025-07-13,analytics,8.2050,99.0,0.6776,7.6465,3,0,0
org_n9j2qp89,2025-07-13,compute,24.1918,235.0,6.5781,9.1306,6,0,0
org_n9j2qp89,2025-07-13,genai,17.8623,135.0,0,0.0,3,0,0
org_n9j2qp89,2025-07-13,networking,2.5328,138.0,4.2004,3.6154,6,1,0
org_n9j2qp89,2025-07-13,storage,2.7603,138.0,0.0,6.1282,3,0,0
org_n9j2qp89,2025-07-14,compute,30.0455,356.0,1.4958,7.4463,6,0,0
org_n9j2qp89,2025-07-14,networking,1.3530,116.0,0,12.8312,6,2,0
org_n9j2qp89,2025-07-14,storage,7.4914,345.0,0,0,3,0,0
org_n9j2qp89,2025-07-15,analytics,-1.3606,215.0,0,21.3688,3,0,1
org_n9j2qp89,2025-07-15,compute,8.7833,104.0,1.2507,7.6687,3,0,0
org_n9j2qp89,2025-07-15,genai,0.8298,0,6.5441,0,3,0,0
org_n9j2qp89,2025-07-15,networking,2.563,243.0,0,2.8029,3,0,0
org_n9j2qp89,2025-07-15,storage,6.1062,247.0,0,0,3,1,0
org_n9j2qp89,2025-07-16,analytics,7.4636,111.0,0,18.9807,3,0,0
org_n9j2qp89,2025-07-16,genai,32.4786,241.0,2.5645,0,3,0,0
org_n9j2qp89,2025-07-16,networking,3.1122,261.0,4.2028,23.8282,6,0,0
org_n9j2qp89,2025-07-16,storage,3.2118,134.0,2.2642,25.0706,3,0,0
org_n9j2qp89,2025-07-17,analytics,11.3442,119.0,0,24.5371,3,0,0
org_n9j2qp89,2025-07-17,compute,13.2370,124.0,1.8444,19.8332,3,0,0
org_n9j2qp89,2025-07-17,genai,29.9022,235.0,0.3255,0,3,0,0
org_n9j2qp89,2025-07-17,networking,2.5465,220.0,0,0.0,3,0,0
org_n9j2qp89,2025-07-17,storage,2.7778,124.0,3.7288,0,3,0,0
org_n9j2qp89,2025-07-18,compute,11.3245,115.0,2.3753,1.3592,3,0,0
org_n9j2qp89,2025-07-18,genai,10.5518,121.0,2.9077,0,3,0,0
org_n9j2qp89,2025-07-18,networking,5.5037,487.0,0,49.9322,6,0,0
org_n9j2qp89,2025-07-18,storage,4.6464,234.0,0.1181,0,3,0,0
org_n9j2qp89,2025-07-19,analytics,9.3816,127.0,0,31.6344,3,0,0
org_n9j2qp89,2025-07-19,compute,8.1628,125.0,0.0,0.0,3,0,0
org_n9j2qp89,2025-07-19,networking,1.4278,113.0,1.9581,16.1722,3,0,0
org_n9j2qp89,2025-07-19,storage,3.0613,127.0,2.5656,0,3,0,0
org_n9j2qp89,2025-07-20,compute,12.0179,124.0,5.6080,0,3,0,0
org_n9j2qp89,2025-07-20,networking,1.1731,115.0,0,15.7250,3,0,0
org_n9j2qp89,2025-07-21,analytics,1.6625,0,0.0,22.0070,3,0,0
org_n9j2qp89,2025-07-21,genai,39.3840,331.0,0,0,3,0,0
org_n9j2qp89,2025-07-22,analytics,2.3312,0,0,36.4866,3,0,0
org_n9j2qp89,2025-07-22,compute,30.5710,356.0,7.5528,0,6,0,0
org_n9j2qp89,2025-07-22,genai,31.4739,256.0,1.3183,0,3,0,0
org_n9j2qp89,2025-07-22,networking,2.2385,233.0,0,7.007,3,0,0
org_n9j2qp89,2025-07-23,compute,8.5298,132.0,2.2707,17.0426,3,0,0
org_n9j2qp89,2025-07-23,networking,2.5117,259.0,0.919,22.1282,6,0,0
org_n9j2qp89,2025-07-24,analytics,15.3760,232.0,0,16.6173,3,0,0
org_n9j2qp89,2025-07-24,compute,11.8580,121.0,0.0,7.744,3,0,0
org_n9j2qp89,2025-07-24,genai,17.5086,110.0,0,21.7809,3,0,0
org_n9j2qp89,2025-07-24,networking,2.1702,229.0,0,23.85,3,0,0
org_n9j2qp89,2025-07-24,storage,0.0701,235.0,1.068,0,3,0,1
org_n9j2qp89,2025-07-25,analytics,0.8278,0,0,11.4492,3,0,0
org_n9j2qp89,2025-07-25,compute,3.4258,0,4.7693,33.4892,6,0,0
org_n9j2qp89,2025-07-25,genai,29.5928,229.0,0,0.0,3,0,0
org_n9j2qp89,2025-07-25,storage,4.9124,248.0,0,16.9126,3,0,0
org_n9j2qp89,2025-07-26,analytics,17.6705,257.0,1.8316,0,3,0,0
org_n9j2qp89,2025-07-26,compute,1.7396,0,0.0,25.4329,3,0,0
org_n9j2qp89,2025-07-26,genai,2.6551,0,0.2676,23.5940,3,0,0
org_n9j2qp89,2025-07-27,analytics,7.7575,137.0,0.2888,1.1758,3,0,0
org_n9j2qp89,2025-07-27,compute,33.7387,460.0,4.1769,10.8189,6,0,0
org_n9j2qp89,2025-07-27,genai,27.8318,214.0,0,13.9257,3,0,0
org_n9j2qp89,2025-07-27,networking,0.2681,0,0,26.8331,3,1,0
org_n9j2qp89,2025-07-28,genai,20.7825,140.0,1.0396,18.1926,3,0,0
org_n9j2qp89,2025-07-28,networking,4.9253,487.0,3.3286,8.936,6,0,0
org_n9j2qp89,2025-07-28,storage,4.9495,243.0,4.7993,0,3,0,0
org_n9j2qp89,2025-07-29,analytics,2.3708,0,0.3272,34.1426,3,0,0
org_n9j2qp89,2025-07-29,compute,9.0371,123.0,2.9839,0,3,0,0
org_n9j2qp89,2025-07-29,networking,2.7277,232.0,0,16.1928,3,0,0
org_n9j2qp89,2025-07-29,storage,2.6423,122.0,0,21.7664,3,0,0
org_n9j2qp89,2025-07-30,analytics,19.7401,253.0,0,20.0728,3,0,0
org_n9j2qp89,2025-07-30,compute,26.2323,352.0,0,0,3,0,0
org_n9j2qp89,2025-07-30,genai,29.4216,220.0,0,3.2212,3,0,0
org_n9j2qp89,2025-07-30,networking,2.7671,249.0,4.4821,20.8908,6,1,0
org_n9j2qp89,2025-07-30,storage,0.4388,0,5.9372,15.739,3,0,0
org_n9j2qp89,2025-07-31,analytics,8.6252,114.0,4.4553,14.3601,3,0,0
org_n9j2qp89,2025-07-31,compute,33.8186,482.0,0,17.6345,6,0,0
org_n9j2qp89,2025-07-31,networking,0.0517,0,3.4058,0,3,1,0
org_n9j2qp89,2025-08-01,compute,10.7613,129.0,8.9529,0,3,0,0
org_n9j2qp89,2025-08-01,genai,27.5175,227.0,0.1377,0,3,0,0
org_n9j2qp89,2025-08-01,networking,3.4718,325.0,0,0,3,0,0
org_n9j2qp89,2025-08-01,storage,6.0346,258.0,2.8495,0,3,0,0
org_n9j2qp89,2025-08-02,analytics,15.4884,238.0,0.6742,0,3,0,0
org_n9j2qp89,2025-08-02,compute,20.6201,259.0,3.7893,4.5063,6,0,0
org_n9j2qp89,2025-08-02,networking,2.6066,256.0,2.2137,0,3,0,0
org_n9j2qp89,2025-08-02,storage,0.2991,0,2.4612,10.2684,3,0,0
org_n9j2qp89,2025-08-03,compute,22.6030,260.0,2.641,0,3,0,0
org_n9j2qp89,2025-08-03,genai,15.1154,90.0,1.3302,24.3783,3,0,0
org_n9j2qp89,2025-08-03,networking,0.2103,0,0.1024,19.2149,3,0,0
org_n9j2qp89,2025-08-03,storage,1.8052,104.0,2.9734,0,3,0,0
org_n9j2qp89,2025-08-04,compute,54.4016,645.0,0,0.0,6,0,0
org_n9j2qp89,2025-08-05,compute,36.1089,496.0,0.0,26.7906,6,0,0
org_n9j2qp89,2025-08-05,genai,41.4185,354.0,0,0,3,0,0
org_n9j2qp89,2025-08-05,networking,1.4796,122.0,1.2026,18.3440,6,0,0
org_n9j2qp89,2025-08-06,genai,0.9911,0,6.9935,0,3,1,0
org_n9j2qp89,2025-08-06,networking,4.7817,468.0,0.0,5.3648,6,0,0
org_n9j2qp89,2025-08-06,storage,2.4710,126.0,5.2068,0,3,0,0
org_n9j2qp89,2025-08-07,analytics,17.8416,249.0,0,16.8056,3,0,0
org_n9j2qp89,2025-08-07,compute,22.2508,257.0,0,25.2346,3,0,0
org_n9j2qp89,2025-08-07,genai,36.3885,240.0,2.6595,0,3,0,0
org_n9j2qp89,2025-08-07,networking,3.6606,353.0,0.5547,29.0461,6,0,0
org_n9j2qp89,2025-08-07,storage,2.1666,113.0,2.0063,14.0147,3,0,0
org_n9j2qp89,2025-08-08,analytics,17.0180,257.0,2.5307,0,3,0,0
org_n9j2qp89,2025-08-08,compute,38.0704,473.0,0,7.2591,6,0,0
org_n9j2qp89,2025-08-08,genai,21.2875,124.0,2.7894,26.2932,3,0,0
org_n9j2qp89,2025-08-08,networking,2.2371,240.0,3.8707,0,6,1,0
org_n9j2qp89,2025-08-08,storage,4.4172,269.0,0.2498,0,3,0,0
org_n9j2qp89,2025-08-09,compute,2.7597,0,4.485,33.2069,3,0,0
org_n9j2qp89,2025-08-09,networking,3.6995,381.0,4.9943,25.6327,6,0,0
org_n9j2qp89,2025-08-09,storage,4.3888,239.0,0.9438,0,3,0,0
org_n9j2qp89,2025-08-10,compute,50.8960,597.0,0,17.5123,6,0,0
org_n9j2qp89,2025-08-10,genai,0.8538,0,1.9286,5.624,3,0,0
org_n9j2qp89,2025-08-10,networking,1.1718,110.0,1.1783,15.7305,3,0,0
org_n9j2qp89,2025-08-10,storage,2.2481,96.0,1.0727,18.6198,3,0,0
org_n9j2qp89,2025-08-11,genai,3.5844,0,0,28.1594,3,0,0
org_n9j2qp89,2025-08-11,networking,1.6003,130.0,3.9073,0,3,0,0
org_n9j2qp89,2025-08-12,compute,0.6260,0,7.4473,0,3,0,0
org_n9j2qp89,2025-08-12,genai,34.9940,250.0,0,6.2836,3,0,0
org_n9j2qp89,2025-08-12,networking,3.8938,392.0,0,0,3,0,0
org_n9j2qp89,2025-08-12,storage,4.7131,211.0,0,12.6099,3,0,0
org_n9j2qp89,2025-08-13,genai,14.2095,111.0,1.5739,5.7864,3,0,1
org_n9j2qp89,2025-08-13,networking,3.6897,349.0,0.0,34.1970,6,0,0
org_n9j2qp89,2025-08-13,storage,2.2402,106.0,2.1341,2.9975,3,0,0
org_n9j2qp89,2025-08-14,analytics,7.7996,129.0,3.3721,7.2041,3,0,0
org_n9j2qp89,2025-08-14,compute,32.5266,399.0,0,0,3,0,0
org_n9j2qp89,2025-08-14,genai,15.4686,118.0,0.0,18.4398,3,0,0
org_n9j2qp89,2025-08-14,storage,6.0617,247.0,0,16.2945,3,0,0
org_n9j2qp89,2025-08-15,compute,17.9866,238.0,3.9873,0,3,0,0
org_n9j2qp89,2025-08-15,networking,3.1030,258.0,3.9964,21.8556,6,0,0
org_n9j2qp89,2025-08-16,analytics,12.2052,128.0,3.9555,12.1216,3,0,0
org_n9j2qp89,2025-08-16,compute,28.3924,343.0,4.0632,0.6762,6,0,0
org_n9j2qp89,2025-08-16,genai,0.7070,0,5.9201,0,3,0,0
org_n9j2qp89,2025-08-16,networking,2.8823,240.0,0.0,0,3,0,0
org_n9j2qp89,2025-08-17,compute,18.3308,234.0,0,2.9425,3,0,0
org_n9j2qp89,2025-08-17,genai,18.4531,134.0,0.989,0.0,3,0,0
org_n9j2qp89,2025-08-17,networking,2.1057,252.0,6.5331,2.2479,6,0,0
org_n9j2qp89,2025-08-17,storage,2.4533,116.0,1.0456,12.7573,3,0,0
org_n9j2qp89,2025-08-18,analytics,9.3029,101.0,0.2258,18.5923,3,0,0
org_n9j2qp89,2025-08-18,compute,34.9689,489.0,0.6558,0.0,6,0,0
org_n9j2qp89,2025-08-18,genai,14.4176,118.0,3.5628,16.3556,3,0,0
org_n9j2qp89,2025-08-18,storage,2.8426,126.0,0.9915,2.433,3,0,0
org_n9j2qp89,2025-08-19,compute,30.1603,349.0,0,12.9149,6,1,0
org_n9j2qp89,2025-08-19,networking,1.2169,103.0,4.0392,14.4605,3,0,0
org_n9j2qp89,2025-08-19,storage,5.2758,220.0,0,13.3188,3,0,0
org_n9j2qp89,2025-08-20,analytics,17.4139,227.0,0,6.852,3,0,0
org_n9j2qp89,2025-08-20,genai,30.5106,227.0,0,5.6047,3,0,0
org_n9j2qp89,2025-08-21,analytics,13.9999,235.0,0,9.1991,3,0,0
org_n9j2qp89,2025-08-21,compute,22.3278,231.0,1.2441,33.9109,6,0,0
org_n9j2qp89,2025-08-21,genai,13.8988,102.0,2.7055,10.1977,3,0,0
org_n9j2qp89,2025-08-21,networking,2.5174,248.0,0,27.6658,6,0,0
org_n9j2qp89,2025-08-22,compute,1.5390,227.0,1.7661,14.0257,6,0,1
org_n9j2qp89,2025-08-22,genai,19.8205,127.0,0.718,0.0,3,0,0
org_n9j2qp89,2025-08-22,networking,2.8003,237.0,0,23.2733,3,0,0
org_n9j2qp89,2025-08-22,storage,2.7095,131.0,5.8056,5.2403,3,0,0
org_n9j2qp89,2025-08-23,analytics,7.7490,109.0,1.1852,11.5155,3,0,0
org_n9j2qp89,2025-08-23,compute,11.3485,131.0,0,10.2210,3,0,0
org_n9j2qp89,2025-08-23,genai,1.7301,0,5.0585,11.4503,3,0,0
org_n9j2qp89,2025-08-23,networking,2.4298,238.0,2.6477,0,3,0,0
org_n9j2qp89,2025-08-23,storage,4.1761,204.0,4.1395,0,3,0,0
org_n9j2qp89,2025-08-24,analytics,1.1893,231.0,3.7563,0,3,0,1
org_n9j2qp89,2025-08-24,compute,49.9141,622.0,3.3767,0,6,0,0
org_n9j2qp89,2025-08-24,genai,32.0310,266.0,2.3867,0,3,0,0
org_n9j2qp89,2025-08-24,networking,4.6825,461.0,1.9914,0,6,0,0
org_n9j2qp89,2025-08-24,storage,0.5775,0,4.5809,22.872,3,0,0
org_n9j2qp89,2025-08-25,analytics,0.2683,0,4.2166,0,3,0,0
org_n9j2qp89,2025-08-25,networking,2.4261,246.0,0.4909,0,3,0,0
org_n9j2qp89,2025-08-25,storage,1.9766,129.0,3.2797,0,3,0,0
org_n9j2qp89,2025-08-26,analytics,9.6090,129.0,4.4153,6.9429,3,0,0
org_n9j2qp89,2025-08-26,compute,9.1347,118.0,2.1782,7.8697,3,0,0
org_n9j2qp89,2025-08-26,networking,1.8655,0,0,67.4615,6,1,0
org_n9j2qp89,2025-08-27,compute,9.3264,0,2.9791,0,3,1,0
org_n9j2qp89,2025-08-27,networking,5.5263,498.0,0,27.4683,6,0,0
org_n9j2qp89,2025-08-27,storage,2.7568,118.0,0,21.8401,3,0,0
org_n9j2qp89,2025-08-28,networking,5.0240,507.0,4.233,26.915,6,0,0
org_n9j2qp89,2025-08-28,storage,0.6520,0,2.2697,27.5315,3,0,0
org_n9j2qp89,2025-08-29,analytics,16.4649,239.0,6.0917,0,3,0,0
org_n9j2qp89,2025-08-29,compute,17.4650,223.0,0,19.0839,3,0,0
org_n9j2qp89,2025-08-29,genai,25.4246,245.0,3.5833,0,3,0,0
org_n9j2qp89,2025-08-29,networking,2.6357,238.0,11.5954,13.5428,6,0,0
org_n9j2qp89,2025-08-30,analytics,8.7728,116.0,1.2697,3.7408,3,0,0
org_n9j2qp89,2025-08-30,compute,22.9985,243.0,0.7582,11.1362,6,0,0
org_n9j2qp89,2025-08-30,genai,0.6407,0,3.2066,0,3,1,0
org_n9j2qp89,2025-08-30,networking,3.3595,252.0,0,78.0502,6,0,0
org_n9j2qp89,2025-08-30,storage,6.7733,373.0,0,0,3,0,0
org_n9j2qp89,2025-08-31,compute,38.7134,496.0,3.8006,9.2923,6,0,0
org_n9j2qp89,2025-08-31,genai,16.9742,129.0,1.5325,9.4786,3,0,0
org_n9j2qp89,2025-08-31,networking,1.0876,143.0,0.0,9.527,3,0,0
org_nam148p0,2025-07-03,compute,39.3858,496.0,0,11.5393,6,1,0
org_nam148p0,2025-07-03,database,13.2816,255.0,0,13.1247,3,0,0
org_nam148p0,2025-07-03,storage,12.2625,613.0,2.4233,17.3983,9,0,0
org_nam148p0,2025-07-04,compute,29.6566,386.0,7.7780,0,6,0,0
org_nam148p0,2025-07-04,database,15.9665,366.0,0,0,3,0,0
org_nam148p0,2025-07-04,storage,14.2076,616.0,5.3089,39.2756,9,0,0
org_nam148p0,2025-07-05,compute,33.7603,373.0,0,0,3,0,0
org_nam148p0,2025-07-05,database,7.2274,133.0,2.7919,0,3,0,0
org_nam148p0,2025-07-05,networking,1.0575,114.0,3.3857,3.3285,3,0,0
org_nam148p0,2025-07-05,storage,15.8748,742.0,1.591,34.5038,9,0,0
org_nam148p0,2025-07-06,networking,2.1469,245.0,2.3848,0,3,0,0
org_nam148p0,2025-07-06,storage,13.5144,356.0,0.6011,69.7800,12,2,0
org_nam148p0,2025-07-07,compute,21.1279,248.0,4.1915,7.2464,6,0,0
org_nam148p0,2025-07-07,database,7.5301,128.0,0,23.6924,3,0,0
org_nam148p0,2025-07-07,storage,3.0272,0,2.2236,23.3328,6,1,0
org_nam148p0,2025-07-08,compute,22.5377,256.0,2.6810,5.8623,6,0,0
org_nam148p0,2025-07-08,storage,0.1734,0,9.6154,0,3,0,0
org_nam148p0,2025-07-09,compute,30.2206,357.0,0.4298,36.5165,6,0,0
org_nam148p0,2025-07-09,database,7.1333,127.0,0,19.0384,3,0,0
org_nam148p0,2025-07-09,networking,1.3297,115.0,1.5841,11.5697,3,0,0
org_nam148p0,2025-07-09,storage,11.5101,487.0,0,27.5414,6,0,0
org_nam148p0,2025-07-10,database,6.4803,142.0,0,0.0,3,1,0
org_nam148p0,2025-07-11,compute,8.4017,110.0,0.0,10.3324,3,0,0
org_nam148p0,2025-07-11,networking,0.0877,0,0.0,10.9544,3,0,0
org_nam148p0,2025-07-11,storage,6.6067,372.0,4.0129,5.5119,6,0,0
org_nam148p0,2025-07-12,compute,15.0223,243.0,2.0926,0,3,0,0
org_nam148p0,2025-07-12,networking,0.1181,0,1.9755,9.4521,3,0,0
org_nam148p0,2025-07-12,storage,7.7424,382.0,6.7454,3.9081,9,0,0
org_nam148p0,2025-07-13,compute,19.8953,216.0,9.9621,7.4993,6,0,0
org_nam148p0,2025-07-13,networking,2.7325,260.0,2.0025,0,3,0,0
org_nam148p0,2025-07-13,storage,5.3458,224.0,8.3702,2.8844,6,0,0
org_nam148p0,2025-07-14,compute,24.3028,346.0,0,0,3,0,0
org_nam148p0,2025-07-14,database,5.8518,128.0,2.6348,5.0332,3,0,0
org_nam148p0,2025-07-14,networking,0.1857,0,0.0,15.1497,3,1,0
org_nam148p0,2025-07-14,storage,0.7345,0,0,30.5578,3,1,0
org_nam148p0,2025-07-15,compute,8.9372,121.0,2.4791,0.0,3,0,0
org_nam148p0,2025-07-15,networking,0.2818,0,0,30.4261,3,0,0
org_nam148p0,2025-07-15,storage,2.6668,119.0,6.7735,11.2466,6,0,0
org_nam148p0,2025-07-16,compute,27.2536,427.0,0.9603,0,6,1,1
org_nam148p0,2025-07-16,database,4.2884,107.0,0,12.079,3,0,0
org_nam148p0,2025-07-16,networking,2.0478,240.0,0,3.631,3,0,0
org_nam148p0,2025-07-16,storage,7.6830,369.0,2.0664,1.3147,6,0,0
org_nam148p0,2025-07-17,compute,32.2552,260.0,0,0,3,1,0
org_nam148p0,2025-07-17,database,16.1180,334.0,0,0,3,0,0
org_nam148p0,2025-07-17,storage,8.2576,323.0,8.5500,17.7879,9,0,0
org_nam148p0,2025-07-18,compute,1.3713,0,1.2859,4.9194,3,1,0
org_nam148p0,2025-07-18,networking,2.5605,243.0,0,10.2628,3,0,0
org_nam148p0,2025-07-18,storage,9.4992,451.0,3.3942,7.8988,9,0,0
org_nam148p0,2025-07-19,compute,28.4545,363.0,0,0,3,0,0
org_nam148p0,2025-07-19,database,6.3812,127.0,1.0829,5.8649,3,0,0
org_nam148p0,2025-07-19,networking,0.3931,0,0,35.8027,3,0,0
org_nam148p0,2025-07-19,storage,11.3845,498.0,3.7495,43.6858,9,0,0
org_nam148p0,2025-07-20,compute,22.8323,256.0,0,12.4159,3,0,0
org_nam148p0,2025-07-20,database,13.0530,243.0,0,15.6229,3,0,0
org_nam148p0,2025-07-20,storage,5.7145,252.0,1.2611,0,3,0,0
org_nam148p0,2025-07-21,compute,13.8714,130.0,0.8268,0.0,3,0,0
org_nam148p0,2025-07-21,networking,2.0937,233.0,0,7.0227,3,0,0
org_nam148p0,2025-07-21,storage,2.3706,100.0,5.3505,0,3,0,0
org_nam148p0,2025-07-22,networking,1.0831,117.0,0.6595,11.7459,3,0,0
org_nam148p0,2025-07-22,storage,16.8250,722.0,1.5706,74.0131,12,0,0
org_nam148p0,2025-07-23,database,5.3005,125.0,0,12.685,3,0,0
org_nam148p0,2025-07-23,networking,1.2357,98.0,0,0.3535,3,0,0
org_nam148p0,2025-07-23,storage,12.5337,867.0,0.0,15.3392,12,0,1
org_nam148p0,2025-07-24,compute,11.4276,131.0,0,17.9444,3,0,0
org_nam148p0,2025-07-24,database,11.9123,224.0,0,10.2729,3,0,0
org_nam148p0,2025-07-24,networking,0.9358,117.0,2.2229,0.0,3,0,0
org_nam148p0,2025-07-24,storage,14.7013,732.0,7.5373,15.2654,12,1,0
org_nam148p0,2025-07-25,compute,9.5358,108.0,3.1163,8.4485,3,0,0
org_nam148p0,2025-07-25,database,12.8001,232.0,0,12.9495,3,0,0
org_nam148p0,2025-07-25,storage,7.4335,354.0,2.2625,0,6,0,0
org_nam148p0,2025-07-26,compute,54.5758,662.0,0,0.0,6,0,0
org_nam148p0,2025-07-26,database,6.2596,0,3.1094,0,3,2,0
org_nam148p0,2025-07-26,networking,1.1083,123.0,1.1848,9.0713,3,0,0
org_nam148p0,2025-07-26,storage,4.5209,225.0,1.1355,0,3,0,0
org_nam148p0,2025-07-27,compute,15.6373,239.0,0.6658,0,3,0,0
org_nam148p0,2025-07-27,database,6.1068,131.0,1.5653,19.7401,3,0,0
org_nam148p0,2025-07-27,storage,4.5145,225.0,7.4534,0,6,1,0
org_nam148p0,2025-07-28,compute,11.1191,119.0,0,29.1512,3,0,0
org_nam148p0,2025-07-28,database,7.4630,105.0,0,37.9627,3,0,0
org_nam148p0,2025-07-28,networking,1.3915,115.0,3.5631,12.6536,3,0,0
org_nam148p0,2025-07-28,storage,0.2744,0,4.3894,11.0765,6,0,0
org_nam148p0,2025-07-29,compute,37.5277,501.0,0.0,0.0,6,0,0
org_nam148p0,2025-07-29,networking,1.1922,129.0,3.9997,7.7319,3,0,0
org_nam148p0,2025-07-29,storage,8.2466,265.0,0,40.6183,6,1,0
org_nam148p0,2025-07-30,compute,25.6901,329.0,0.0,19.8787,6,0,0
org_nam148p0,2025-07-30,database,12.7577,260.0,0,23.5008,3,0,0
org_nam148p0,2025-07-30,storage,14.9232,631.0,0,48.5920,9,0,0
org_nam148p0,2025-07-31,compute,12.3725,114.0,3.6000,26.2387,6,0,0
org_nam148p0,2025-07-31,database,6.2440,119.0,0,26.6218,3,0,0
org_nam148p0,2025-07-31,networking,3.5860,352.0,0,0,3,0,0
org_nam148p0,2025-08-01,compute,21.5443,233.0,0,11.604,3,0,0
org_nam148p0,2025-08-01,networking,1.5538,120.0,0,14.6517,3,0,0
org_nam148p0,2025-08-01,storage,11.2083,449.0,3.7396,13.7283,6,0,0
org_nam148p0,2025-08-02,compute,9.8692,129.0,2.6073,18.6555,3,0,0
org_nam148p0,2025-08-02,database,6.4570,116.0,0.4142,15.5864,3,0,0
org_nam148p0,2025-08-02,networking,2.3232,121.0,2.4771,0,3,1,0
org_nam148p0,2025-08-02,storage,4.1782,212.0,16.1480,7.9535,9,0,1
org_nam148p0,2025-08-03,compute,22.0910,258.0,0,11.9913,3,0,0
org_nam148p0,2025-08-03,database,0.7800,0,7.2882,10.5465,3,0,0
org_nam148p0,2025-08-03,networking,2.4201,256.0,0.1781,0,3,0,0
org_nam148p0,2025-08-03,storage,2.9686,138.0,3.9638,0,3,0,0
org_nam148p0,2025-08-04,compute,19.7063,221.0,0,37.3227,6,0,0
org_nam148p0,2025-08-04,storage,15.6580,718.0,0.6765,12.0363,9,1,0
org_nam148p0,2025-08-05,compute,19.8346,117.0,1.2454,20.6573,6,1,0
org_nam148p0,2025-08-05,database,12.0748,235.0,4.6929,0,3,0,0
org_nam148p0,2025-08-05,networking,0.1601,0,0,12.8189,3,0,0
org_nam148p0,2025-08-05,storage,4.9774,232.0,0,31.2245,6,0,0
org_nam148p0,2025-08-06,database,5.8574,123.0,0,10.2937,3,0,0
org_nam148p0,2025-08-06,networking,3.1001,267.0,3.936,0,3,0,0
org_nam148p0,2025-08-06,storage,10.3351,499.0,3.2172,0,6,0,0
org_nam148p0,2025-08-07,compute,7.8826,116.0,0,0.0,3,1,0
org_nam148p0,2025-08-07,database,4.5779,109.0,3.1638,2.7169,3,0,0
org_nam148p0,2025-08-07,storage,8.0225,380.0,6.4165,40.8680,9,0,0
org_nam148p0,2025-08-08,compute,27.9829,334.0,0,0,3,0,0
org_nam148p0,2025-08-08,database,7.2306,128.0,0,12.5679,3,0,0
org_nam148p0,2025-08-08,networking,1.3128,115.0,7.2172,0,3,0,0
org_nam148p0,2025-08-08,storage,18.7440,689.0,7.2130,0.0,12,2,0
org_nam148p0,2025-08-09,compute,2.1585,0,0.232,30.3087,3,0,0
org_nam148p0,2025-08-09,networking,1.2329,126.0,1.8998,12.7374,3,0,0
org_nam148p0,2025-08-09,storage,5.5807,254.0,3.0104,14.9192,6,0,0
org_nam148p0,2025-08-10,compute,29.6483,351.0,2.534,14.3511,6,0,0
org_nam148p0,2025-08-10,storage,9.9089,467.0,3.4444,0,6,0,0
org_nam148p0,2025-08-11,compute,18.5494,246.0,1.8713,0,3,0,0
org_nam148p0,2025-08-11,database,15.9160,368.0,0,0,3,0,0
org_nam148p0,2025-08-11,networking,1.9012,213.0,0,0.8985,3,0,0
org_nam148p0,2025-08-12,compute,9.0835,105.0,2.4152,6.1237,3,0,0
org_nam148p0,2025-08-12,networking,1.5609,128.0,1.1425,5.9799,3,0,0
org_nam148p0,2025-08-12,storage,12.2067,581.0,9.8040,40.1221,12,0,0
org_nam148p0,2025-08-13,compute,37.6722,451.0,5.5643,0,6,0,0
org_nam148p0,2025-08-13,storage,9.5083,460.0,5.4249,25.8020,9,0,0
org_nam148p0,2025-08-14,networking,1.3564,118.0,2.135,1.9774,3,0,0
org_nam148p0,2025-08-14,storage,9.5019,517.0,1.3055,12.3029,6,0,0
org_nam148p0,2025-08-15,compute,22.5335,262.0,4.1711,37.8956,6,0,0
org_nam148p0,2025-08-15,networking,2.9134,254.0,0.0336,0,3,0,0
org_nam148p0,2025-08-15,storage,5.5728,241.0,1.6196,34.9033,6,0,0
org_nam148p0,2025-08-16,compute,2.2691,0,1.4013,28.2618,3,0,0
org_nam148p0,2025-08-16,database,2.1438,0,0,38.3247,3,0,0
org_nam148p0,2025-08-16,storage,10.3214,377.0,3.137,2.7191,6,1,0
org_nam148p0,2025-08-17,compute,13.8173,136.0,2.7371,12.2331,3,0,0
org_nam148p0,2025-08-17,database,11.5473,226.0,0,23.3023,3,0,0
org_nam148p0,2025-08-17,networking,1.0746,130.0,0.92,18.3639,3,0,0
org_nam148p0,2025-08-17,storage,7.1187,351.0,4.7479,12.1527,6,0,0
org_nam148p0,2025-08-18,compute,12.3360,119.0,0,23.4686,3,0,0
org_nam148p0,2025-08-18,storage,21.7530,992.0,1.9643,21.9709,12,0,0
org_nam148p0,2025-08-19,compute,21.2897,243.0,3.6675,28.6241,6,1,0
org_nam148p0,2025-08-19,networking,1.0565,118.0,0,12.6863,3,0,0
org_nam148p0,2025-08-19,storage,12.2409,615.0,2.7707,13.0269,9,0,0
org_nam148p0,2025-08-20,compute,20.7128,254.0,0.2298,7.4498,6,1,0
org_nam148p0,2025-08-20,database,12.9904,247.0,2.9645,0,3,0,0
org_nam148p0,2025-08-20,storage,7.5017,104.0,2.1453,10.3756,6,2,0
org_nam148p0,2025-08-21,compute,29.3606,349.0,0.0,13.0547,6,0,0
org_nam148p0,2025-08-21,networking,2.9232,341.0,0,0,3,0,0
org_nam148p0,2025-08-21,storage,4.7061,208.0,1.9837,35.8908,6,0,0
org_nam148p0,2025-08-22,storage,7.7340,331.0,4.7073,53.2814,9,1,0
org_nam148p0,2025-08-23,compute,12.7038,143.0,0.0,8.4437,3,0,0
org_nam148p0,2025-08-23,networking,4.1194,355.0,0,0,3,0,0
org_nam148p0,2025-08-23,storage,9.7287,489.0,2.7578,43.0943,9,0,0
org_nam148p0,2025-08-24,networking,1.2159,108.0,6.2292,0,3,0,0
org_nam148p0,2025-08-24,storage,11.8509,572.0,2.5081,33.9446,9,0,0
org_nam148p0,2025-08-25,compute,29.4505,371.0,0,0,3,0,0
org_nam148p0,2025-08-25,storage,7.5991,353.0,0.0839,10.7748,6,1,0
org_nam148p0,2025-08-26,compute,2.1090,0,1.7272,20.8697,3,0,0
org_nam148p0,2025-08-26,networking,1.1839,109.0,0,25.0599,3,0,0
org_nam148p0,2025-08-26,storage,11.5459,573.0,8.9152,12.1844,12,0,0
org_nam148p0,2025-08-27,compute,25.5632,327.0,6.8433,3.9976,6,0,0
org_nam148p0,2025-08-27,database,0.6996,0,0,31.2513,3,0,1
org_nam148p0,2025-08-27,networking,3.1020,346.0,0,0,3,0,0
org_nam148p0,2025-08-27,storage,5.2837,216.0,0.0496,18.2868,6,0,0
org_nam148p0,2025-08-28,compute,26.2255,268.0,0,19.805,3,0,0
org_nam148p0,2025-08-28,storage,4.8733,233.0,8.5957,8.499,6,0,0
org_nam148p0,2025-08-29,database,5.1634,113.0,0.8673,4.7588,3,0,0
org_nam148p0,2025-08-29,networking,2.1535,220.0,0,0,3,1,0
org_nam148p0,2025-08-29,storage,5.4413,240.0,5.7192,5.4567,6,0,0
org_nam148p0,2025-08-30,compute,58.2786,728.0,0,0,6,0,0
org_nam148p0,2025-08-30,database,13.5669,245.0,0,9.2051,3,0,0
org_nam148p0,2025-08-30,storage,2.3156,111.0,2.3043,0.0,3,0,0
org_nam148p0,2025-08-31,compute,2.7137,0,4.5699,23.2780,3,0,0
org_nam148p0,2025-08-31,networking,0.2265,0,4.7872,16.0794,3,0,0
org_nam148p0,2025-08-31,storage,10.9082,469.0,10.5577,49.1652,12,0,0
org_ofqewaou,2025-07-03,analytics,10.6811,138.0,0,38.8065,3,0,0
org_ofqewaou,2025-07-03,networking,2.9450,188.0,0,0,3,1,0
org_ofqewaou,2025-07-04,analytics,26.1040,369.0,0,44.7819,6,0,0
org_ofqewaou,2025-07-04,networking,1.2458,105.0,0,17.6437,3,0,0
org_ofqewaou,2025-07-05,analytics,11.9610,130.0,4.9775,11.7967,6,0,0
org_ofqewaou,2025-07-05,networking,2.9607,243.0,0,5.6816,3,0,0
org_ofqewaou,2025-07-05,storage,0.8372,0,1.9678,43.2825,3,0,0
org_ofqewaou,2025-07-06,analytics,7.8054,118.0,4.6427,0,3,0,0
org_ofqewaou,2025-07-06,networking,2.1996,236.0,0.0,0,3,0,0
org_ofqewaou,2025-07-07,networking,0.3997,0,1.6894,36.1984,3,0,0
org_ofqewaou,2025-07-07,storage,2.8577,123.0,0.0,0.7349,3,0,0
org_ofqewaou,2025-07-09,analytics,8.3585,121.0,1.9402,0.256,3,0,0
org_ofqewaou,2025-07-09,storage,6.7567,250.0,3.7991,45.1910,6,0,0
org_ofqewaou,2025-07-10,networking,2.2595,208.0,0,23.1488,3,0,0
org_ofqewaou,2025-07-10,storage,7.0069,345.0,1.1253,26.5812,6,0,0
org_ofqewaou,2025-07-11,analytics,32.4323,368.0,0,49.7970,6,0,0
org_ofqewaou,2025-07-11,networking,3.7013,367.0,0,0,3,0,0
org_ofqewaou,2025-07-12,analytics,1.5239,0,0.6969,20.0117,3,0,0
org_ofqewaou,2025-07-12,networking,2.4601,266.0,1.9176,0,3,0,0
org_ofqewaou,2025-07-13,analytics,7.4597,114.0,3.6983,0.0,3,0,0
org_ofqewaou,2025-07-14,analytics,32.9280,488.0,2.6932,0,6,0,0
org_ofqewaou,2025-07-14,networking,0.2666,0,4.9745,20.1193,3,0,0
org_ofqewaou,2025-07-14,storage,2.6629,127.0,0,2.0825,3,0,0
org_ofqewaou,2025-07-15,networking,2.1737,251.0,4.8523,0,3,0,0
org_ofqewaou,2025-07-15,storage,3.1568,105.0,5.4959,0,3,0,0
org_ofqewaou,2025-07-16,analytics,25.9856,376.0,0,0,3,0,0
org_ofqewaou,2025-07-17,analytics,8.1161,110.0,3.0924,5.8451,3,0,0
org_ofqewaou,2025-07-17,networking,1.3289,118.0,4.1341,0,3,0,0
org_ofqewaou,2025-07-17,storage,1.8317,139.0,1.1264,7.1883,3,0,0
org_ofqewaou,2025-07-19,analytics,22.3380,236.0,3.6762,14.2951,6,0,0
org_ofqewaou,2025-07-19,networking,1.2858,120.0,0.0,0.1464,3,0,0
org_ofqewaou,2025-07-19,storage,3.8353,245.0,0,4.4752,3,0,0
org_ofqewaou,2025-07-20,analytics,9.9937,124.0,0,17.6748,3,0,0
org_ofqewaou,2025-07-20,networking,2.6659,263.0,0,9.7632,3,0,0
org_ofqewaou,2025-07-20,storage,3.6599,125.0,0,52.2933,3,0,0
org_ofqewaou,2025-07-21,analytics,33.3002,462.0,2.9186,2.8308,6,0,0
org_ofqewaou,2025-07-21,storage,3.1853,123.0,0.0,10.7387,3,0,0
org_ofqewaou,2025-07-22,analytics,16.5641,239.0,2.4028,0,3,0,0
org_ofqewaou,2025-07-22,networking,2.6417,258.0,1.2511,0,3,0,0
org_ofqewaou,2025-07-22,storage,5.0309,242.0,0,21.5157,3,0,0
org_ofqewaou,2025-07-23,analytics,19.1300,238.0,2.9172,18.3639,6,1,0
org_ofqewaou,2025-07-23,storage,6.9386,360.0,0,0,3,0,0
org_ofqewaou,2025-07-24,analytics,10.7506,125.0,0,28.3474,3,0,0
org_ofqewaou,2025-07-24,networking,0.8833,116.0,3.361,0.8621,3,0,0
org_ofqewaou,2025-07-24,storage,4.7542,226.0,0,0.0,3,0,0
org_ofqewaou,2025-07-25,analytics,41.8972,549.0,0.7373,0,6,0,0
org_ofqewaou,2025-07-25,storage,5.7278,255.0,0,35.5050,6,0,0
org_ofqewaou,2025-07-26,analytics,28.5439,369.0,0,50.4663,6,0,0
org_ofqewaou,2025-07-26,storage,8.1993,383.0,1.7976,16.7922,6,1,0
org_ofqewaou,2025-07-27,analytics,16.1664,237.0,0,15.0928,3,0,0
org_ofqewaou,2025-07-28,analytics,23.0528,376.0,0,0,3,0,0
org_ofqewaou,2025-07-28,storage,5.4569,225.0,2.5284,10.549,6,1,0
org_ofqewaou,2025-07-29,analytics,2.3713,0,0.0,29.8584,3,0,0
org_ofqewaou,2025-07-29,networking,0.9554,125.0,3.8655,8.3341,3,0,0
org_ofqewaou,2025-07-29,storage,3.9414,226.0,0,0.0,3,0,0
org_ofqewaou,2025-07-30,analytics,20.4674,459.0,0,28.8943,6,0,1
org_ofqewaou,2025-07-30,networking,1.4059,128.0,0.8883,0.6076,3,0,0
org_ofqewaou,2025-07-31,analytics,9.0725,115.0,6.7337,10.2219,6,0,0
org_ofqewaou,2025-07-31,storage,0.7686,0,7.4206,27.2962,6,0,0
org_ofqewaou,2025-08-01,storage,10.0374,505.0,2.7009,0.2985,6,0,0
org_ofqewaou,2025-08-02,analytics,13.0118,219.0,1.789,0,3,0,0
org_ofqewaou,2025-08-03,analytics,12.1565,132.0,8.2979,16.9118,6,0,0
org_ofqewaou,2025-08-03,storage,4.5150,199.0,0,11.6688,3,0,0
org_ofqewaou,2025-08-04,storage,4.7529,229.0,4.2646,14.7525,6,0,0
org_ofqewaou,2025-08-05,analytics,31.7529,444.0,3.3766,12.6877,6,0,0
org_ofqewaou,2025-08-05,networking,1.8348,130.0,2.3302,36.7329,3,0,0
org_ofqewaou,2025-08-05,storage,2.7790,112.0,2.6316,9.9902,3,0,0
org_ofqewaou,2025-08-06,analytics,15.2636,219.0,0,14.0592,3,0,0
org_ofqewaou,2025-08-06,networking,1.3408,121.0,2.2927,4.6656,3,0,0
org_ofqewaou,2025-08-06,storage,7.9761,381.0,0.5441,18.9094,6,0,0
org_ofqewaou,2025-08-07,storage,2.7262,107.0,1.5254,20.5487,3,0,0
org_ofqewaou,2025-08-08,analytics,19.9931,244.0,8.3136,12.8633,6,0,0
org_ofqewaou,2025-08-08,networking,2.6871,240.0,0,8.5725,3,0,0
org_ofqewaou,2025-08-08,storage,11.0100,510.0,3.0871,0,6,0,0
org_ofqewaou,2025-08-09,analytics,10.1313,120.0,2.8853,0.0,3,0,0
org_ofqewaou,2025-08-09,storage,0.1328,0,6.6510,1.0769,3,0,0
org_ofqewaou,2025-08-10,storage,3.6587,217.0,0.6425,0,3,0,0
org_ofqewaou,2025-08-11,analytics,43.2083,592.0,4.225,0,6,0,0
org_ofqewaou,2025-08-11,networking,2.3631,247.0,0,3.1262,3,0,0
org_ofqewaou,2025-08-11,storage,8.3931,337.0,2.371,21.0199,6,0,0
org_ofqewaou,2025-08-12,analytics,9.4092,119.0,4.8572,15.0775,3,0,0
org_ofqewaou,2025-08-12,networking,1.6010,123.0,0.4292,1.2462,3,0,0
org_ofqewaou,2025-08-13,analytics,0.7556,0,1.4475,8.5352,3,0,0
org_ofqewaou,2025-08-13,storage,9.7208,474.0,0.9718,8.6798,6,0,0
org_ofqewaou,2025-08-14,networking,0.2508,0,2.5062,22.9213,3,0,0
org_ofqewaou,2025-08-14,storage,2.7768,124.0,5.0946,0,3,0,0
org_ofqewaou,2025-08-15,analytics,0.3371,0,6.5949,0,3,0,0
org_ofqewaou,2025-08-15,storage,6.0897,247.0,3.1781,44.0664,6,0,0
org_ofqewaou,2025-08-16,analytics,27.1011,368.0,0.6265,14.6755,6,0,0
org_ofqewaou,2025-08-16,networking,3.7892,361.0,0,0,3,0,0
org_ofqewaou,2025-08-16,storage,8.2321,384.0,0,8.2197,6,0,0
org_ofqewaou,2025-08-17,analytics,36.5221,492.0,1.5532,12.0539,6,0,0
org_ofqewaou,2025-08-17,networking,2.5314,232.0,2.5162,0,3,0,0
org_ofqewaou,2025-08-17,storage,2.7561,108.0,0.9431,8.8713,3,0,0
org_ofqewaou,2025-08-18,analytics,29.1979,368.0,0,19.9478,6,1,0
org_ofqewaou,2025-08-18,networking,2.6390,263.0,2.7248,0,3,0,0
org_ofqewaou,2025-08-18,storage,2.2214,97.0,1.2491,5.0797,3,0,0
org_ofqewaou,2025-08-19,analytics,53.2028,745.0,0,0,6,0,0
org_ofqewaou,2025-08-19,networking,1.7802,229.0,0,11.8187,3,0,0
org_ofqewaou,2025-08-19,storage,4.0710,234.0,0,8.003,3,0,0
org_ofqewaou,2025-08-20,analytics,35.3868,505.0,0,9.7295,6,0,0
org_ofqewaou,2025-08-20,storage,2.7874,121.0,1.1997,34.1010,6,0,0
org_ofqewaou,2025-08-21,storage,0.3118,0,3.7732,14.88,3,1,0
org_ofqewaou,2025-08-22,networking,1.1867,131.0,0,22.3129,3,0,0
org_ofqewaou,2025-08-22,storage,4.9635,256.0,4.6773,0,3,0,0
org_ofqewaou,2025-08-23,analytics,9.8672,124.0,0,0.2859,3,0,0
org_ofqewaou,2025-08-23,networking,1.5006,132.0,1.1299,22.8357,3,0,0
org_ofqewaou,2025-08-23,storage,3.3022,0,1.9788,0,3,1,0
org_ofqewaou,2025-08-24,analytics,9.7373,125.0,6.1621,11.7799,6,0,0
org_ofqewaou,2025-08-24,storage,0.3873,0,3.8311,14.7106,3,0,0
org_ofqewaou,2025-08-26,analytics,16.4675,239.0,0,8.4003,3,0,0
org_ofqewaou,2025-08-26,networking,0.0601,0,6.0749,0,3,0,0
org_ofqewaou,2025-08-27,analytics,13.7189,231.0,0.2891,0,3,0,0
org_ofqewaou,2025-08-27,storage,6.9930,330.0,4.4925,0,6,0,0
org_ofqewaou,2025-08-28,analytics,9.2375,126.0,0.7463,0,3,0,0
org_ofqewaou,2025-08-28,networking,1.4301,124.0,1.8258,0,3,0,0
org_ofqewaou,2025-08-28,storage,2.5443,121.0,2.7754,9.2042,3,0,0
org_ofqewaou,2025-08-29,analytics,1.0437,0,2.2016,11.7065,3,0,0
org_ofqewaou,2025-08-29,networking,2.6040,233.0,0,9.2439,3,0,0
org_ofqewaou,2025-08-29,storage,7.3181,367.0,0.3871,0,6,1,0
org_ofqewaou,2025-08-30,analytics,27.6405,357.0,2.3021,41.2319,6,0,0
org_ofqewaou,2025-08-30,networking,1.0722,113.0,0,2.3873,3,1,0
org_ofqewaou,2025-08-30,storage,5.4095,267.0,4.8223,33.0772,6,0,0
org_ofqewaou,2025-08-31,networking,1.0457,123.0,4.9082,0,3,0,0
org_ofqewaou,2025-08-31,storage,8.2877,438.0,1.9949,6.3064,6,0,0
org_ohp6vz41,2025-07-03,database,5.3094,102.0,4.6077,0,3,0,0
org_ohp6vz41,2025-07-06,database,11.2736,219.0,0,14.0322,3,0,0
org_ohp6vz41,2025-07-07,database,0.8775,0,4.4649,10.2118,3,0,0
org_ohp6vz41,2025-07-08,database,11.3075,214.0,0.0,0,3,0,0
org_ohp6vz41,2025-07-09,database,11.2029,235.0,3.9157,0,3,0,0
org_ohp6vz41,2025-07-11,database,10.5888,214.0,0,0,3,1,0
org_ohp6vz41,2025-07-12,database,12.4660,228.0,0,5.1543,3,0,0
org_ohp6vz41,2025-07-13,database,5.0013,92.0,1.4562,14.1529,3,0,0
org_ohp6vz41,2025-07-14,database,11.8636,229.0,3.4434,0,3,0,0
org_ohp6vz41,2025-07-16,database,9.1773,128.0,2.2155,12.5893,3,0,0
org_ohp6vz41,2025-07-17,database,6.2585,119.0,1.1939,22.2308,3,0,0
org_ohp6vz41,2025-07-18,database,0.0,0,0.0,0.0,3,0,0
org_ohp6vz41,2025-07-19,database,11.6665,242.0,2.9396,0,3,0,0
org_ohp6vz41,2025-07-21,database,11.9303,225.0,0,17.6019,3,0,0
org_ohp6vz41,2025-07-24,database,11.8516,235.0,1.1176,0,3,0,0
org_ohp6vz41,2025-07-26,database,5.7549,111.0,1.5736,6.2486,3,0,0
org_ohp6vz41,2025-07-27,database,0.6825,0,5.1006,9.4464,3,0,0
org_ohp6vz41,2025-07-29,database,12.8686,243.0,0,0.0,3,0,0
org_ohp6vz41,2025-07-30,database,12.3034,232.0,2.1489,0,3,0,0
org_ohp6vz41,2025-08-02,database,7.4367,131.0,0.0,5.104,3,0,0
org_ohp6vz41,2025-08-03,database,13.9059,116.0,4.5927,0,3,1,0
org_ohp6vz41,2025-08-06,database,15.1041,243.0,2.0059,0,3,0,0
org_ohp6vz41,2025-08-07,database,0.3430,0,7.4338,0,3,0,0
org_ohp6vz41,2025-08-10,database,5.4274,100.0,2.5529,7.4675,3,0,0
org_ohp6vz41,2025-08-12,database,20.9147,407.0,0,0,3,0,0
org_ohp6vz41,2025-08-13,database,4.5233,134.0,4.1408,0,3,0,0
org_ohp6vz41,2025-08-15,database,12.7124,256.0,3.2199,0,3,0,0
org_ohp6vz41,2025-08-17,database,1.3526,0,4.8163,20.8904,3,0,0
org_ohp6vz41,2025-08-18,database,1.7700,0,0.8234,35.1256,3,0,0
org_ohp6vz41,2025-08-20,database,6.0568,105.0,1.5068,8.5999,3,0,0
org_ohp6vz41,2025-08-21,database,10.1911,241.0,0,7.6411,3,0,0
org_ohp6vz41,2025-08-22,database,0.9026,0,5.6299,12.9028,3,0,0
org_ohp6vz41,2025-08-23,database,15.5850,258.0,0,0,3,1,0
org_ohp6vz41,2025-08-24,database,0.9219,0,2.3901,15.1248,3,0,0
org_ohp6vz41,2025-08-25,database,6.8149,119.0,0.4152,10.4719,3,0,0
org_ohp6vz41,2025-08-27,database,6.0521,104.0,5.4845,10.4021,3,0,0
org_ohp6vz41,2025-08-28,database,7.6242,131.0,2.4424,11.4277,3,0,0
org_ohp6vz41,2025-08-29,database,6.7550,113.0,0.0,6.8041,3,0,0
org_ohp6vz41,2025-08-30,database,12.2603,241.0,3.1571,0,3,0,0
org_okep7y6w,2025-07-03,compute,202.6460,108.0,0,5.0556,3,1,0
org_okep7y6w,2025-07-03,genai,0.6457,0,7.0989,0,3,0,0
org_okep7y6w,2025-07-03,networking,2.3810,230.0,0,5.5184,3,0,0
org_okep7y6w,2025-07-03,storage,3.9504,233.0,2.5985,0,3,0,0
org_okep7y6w,2025-07-04,database,1.1923,0,0,21.8154,3,0,0
org_okep7y6w,2025-07-04,genai,21.8026,116.0,0,38.0941,3,0,0
org_okep7y6w,2025-07-04,networking,1.6172,123.0,5.8873,23.9212,6,1,0
org_okep7y6w,2025-07-04,storage,2.3808,110.0,4.2830,27.0380,6,0,0
org_okep7y6w,2025-07-05,database,13.6746,246.0,0,0.0563,3,0,0
org_okep7y6w,2025-07-05,genai,46.1866,376.0,0,0,3,0,0
org_okep7y6w,2025-07-05,networking,4.8944,480.0,5.0573,0,6,0,0
org_okep7y6w,2025-07-05,storage,3.0850,124.0,3.4245,56.0377,6,0,0
org_okep7y6w,2025-07-06,genai,5.4347,0,1.3911,38.8239,3,0,0
org_okep7y6w,2025-07-06,networking,1.0770,116.0,3.8415,15.5553,3,0,0
org_okep7y6w,2025-07-06,storage,16.2814,760.0,0.6489,28.8371,9,0,0
org_okep7y6w,2025-07-07,database,7.4017,127.0,2.8674,9.3068,3,0,0
org_okep7y6w,2025-07-07,genai,16.1743,136.0,2.7656,13.8805,3,0,0
org_okep7y6w,2025-07-07,networking,4.5163,367.0,3.5647,12.2605,6,0,0
org_okep7y6w,2025-07-07,storage,3.7217,0,3.9054,6.7816,3,1,0
org_okep7y6w,2025-07-08,compute,1.7308,0,1.3304,20.1703,3,0,0
org_okep7y6w,2025-07-08,genai,16.1363,113.0,3.5888,0,3,0,0
org_okep7y6w,2025-07-08,networking,1.1171,118.0,0.0,6.9075,3,0,0
org_okep7y6w,2025-07-08,storage,4.6983,251.0,1.2303,0,3,0,0
org_okep7y6w,2025-07-09,compute,25.8616,349.0,0,0,3,0,0
org_okep7y6w,2025-07-09,genai,43.3966,373.0,0,0,3,0,0
org_okep7y6w,2025-07-09,networking,3.1889,256.0,0,0.0,3,0,0
org_okep7y6w,2025-07-09,storage,2.0489,110.0,1.2459,7.7755,3,0,0
org_okep7y6w,2025-07-10,genai,11.3037,92.0,1.7972,10.9536,3,0,0
org_okep7y6w,2025-07-10,networking,1.2303,108.0,0,10.2215,3,0,0
org_okep7y6w,2025-07-10,storage,7.6628,346.0,4.4293,24.0403,9,0,0
org_okep7y6w,2025-07-11,compute,19.4836,237.0,2.59,0,3,0,0
org_okep7y6w,2025-07-11,networking,1.4386,123.0,0,5.2383,3,1,0
org_okep7y6w,2025-07-11,storage,10.7146,463.0,4.6114,8.0179,9,0,0
org_okep7y6w,2025-07-12,compute,10.9976,117.0,5.2524,0,3,0,0
org_okep7y6w,2025-07-12,database,8.1056,126.0,0,19.1412,3,0,0
org_okep7y6w,2025-07-12,genai,12.6069,105.0,5.6881,0.0,3,0,0
org_okep7y6w,2025-07-12,networking,4.8092,495.0,0,22.8639,6,0,0
org_okep7y6w,2025-07-12,storage,2.0478,124.0,0,11.6368,3,0,0
org_okep7y6w,2025-07-13,database,5.5977,120.0,0.4226,9.1064,3,0,0
org_okep7y6w,2025-07-13,networking,0.1491,0,5.3923,9.9247,3,0,0
org_okep7y6w,2025-07-13,storage,6.7178,346.0,0.9197,22.2716,6,0,0
org_okep7y6w,2025-07-14,compute,11.2716,140.0,0.9435,2.5116,3,0,0
org_okep7y6w,2025-07-14,database,5.9172,137.0,4.4494,0,3,0,0
org_okep7y6w,2025-07-14,networking,3.4770,374.0,0,0,3,0,0
org_okep7y6w,2025-07-14,storage,5.7676,243.0,2.1553,0,3,0,0
org_okep7y6w,2025-07-15,compute,13.2568,135.0,6.3725,15.9087,3,0,0
org_okep7y6w,2025-07-15,database,6.6958,132.0,3.9133,0,3,0,0
org_okep7y6w,2025-07-15,networking,4.1327,379.0,0.5219,12.4714,6,0,0
org_okep7y6w,2025-07-15,storage,11.5210,496.0,0,10.6129,6,0,0
org_okep7y6w,2025-07-16,compute,19.9598,241.0,2.5865,0,3,0,0
org_okep7y6w,2025-07-16,database,7.9828,136.0,0.0,6.0766,3,0,0
org_okep7y6w,2025-07-16,networking,4.6302,338.0,0,0.0,6,1,0
org_okep7y6w,2025-07-16,storage,5.3008,225.0,4.5228,19.3019,6,0,0
org_okep7y6w,2025-07-17,genai,20.6336,126.0,1.6985,26.9518,3,0,0
org_okep7y6w,2025-07-17,networking,1.0032,111.0,5.1518,0,3,0,0
org_okep7y6w,2025-07-17,storage,9.7061,448.0,5.6233,32.9940,9,0,0
org_okep7y6w,2025-07-18,compute,26.6120,333.0,0,0,3,0,0
org_okep7y6w,2025-07-18,database,12.2909,218.0,0,22.4671,3,0,0
org_okep7y6w,2025-07-18,networking,2.2261,242.0,2.4918,0,3,0,0
org_okep7y6w,2025-07-18,storage,0.2736,0,3.6802,7.5155,3,0,0
org_okep7y6w,2025-07-19,database,11.3463,219.0,0,12.9936,3,0,0
org_okep7y6w,2025-07-19,genai,19.8166,111.0,4.7265,8.3783,3,0,0
org_okep7y6w,2025-07-19,networking,4.1758,364.0,2.2483,9.7293,6,0,0
org_okep7y6w,2025-07-19,storage,5.9395,274.0,0,21.5635,3,0,0
org_okep7y6w,2025-07-20,genai,26.6254,242.0,0,8.4812,3,0,0
org_okep7y6w,2025-07-20,storage,8.6952,362.0,0.8752,16.9224,9,1,0
org_okep7y6w,2025-07-21,compute,0.4295,0,5.6135,0,3,0,0
org_okep7y6w,2025-07-21,networking,4.4332,453.0,5.0925,0,6,0,0
org_okep7y6w,2025-07-21,storage,11.7857,595.0,0.6455,25.2854,9,0,0
org_okep7y6w,2025-07-22,compute,10.6326,110.0,0.0,19.5639,3,0,0
org_okep7y6w,2025-07-22,database,6.7326,124.0,1.763,23.5211,3,0,0
org_okep7y6w,2025-07-22,genai,4.3785,0,3.509,30.1980,3,0,0
org_okep7y6w,2025-07-22,networking,0.292,0,0.0,27.9450,3,0,0
org_okep7y6w,2025-07-22,storage,11.7367,579.0,0,11.7173,6,0,0
org_okep7y6w,2025-07-23,genai,17.0701,125.0,5.6024,6.9451,3,0,0
org_okep7y6w,2025-07-23,networking,3.1928,370.0,2.763,10.6337,6,0,0
org_okep7y6w,2025-07-23,storage,6.1584,256.0,1.9018,67.9472,9,0,0
org_okep7y6w,2025-07-24,compute,10.8326,112.0,0.7866,8.5288,3,0,0
org_okep7y6w,2025-07-24,genai,0.2418,0,1.7057,0.7038,3,0,0
org_okep7y6w,2025-07-24,networking,1.6434,131.0,8.8762,12.462,6,0,0
org_okep7y6w,2025-07-24,storage,4.1147,211.0,1.0011,0,3,0,0
org_okep7y6w,2025-07-25,compute,11.5487,136.0,2.0107,20.3752,3,0,0
org_okep7y6w,2025-07-25,database,0.3314,0,0.0,5.6593,3,1,0
org_okep7y6w,2025-07-25,genai,10.8048,90.0,3.2891,0,3,0,0
org_okep7y6w,2025-07-25,networking,1.8567,137.0,0,7.8989,3,0,0
org_okep7y6w,2025-07-25,storage,6.7817,235.0,0,71.6383,6,0,0
org_okep7y6w,2025-07-26,compute,10.2068,111.0,0,21.4011,3,0,0
org_okep7y6w,2025-07-26,genai,50.4924,371.0,0,0,3,0,0
org_okep7y6w,2025-07-26,storage,0.1164,0,3.0953,4.0565,3,0,0
org_okep7y6w,2025-07-27,compute,11.0146,0,0,20.7745,3,1,0
org_okep7y6w,2025-07-27,database,8.2933,121.0,0.0,20.1067,3,0,0
org_okep7y6w,2025-07-27,networking,1.3717,104.0,0,39.4643,6,0,0
org_okep7y6w,2025-07-27,storage,4.2984,132.0,0.8651,48.1814,6,0,0
org_okep7y6w,2025-07-28,networking,0.3710,0,0,33.0158,3,0,0
org_okep7y6w,2025-07-29,database,12.6102,222.0,0,9.6904,3,0,0
org_okep7y6w,2025-07-29,genai,34.1697,255.0,0,18.4101,3,0,0
org_okep7y6w,2025-07-29,storage,0.2781,0,3.7025,9.5865,3,0,0
org_okep7y6w,2025-07-30,compute,12.7539,115.0,0,22.6170,3,0,0
org_okep7y6w,2025-07-30,database,8.4626,123.0,0.0,28.9015,3,0,0
org_okep7y6w,2025-07-30,genai,29.2413,255.0,0,10.5449,3,0,0
org_okep7y6w,2025-07-30,networking,6.5570,587.0,0.2118,0,6,0,0
org_okep7y6w,2025-07-30,storage,10.4459,463.0,1.4586,19.0944,6,0,0
org_okep7y6w,2025-07-31,compute,10.1277,116.0,2.062,26.5987,3,0,0
org_okep7y6w,2025-07-31,database,2.4322,0,0,48.9774,3,0,0
org_okep7y6w,2025-07-31,networking,0.2662,0,5.2603,21.846,6,0,0
org_okep7y6w,2025-07-31,storage,11.1905,564.0,2.6962,42.1189,9,0,0
org_okep7y6w,2025-08-01,compute,0.4156,0,3.7134,0,3,1,0
org_okep7y6w,2025-08-01,database,0.4115,0,8.1402,0,3,0,0
org_okep7y6w,2025-08-01,genai,41.4889,271.0,0.0752,0,3,0,0
org_okep7y6w,2025-08-01,storage,0.7000,0,2.0979,33.1292,3,0,0
org_okep7y6w,2025-08-02,compute,18.6802,247.0,3.6294,0,3,0,0
org_okep7y6w,2025-08-02,networking,2.3992,246.0,0,2.3943,3,0,0
org_okep7y6w,2025-08-02,storage,4.8782,247.0,0,0.0,3,0,0
org_okep7y6w,2025-08-03,compute,8.5327,118.0,1.7223,0,3,0,0
org_okep7y6w,2025-08-03,networking,3.5354,340.0,0.0,0,6,1,0
org_okep7y6w,2025-08-03,storage,6.6122,339.0,4.2324,2.8697,6,0,0
org_okep7y6w,2025-08-04,compute,11.7858,140.0,4.3822,0,3,0,0
org_okep7y6w,2025-08-04,database,11.3571,107.0,0,19.7738,3,1,0
org_okep7y6w,2025-08-04,genai,0.1240,0,0.6301,0.3302,3,0,0
org_okep7y6w,2025-08-04,networking,1.4563,124.0,3.0192,4.4657,3,0,0
org_okep7y6w,2025-08-05,genai,36.4233,248.0,3.2524,0,3,0,0
org_okep7y6w,2025-08-05,networking,18.6546,219.0,0.0,0,3,0,0
org_okep7y6w,2025-08-05,storage,2.8950,122.0,0,19.0286,3,0,0
org_okep7y6w,2025-08-06,compute,11.8077,121.0,1.8938,9.1846,3,0,0
org_okep7y6w,2025-08-06,database,6.0661,129.0,3.0828,19.7281,3,0,0
org_okep7y6w,2025-08-06,genai,10.6357,111.0,6.9971,2.1492,3,0,0
org_okep7y6w,2025-08-06,networking,0.3809,0,0,38.9097,3,0,0
org_okep7y6w,2025-08-06,storage,2.8427,0,2.0133,16.3927,3,1,0
org_okep7y6w,2025-08-07,compute,191.8968,212.0,4.2643,0,3,0,0
org_okep7y6w,2025-08-07,networking,3.8985,378.0,0.0,4.8802,6,0,0
org_okep7y6w,2025-08-07,storage,8.2649,345.0,3.9816,24.8678,9,0,0
org_okep7y6w,2025-08-08,compute,10.0986,114.0,3.0685,7.7231,3,0,0
org_okep7y6w,2025-08-08,genai,29.7966,216.0,0,11.9945,3,0,0
org_okep7y6w,2025-08-08,networking,1.2256,0,0,6.6764,3,1,0
org_okep7y6w,2025-08-08,storage,12.6637,587.0,0,53.0707,9,0,0
org_okep7y6w,2025-08-09,compute,0.5702,0,2.8253,5.9513,3,0,0
org_okep7y6w,2025-08-09,genai,17.8318,123.0,1.3117,11.1324,3,0,0
org_okep7y6w,2025-08-09,storage,16.1425,604.0,0,58.3079,9,1,0
org_okep7y6w,2025-08-10,genai,18.2838,129.0,0,0.0,3,1,0
org_okep7y6w,2025-08-10,networking,3.5208,307.0,0,50.8121,6,0,0
org_okep7y6w,2025-08-10,storage,0.8228,0,9.9293,30.8783,6,0,0
org_okep7y6w,2025-08-11,compute,22.7053,245.0,3.3033,0,3,0,0
org_okep7y6w,2025-08-11,database,18.6475,326.0,0,0,3,0,0
org_okep7y6w,2025-08-11,genai,27.4966,236.0,0.9322,0,3,0,0
org_okep7y6w,2025-08-11,networking,3.9130,353.0,0.6139,6.3937,6,0,0
org_okep7y6w,2025-08-11,storage,5.7951,271.0,0,8.5054,3,0,0
org_okep7y6w,2025-08-12,compute,25.6237,275.0,1.4579,0,3,0,0
org_okep7y6w,2025-08-12,database,7.6155,126.0,0,19.9895,3,0,0
org_okep7y6w,2025-08-12,genai,25.6406,249.0,4.2505,0,3,0,0
org_okep7y6w,2025-08-12,networking,2.5409,228.0,0,2.4811,3,0,0
org_okep7y6w,2025-08-12,storage,6.4094,398.0,1.6363,12.5046,6,0,0
org_okep7y6w,2025-08-13,database,2.4355,0,1.3388,47.5847,3,0,0
org_okep7y6w,2025-08-13,networking,2.0659,223.0,7.2987,0,6,0,0
org_okep7y6w,2025-08-13,storage,4.5022,122.0,0,5.0893,3,1,0
org_okep7y6w,2025-08-14,compute,7.9507,109.0,0,16.2548,3,0,0
org_okep7y6w,2025-08-14,database,7.2374,127.0,0.0,9.1412,3,0,0
org_okep7y6w,2025-08-14,networking,0.1950,0,1.232,17.2479,3,0,0
org_okep7y6w,2025-08-14,storage,8.5556,381.0,2.4138,41.8459,6,0,0
org_okep7y6w,2025-08-15,database,12.2425,97.0,0,13.0313,3,1,0
org_okep7y6w,2025-08-15,genai,31.7186,239.0,0,13.7445,3,0,0
org_okep7y6w,2025-08-15,networking,2.5374,251.0,0,13.6573,3,0,0
org_okep7y6w,2025-08-15,storage,7.4420,345.0,0,0,3,0,0
org_okep7y6w,2025-08-16,compute,8.3951,105.0,0,5.7796,3,0,0
org_okep7y6w,2025-08-16,database,0.5054,0,0.8312,11.0616,3,0,0
org_okep7y6w,2025-08-16,networking,1.9757,121.0,0,71.5757,6,0,0
org_okep7y6w,2025-08-16,storage,0.1615,0,0.36,9.6725,3,0,0
org_okep7y6w,2025-08-17,compute,11.1426,126.0,0,29.1138,3,0,0
org_okep7y6w,2025-08-17,genai,14.9498,122.0,0,6.9863,3,0,0
org_okep7y6w,2025-08-17,networking,2.5242,243.0,0,9.7678,3,0,0
org_okep7y6w,2025-08-17,storage,3.8007,121.0,3.5243,62.0624,9,0,0
org_okep7y6w,2025-08-18,database,21.3281,390.0,0,0,3,0,0
org_okep7y6w,2025-08-18,genai,30.2131,232.0,0,16.0338,3,0,0
org_okep7y6w,2025-08-18,networking,1.6831,128.0,3.0677,48.8007,6,0,0
org_okep7y6w,2025-08-18,storage,9.8556,487.0,0.0,8.691,6,0,1
org_okep7y6w,2025-08-19,compute,1.6076,0,0.0,18.2356,3,0,0
org_okep7y6w,2025-08-19,genai,33.2637,257.0,0,10.1428,3,0,0
org_okep7y6w,2025-08-19,networking,0.3600,0,0.0906,41.7490,3,0,0
org_okep7y6w,2025-08-20,genai,18.8935,131.0,2.5081,4.7287,3,0,0
org_okep7y6w,2025-08-20,networking,0.1602,0,1.4821,15.3703,3,0,0
org_okep7y6w,2025-08-20,storage,6.8408,339.0,2.3186,15.5961,6,0,0
org_okep7y6w,2025-08-21,compute,-3.9069,248.0,2.8691,0,3,0,1
org_okep7y6w,2025-08-21,genai,31.0830,241.0,0.0,0,3,0,0
org_okep7y6w,2025-08-21,storage,10.0097,502.0,3.3164,8.8104,9,1,0
org_okep7y6w,2025-08-22,compute,0.5889,0,8.0775,0,3,0,0
org_okep7y6w,2025-08-22,database,0.3384,0,0.0,7.6345,3,0,0
org_okep7y6w,2025-08-22,genai,35.4644,256.0,0.0,0,3,0,0
org_okep7y6w,2025-08-22,networking,1.6598,132.0,0,19.3629,3,0,0
org_okep7y6w,2025-08-22,storage,15.1985,715.0,0.0434,3.1208,9,1,0
org_okep7y6w,2025-08-23,compute,15.8334,250.0,0,0.0,3,0,0
org_okep7y6w,2025-08-23,database,4.5603,118.0,5.3255,0,3,0,0
org_okep7y6w,2025-08-23,networking,2.1511,250.0,0,8.8514,3,0,0
org_okep7y6w,2025-08-23,storage,3.3204,107.0,2.7126,16.4171,3,0,0
org_okep7y6w,2025-08-24,compute,10.1592,129.0,0.867,6.5477,3,0,0
org_okep7y6w,2025-08-24,database,12.6133,233.0,0,10.3502,3,0,0
org_okep7y6w,2025-08-24,genai,27.0795,242.0,0,6.0388,3,0,0
org_okep7y6w,2025-08-24,networking,1.3189,131.0,2.3385,10.9508,3,0,0
org_okep7y6w,2025-08-24,storage,9.1099,445.0,4.2302,22.7350,9,0,0
org_okep7y6w,2025-08-25,compute,17.2977,236.0,0.4204,0,3,0,0
org_okep7y6w,2025-08-25,database,26.0971,231.0,0,18.0601,3,0,0
org_okep7y6w,2025-08-25,networking,4.1870,344.0,1.0034,19.0869,6,0,0
org_okep7y6w,2025-08-25,storage,11.9504,565.0,0,17.0162,6,0,0
org_okep7y6w,2025-08-26,database,0.499,0,0.0,8.9401,3,0,0
org_okep7y6w,2025-08-26,networking,5.9245,622.0,0,4.0058,6,0,0
org_okep7y6w,2025-08-26,storage,3.0005,122.0,0.0,9.6548,3,0,0
org_okep7y6w,2025-08-27,compute,12.5510,122.0,4.6247,10.9132,3,0,0
org_okep7y6w,2025-08-27,database,7.3844,111.0,0.2888,14.2485,3,0,0
org_okep7y6w,2025-08-27,genai,16.0198,109.0,2.4305,15.2263,3,0,0
org_okep7y6w,2025-08-27,networking,3.8784,373.0,0,0,3,0,0
org_okep7y6w,2025-08-27,storage,14.3975,583.0,2.5224,36.8053,9,0,0
org_okep7y6w,2025-08-28,compute,11.1314,130.0,1.2487,6.7132,3,0,0
org_okep7y6w,2025-08-28,genai,18.7061,136.0,0,25.4760,3,0,0
org_okep7y6w,2025-08-28,networking,2.4474,205.0,0,0.0,3,0,0
org_okep7y6w,2025-08-28,storage,8.6949,476.0,8.7779,12.9872,9,0,0
org_okep7y6w,2025-08-29,database,12.0077,256.0,0,5.9359,3,0,0
org_okep7y6w,2025-08-29,genai,0.2939,0,2.399,0.2115,3,0,0
org_okep7y6w,2025-08-29,networking,4.1937,350.0,3.2294,11.7841,6,0,0
org_okep7y6w,2025-08-29,storage,7.3535,362.0,5.4240,8.1048,6,0,0
org_okep7y6w,2025-08-30,genai,0.0097,0,0.0837,0.0,3,0,0
org_okep7y6w,2025-08-30,networking,2.1751,218.0,0.6937,0,3,0,0
org_okep7y6w,2025-08-30,storage,12.9981,609.0,0.0,0,6,0,0
org_okep7y6w,2025-08-31,compute,11.8961,110.0,0,21.9255,3,0,0
org_okep7y6w,2025-08-31,database,6.0518,126.0,1.6157,0,3,0,0
org_okep7y6w,2025-08-31,networking,1.7135,152.0,6.0673,0,3,0,0
org_okep7y6w,2025-08-31,storage,5.1445,219.0,0.7472,50.5024,6,0,0
org_om5igqpk,2025-07-03,analytics,17.1866,231.0,10.3362,0,6,0,0
org_om5igqpk,2025-07-03,compute,0.7792,0,4.8714,4.566,3,0,0
org_om5igqpk,2025-07-03,genai,40.2091,349.0,0,0,3,0,0
org_om5igqpk,2025-07-04,analytics,11.5218,132.0,0.8571,16.2471,3,0,0
org_om5igqpk,2025-07-04,compute,8.0750,115.0,6.0498,21.4727,6,0,0
org_om5igqpk,2025-07-05,analytics,1.0235,0,6.7030,10.7594,3,0,0
org_om5igqpk,2025-07-05,compute,15.7420,234.0,1.5012,0,3,0,0
org_om5igqpk,2025-07-05,genai,17.3683,121.0,2.2988,4.0068,3,0,0
org_om5igqpk,2025-07-06,analytics,15.0005,222.0,1.0529,0,3,0,0
org_om5igqpk,2025-07-06,compute,18.5536,218.0,0.9903,13.9084,6,0,0
org_om5igqpk,2025-07-06,genai,12.4296,108.0,3.993,0,3,0,0
org_om5igqpk,2025-07-07,analytics,9.8668,127.0,0,17.5141,3,0,0
org_om5igqpk,2025-07-07,compute,9.3501,115.0,4.8658,0,3,0,0
org_om5igqpk,2025-07-07,genai,33.2681,113.0,2.832,0,3,1,0
org_om5igqpk,2025-07-08,analytics,9.0296,119.0,0.3884,12.6464,3,0,0
org_om5igqpk,2025-07-08,compute,23.0120,249.0,0,13.9326,3,0,0
org_om5igqpk,2025-07-09,analytics,9.2368,145.0,0.6836,34.0036,6,0,1
org_om5igqpk,2025-07-09,compute,0.9679,0,0,11.9924,3,0,0
org_om5igqpk,2025-07-09,genai,13.7429,0,0.9449,11.7713,3,1,0
org_om5igqpk,2025-07-10,analytics,39.4653,471.0,0,7.001,6,1,0
org_om5igqpk,2025-07-10,compute,21.3406,252.0,2.905,0,3,0,0
org_om5igqpk,2025-07-10,genai,2.4890,0,3.3538,18.644,3,0,0
org_om5igqpk,2025-07-11,analytics,16.9803,246.0,0,6.8052,3,0,0
org_om5igqpk,2025-07-11,compute,12.9970,106.0,0,49.5975,3,0,0
org_om5igqpk,2025-07-11,genai,17.8207,119.0,4.3965,0.0,3,0,0
org_om5igqpk,2025-07-12,analytics,16.6925,236.0,4.6993,13.7835,6,0,0
org_om5igqpk,2025-07-12,compute,10.5576,124.0,5.7203,0,3,0,0
org_om5igqpk,2025-07-12,genai,13.5855,118.0,1.5591,8.2517,3,0,0
org_om5igqpk,2025-07-13,analytics,12.7173,125.0,0,13.9672,3,1,0
org_om5igqpk,2025-07-13,compute,22.2575,252.0,3.9643,24.1997,6,0,0
org_om5igqpk,2025-07-13,genai,43.2115,365.0,0,0,3,0,0
org_om5igqpk,2025-07-14,analytics,37.6288,540.0,0.89,12.4504,6,0,0
org_om5igqpk,2025-07-14,genai,31.3832,259.0,0.0,0,3,0,0
org_om5igqpk,2025-07-15,analytics,27.6302,341.0,1.4212,11.4199,6,0,0
org_om5igqpk,2025-07-15,compute,13.1070,112.0,4.4372,35.7535,6,1,0
org_om5igqpk,2025-07-15,genai,16.2145,96.0,3.3204,3.797,3,0,0
org_om5igqpk,2025-07-16,analytics,16.3645,234.0,1.7207,0,3,0,0
org_om5igqpk,2025-07-16,compute,32.7765,355.0,0,43.9442,6,0,0
org_om5igqpk,2025-07-16,genai,31.2373,234.0,0,9.1688,3,0,0
org_om5igqpk,2025-07-17,analytics,16.9452,219.0,0,18.0952,3,0,0
org_om5igqpk,2025-07-17,compute,11.3291,117.0,2.4362,21.7998,3,0,0
org_om5igqpk,2025-07-17,genai,13.9995,109.0,0.0,16.1997,3,0,0
org_om5igqpk,2025-07-18,analytics,16.3621,236.0,4.1825,4.1942,6,0,0
org_om5igqpk,2025-07-18,compute,42.6998,496.0,0,7.8139,6,1,0
org_om5igqpk,2025-07-19,analytics,10.7566,121.0,1.2373,39.8444,6,0,0
org_om5igqpk,2025-07-19,compute,21.7445,261.0,0,0.0,3,0,0
org_om5igqpk,2025-07-19,genai,18.9718,129.0,1.4247,21.3142,3,0,0
org_om5igqpk,2025-07-20,analytics,8.6945,103.0,1.8962,0,3,0,0
org_om5igqpk,2025-07-20,compute,8.3565,98.0,0,17.1095,3,0,0
org_om5igqpk,2025-07-21,analytics,26.2328,359.0,0,0,3,0,0
org_om5igqpk,2025-07-22,analytics,9.3704,0,0,14.9977,3,1,0
org_om5igqpk,2025-07-22,compute,17.0166,219.0,2.2821,0,3,0,0
org_om5igqpk,2025-07-22,genai,20.4306,139.0,0,32.2137,3,0,0
org_om5igqpk,2025-07-23,analytics,14.8399,217.0,4.0383,0,3,0,0
org_om5igqpk,2025-07-23,compute,11.4153,111.0,1.2623,9.0195,3,0,0
org_om5igqpk,2025-07-23,genai,35.8806,266.0,1.0436,0,3,0,0
org_om5igqpk,2025-07-24,analytics,9.4198,110.0,0,12.5542,3,0,0
org_om5igqpk,2025-07-24,compute,11.1817,115.0,0,29.8594,3,0,0
org_om5igqpk,2025-07-24,genai,22.1080,198.0,2.4927,0,3,0,0
org_om5igqpk,2025-07-25,analytics,8.7147,116.0,0,21.5725,3,0,0
org_om5igqpk,2025-07-25,compute,30.2329,435.0,1.1359,15.1747,6,0,0
org_om5igqpk,2025-07-26,analytics,36.0969,473.0,0,28.1358,6,0,0
org_om5igqpk,2025-07-26,genai,16.4273,120.0,0,11.7873,3,0,0
org_om5igqpk,2025-07-27,analytics,1.4298,0,7.7931,11.4077,6,0,0
org_om5igqpk,2025-07-27,genai,21.2062,136.0,3.0796,7.875,3,0,0
org_om5igqpk,2025-07-28,analytics,8.7623,121.0,3.1727,6.5245,3,0,0
org_om5igqpk,2025-07-28,compute,30.7375,357.0,0.8448,19.9381,6,0,0
org_om5igqpk,2025-07-29,analytics,16.5041,225.0,2.5572,20.3612,6,0,0
org_om5igqpk,2025-07-29,compute,47.3314,587.0,0.0,0,6,0,0
org_om5igqpk,2025-07-30,analytics,30.4491,452.0,2.9794,10.3921,6,0,0
org_om5igqpk,2025-07-31,analytics,19.8685,256.0,0,12.9171,3,0,0
org_om5igqpk,2025-07-31,genai,34.2337,252.0,0,11.4649,3,0,0
org_om5igqpk,2025-08-01,analytics,19.0015,217.0,3.3236,10.6129,6,0,0
org_om5igqpk,2025-08-02,analytics,20.4056,320.0,0,0,3,0,0
org_om5igqpk,2025-08-02,compute,21.8619,287.0,0,9.403,3,0,0
org_om5igqpk,2025-08-02,genai,41.6022,141.0,0,0,3,2,0
org_om5igqpk,2025-08-03,analytics,35.7210,485.0,0,7.1032,6,0,0
org_om5igqpk,2025-08-03,genai,30.1365,257.0,0,8.2911,3,0,0
org_om5igqpk,2025-08-04,analytics,23.6684,375.0,1.1709,0,6,2,0
org_om5igqpk,2025-08-04,compute,10.1499,126.0,0.0,3.1574,3,0,0
org_om5igqpk,2025-08-04,genai,40.0254,234.0,0,0,3,1,0
org_om5igqpk,2025-08-05,analytics,27.2081,362.0,2.7918,4.5239,6,0,0
org_om5igqpk,2025-08-05,compute,22.7542,252.0,0,8.1884,3,0,0
org_om5igqpk,2025-08-05,genai,18.0415,126.0,6.1618,0,3,0,0
org_om5igqpk,2025-08-06,analytics,27.4615,356.0,0,0,3,0,0
org_om5igqpk,2025-08-06,compute,10.3192,118.0,1.8938,17.7703,3,0,0
org_om5igqpk,2025-08-07,analytics,8.4541,127.0,1.4863,12.0519,3,0,0
org_om5igqpk,2025-08-07,compute,16.9273,203.0,3.9630,12.9156,6,0,0
org_om5igqpk,2025-08-07,genai,15.3297,114.0,1.2725,5.7173,3,0,0
org_om5igqpk,2025-08-08,analytics,9.8565,119.0,3.7985,3.4707,6,0,0
org_om5igqpk,2025-08-08,compute,31.1659,379.0,1.7569,14.9067,6,0,0
org_om5igqpk,2025-08-09,analytics,25.2569,355.0,0,0,3,0,0
org_om5igqpk,2025-08-09,compute,41.3336,487.0,1.1295,19.668,6,0,0
org_om5igqpk,2025-08-09,genai,12.9562,100.0,0,23.4334,3,0,0
org_om5igqpk,2025-08-10,analytics,36.4824,514.0,0,30.8285,6,0,0
org_om5igqpk,2025-08-10,compute,21.6950,255.0,0,8.0166,3,0,0
org_om5igqpk,2025-08-11,analytics,9.0890,109.0,0.0,19.2053,3,0,0
org_om5igqpk,2025-08-11,compute,28.5000,374.0,0,0,3,0,0
org_om5igqpk,2025-08-11,genai,31.1307,249.0,0,6.1179,3,0,0
org_om5igqpk,2025-08-12,analytics,10.1124,121.0,0.8782,0,3,1,0
org_om5igqpk,2025-08-12,compute,32.9423,361.0,4.0142,7.5831,6,0,0
org_om5igqpk,2025-08-13,analytics,11.2818,128.0,3.0237,0,3,0,0
org_om5igqpk,2025-08-13,compute,15.5149,212.0,1.9693,0,3,0,0
org_om5igqpk,2025-08-13,genai,12.0479,114.0,0,10.8972,3,1,0
org_om5igqpk,2025-08-14,analytics,7.6237,120.0,0,15.6825,3,0,0
org_om5igqpk,2025-08-14,compute,17.6508,271.0,0,0.0,3,0,0
org_om5igqpk,2025-08-14,genai,14.0231,127.0,7.9882,0,3,0,0
org_om5igqpk,2025-08-15,analytics,10.2786,109.0,0,29.1774,3,0,0
org_om5igqpk,2025-08-15,compute,21.6265,242.0,3.1753,34.6906,6,0,0
org_om5igqpk,2025-08-16,analytics,25.2537,371.0,2.0521,0,6,1,0
org_om5igqpk,2025-08-16,compute,8.2413,116.0,0,8.4222,3,0,0
org_om5igqpk,2025-08-16,genai,29.3843,116.0,0,2.3811,3,1,0
org_om5igqpk,2025-08-17,analytics,45.0017,598.0,1.3016,0,6,0,0
org_om5igqpk,2025-08-17,compute,26.1738,354.0,0,0,3,0,0
org_om5igqpk,2025-08-18,analytics,33.1908,458.0,4.0801,5.0354,6,0,0
org_om5igqpk,2025-08-18,compute,19.9780,253.0,2.775,0,3,0,0
org_om5igqpk,2025-08-18,genai,17.2751,117.0,2.4547,9.3052,3,0,0
org_om5igqpk,2025-08-19,analytics,17.9597,246.0,0,14.3366,3,0,0
org_om5igqpk,2025-08-19,compute,25.7146,230.0,1.8694,1.082,6,1,0
org_om5igqpk,2025-08-19,genai,16.7844,0,0,13.9566,3,1,0
org_om5igqpk,2025-08-20,analytics,11.7467,128.0,7.2543,21.3499,6,0,0
org_om5igqpk,2025-08-20,compute,1.0719,0,3.4130,8.3824,3,0,0
org_om5igqpk,2025-08-20,genai,16.8989,122.0,2.0039,13.8104,3,0,0
org_om5igqpk,2025-08-21,analytics,15.1319,242.0,0,0.0,3,0,0
org_om5igqpk,2025-08-21,genai,1.8263,0,2.0970,14.7654,3,0,0
org_om5igqpk,2025-08-22,analytics,17.7775,251.0,4.6506,10.7608,6,1,0
org_om5igqpk,2025-08-22,compute,25.9096,249.0,0.7484,37.0228,6,0,0
org_om5igqpk,2025-08-23,compute,18.7713,209.0,1.0116,0,3,0,0
org_om5igqpk,2025-08-24,analytics,2.2735,0,2.0722,23.7353,3,0,0
org_om5igqpk,2025-08-24,genai,14.7525,117.0,2.6004,0,3,0,0
org_om5igqpk,2025-08-25,compute,17.4501,213.0,4.8779,28.8576,6,0,0
org_om5igqpk,2025-08-26,analytics,0.8262,0,1.6092,13.4807,3,0,0
org_om5igqpk,2025-08-26,compute,0.6811,0,0,8.4056,3,0,0
org_om5igqpk,2025-08-26,genai,12.6441,137.0,1.1033,2.9911,3,0,0
org_om5igqpk,2025-08-27,analytics,8.8758,115.0,0.0,0.0,3,0,0
org_om5igqpk,2025-08-27,genai,2.1697,0,0.7156,16.8139,3,0,0
org_om5igqpk,2025-08-28,analytics,0.563,0,7.7528,0.0,3,0,0
org_om5igqpk,2025-08-28,compute,39.6220,506.0,1.4803,15.7012,6,0,0
org_om5igqpk,2025-08-29,analytics,23.2593,349.0,1.5959,25.3220,6,0,0
org_om5igqpk,2025-08-29,compute,10.6576,132.0,2.3912,0,3,0,0
org_om5igqpk,2025-08-29,genai,28.0969,246.0,0.4041,0,3,0,0
org_om5igqpk,2025-08-30,analytics,18.5662,237.0,0.3389,0,3,0,0
org_om5igqpk,2025-08-30,compute,28.1831,344.0,0.3709,33.7273,6,0,0
org_om5igqpk,2025-08-31,analytics,26.1180,353.0,8.1676,5.263,6,0,0
org_pac56t4u,2025-07-03,compute,43.6250,348.0,2.9625,30.0984,9,1,0
org_pac56t4u,2025-07-04,compute,23.9628,266.0,0,0.0,3,0,0
org_pac56t4u,2025-07-05,compute,49.2256,600.0,5.7716,20.6460,9,0,0
org_pac56t4u,2025-07-05,database,6.8607,103.0,0,22.4913,3,1,0
org_pac56t4u,2025-07-06,compute,13.5600,136.0,3.5738,8.6188,3,0,0
org_pac56t4u,2025-07-06,database,19.7898,366.0,0,0,3,0,0
org_pac56t4u,2025-07-07,compute,40.0220,429.0,5.4026,10.531,9,1,0
org_pac56t4u,2025-07-08,compute,21.7509,246.0,3.1509,25.5650,6,0,0
org_pac56t4u,2025-07-08,database,10.4079,214.0,1.3267,0,3,0,0
org_pac56t4u,2025-07-09,compute,73.3515,919.0,0,10.9805,9,0,0
org_pac56t4u,2025-07-10,compute,46.7053,508.0,6.6847,45.8339,9,0,0
org_pac56t4u,2025-07-12,compute,11.5680,125.0,0,30.9349,3,0,0
org_pac56t4u,2025-07-12,database,0.8920,0,2.5593,16.9133,3,0,0
org_pac56t4u,2025-07-13,compute,53.6263,700.0,0,36.5795,9,0,0
org_pac56t4u,2025-07-13,database,1.8058,0,0,33.1591,3,0,0
org_pac56t4u,2025-07-14,compute,28.2433,368.0,0,0,3,0,0
org_pac56t4u,2025-07-15,compute,47.7980,580.0,0,34.1197,9,0,0
org_pac56t4u,2025-07-15,database,4.7521,111.0,3.4127,13.5048,3,0,0
org_pac56t4u,2025-07-16,compute,70.9073,824.0,0,19.903,9,0,0
org_pac56t4u,2025-07-16,database,12.1703,248.0,0,7.7001,3,0,0
org_pac56t4u,2025-07-17,compute,25.3424,251.0,0,59.2783,6,0,0
org_pac56t4u,2025-07-18,compute,235.5387,976.0,0.0,0,9,0,0
org_pac56t4u,2025-07-19,compute,3.0399,0,0,40.6330,3,0,0
org_pac56t4u,2025-07-19,database,0.8688,0,0,17.7193,3,0,0
org_pac56t4u,2025-07-20,compute,40.6600,469.0,8.9338,0.0,9,0,0
org_pac56t4u,2025-07-21,compute,66.7145,487.0,2.5783,17.5508,9,0,1
org_pac56t4u,2025-07-22,compute,33.8164,433.0,4.0288,12.2379,6,0,0
org_pac56t4u,2025-07-22,database,6.2169,100.0,1.6795,18.8586,3,0,0
org_pac56t4u,2025-07-23,compute,12.6030,0,7.1738,16.0883,6,1,0
org_pac56t4u,2025-07-24,compute,36.8471,443.0,1.0794,0.5574,6,0,0
org_pac56t4u,2025-07-24,database,15.8088,357.0,0,0,3,0,0
org_pac56t4u,2025-07-25,compute,2.0516,0,1.0857,23.8467,3,0,0
org_pac56t4u,2025-07-25,database,4.6771,101.0,5.3819,10.3509,3,0,0
org_pac56t4u,2025-07-26,compute,18.9612,221.0,5.2849,29.9892,6,0,0
org_pac56t4u,2025-07-27,compute,19.4908,230.0,0.8014,19.5612,6,0,0
org_pac56t4u,2025-07-27,database,11.0779,258.0,0,8.1584,3,0,0
org_pac56t4u,2025-07-28,compute,8.4767,125.0,2.2311,0,3,0,0
org_pac56t4u,2025-07-29,compute,15.1262,238.0,0,21.1113,3,0,0
org_pac56t4u,2025-07-30,compute,49.1569,602.0,8.6657,0,9,0,0
org_pac56t4u,2025-07-30,database,14.8831,278.0,0,17.3256,3,0,0
org_pac56t4u,2025-07-31,compute,27.6757,356.0,4.1022,0.0,6,0,0
org_pac56t4u,2025-07-31,database,5.8443,119.0,7.1847,0,3,0,0
org_pac56t4u,2025-08-01,compute,3.0786,0,9.6581,32.1680,6,0,0
org_pac56t4u,2025-08-01,database,16.3102,341.0,0,0,3,0,0
org_pac56t4u,2025-08-02,compute,33.3835,363.0,0,35.4323,6,0,0
org_pac56t4u,2025-08-02,database,15.5945,260.0,0,13.4601,3,0,0
org_pac56t4u,2025-08-03,compute,11.6880,112.0,0,10.3035,3,0,0
org_pac56t4u,2025-08-03,database,12.4934,225.0,0,12.4243,3,0,0
org_pac56t4u,2025-08-04,compute,3.6651,0,0,41.6818,3,0,0
org_pac56t4u,2025-08-05,compute,21.3127,239.0,6.3357,0,6,1,0
org_pac56t4u,2025-08-05,database,15.8650,250.0,0,17.5356,3,0,0
org_pac56t4u,2025-08-06,compute,21.4925,217.0,6.3069,53.6858,9,0,0
org_pac56t4u,2025-08-06,database,15.9100,363.0,0,0,3,0,0
org_pac56t4u,2025-08-07,compute,22.5956,234.0,0,21.6697,3,0,0
org_pac56t4u,2025-08-08,compute,2.5711,0,6.5484,25.2718,3,0,0
org_pac56t4u,2025-08-08,database,1.6663,0,2.9746,27.3572,3,0,0
org_pac56t4u,2025-08-09,compute,3.0899,0,0,34.9897,3,0,0
org_pac56t4u,2025-08-09,database,8.2044,361.0,0,0,3,0,1
org_pac56t4u,2025-08-10,compute,50.2854,596.0,5.7674,6.6367,9,0,0
org_pac56t4u,2025-08-11,database,10.6649,243.0,0,13.8561,3,0,0
org_pac56t4u,2025-08-12,compute,39.6863,521.0,10.0546,8.1795,9,0,0
org_pac56t4u,2025-08-12,database,1.0988,0,2.9368,14.9328,3,1,0
org_pac56t4u,2025-08-13,database,21.6442,391.0,0,0,3,0,0
org_pac56t4u,2025-08-14,compute,29.4960,402.0,2.9657,17.6898,6,0,0
org_pac56t4u,2025-08-14,database,12.5235,246.0,0,11.8235,3,0,0
org_pac56t4u,2025-08-15,compute,0.4616,0,1.6953,4.9701,3,0,0
org_pac56t4u,2025-08-16,compute,11.8067,126.0,5.7089,18.6828,6,0,0
org_pac56t4u,2025-08-16,database,5.7956,112.0,1.1436,12.8699,3,0,0
org_pac56t4u,2025-08-17,compute,9.6178,114.0,7.7249,5.6782,6,0,0
org_pac56t4u,2025-08-17,database,12.6916,232.0,0,13.0452,3,0,0
org_pac56t4u,2025-08-18,compute,10.5213,137.0,0,7.2847,3,0,0
org_pac56t4u,2025-08-18,database,14.7042,246.0,0,0.5263,3,0,0
org_pac56t4u,2025-08-19,compute,48.0092,530.0,3.5623,25.3728,9,0,0
org_pac56t4u,2025-08-20,compute,20.5842,241.0,8.1062,32.9372,9,0,0
org_pac56t4u,2025-08-20,database,0.8200,0,3.5004,14.4534,3,0,0
org_pac56t4u,2025-08-21,compute,69.0130,848.0,1.8783,27.4605,9,0,0
org_pac56t4u,2025-08-21,database,0.7968,0,3.3072,10.2446,3,0,0
org_pac56t4u,2025-08-22,compute,52.4367,704.0,0,40.8984,9,0,0
org_pac56t4u,2025-08-22,database,0.8658,0,2.1188,14.3453,3,0,0
org_pac56t4u,2025-08-23,database,18.0099,364.0,0,0,3,0,0
org_pac56t4u,2025-08-24,compute,26.0125,322.0,0,22.0374,6,0,0
org_pac56t4u,2025-08-24,database,8.1281,119.0,0,44.2722,3,0,0
org_pac56t4u,2025-08-25,compute,23.6565,255.0,4.5325,13.6590,6,0,0
org_pac56t4u,2025-08-25,database,150.5858,404.0,0,0,3,0,0
org_pac56t4u,2025-08-26,compute,42.6372,475.0,0.7043,39.7642,9,0,0
org_pac56t4u,2025-08-26,database,1.2388,0,2.8695,21.1772,3,0,0
org_pac56t4u,2025-08-27,compute,10.2588,117.0,0,0.0,3,0,0
org_pac56t4u,2025-08-28,compute,46.4759,514.0,0.0,18.6928,6,0,0
org_pac56t4u,2025-08-28,database,14.2232,327.0,0,0,3,0,0
org_pac56t4u,2025-08-29,compute,24.4366,249.0,0,31.7479,6,1,0
org_pac56t4u,2025-08-29,database,13.4462,269.0,3.0177,0,3,0,0
org_pac56t4u,2025-08-31,database,6.4861,114.0,0,12.2007,3,0,0
org_pbhsahxt,2025-07-03,compute,23.7889,234.0,0,24.9728,6,0,0
org_pbhsahxt,2025-07-03,database,6.6870,126.0,2.5542,0,3,0,0
org_pbhsahxt,2025-07-03,genai,30.3777,225.0,1.8163,27.6964,6,0,0
org_pbhsahxt,2025-07-03,networking,1.5108,122.0,0,18.2594,3,0,0
org_pbhsahxt,2025-07-03,storage,2.9168,116.0,0.0,3.0655,3,0,0
org_pbhsahxt,2025-07-04,analytics,16.8888,217.0,4.0504,0,3,0,0
org_pbhsahxt,2025-07-04,compute,10.3996,122.0,6.9929,10.9938,6,0,0
org_pbhsahxt,2025-07-04,genai,17.7780,135.0,0,20.8159,3,0,0
org_pbhsahxt,2025-07-04,networking,2.6176,242.0,2.548,0,3,0,0
org_pbhsahxt,2025-07-04,storage,0.4387,0,0.9774,17.5014,3,0,0
org_pbhsahxt,2025-07-05,analytics,17.2338,223.0,0,12.6252,3,0,0
org_pbhsahxt,2025-07-05,compute,12.0668,107.0,0.4347,6.2085,3,0,0
org_pbhsahxt,2025-07-05,database,5.4484,119.0,0,9.2105,3,0,0
org_pbhsahxt,2025-07-05,genai,44.2529,364.0,1.9717,21.8287,6,0,0
org_pbhsahxt,2025-07-05,storage,0.1345,0,6.8916,0,3,0,0
org_pbhsahxt,2025-07-06,analytics,18.7687,238.0,0,2.6812,3,0,0
org_pbhsahxt,2025-07-06,compute,46.3282,606.0,0,0.0,6,0,0
org_pbhsahxt,2025-07-06,database,12.8626,236.0,1.1323,0,3,0,0
org_pbhsahxt,2025-07-06,genai,30.7972,248.0,0,4.6329,3,0,0
org_pbhsahxt,2025-07-06,networking,2.8821,259.0,0,3.5985,3,0,0
org_pbhsahxt,2025-07-07,analytics,2.1430,236.0,0,14.254,3,0,1
org_pbhsahxt,2025-07-07,compute,37.6340,365.0,4.3767,0,6,1,0
org_pbhsahxt,2025-07-07,database,5.5931,0,0.838,5.6557,3,1,0
org_pbhsahxt,2025-07-07,genai,44.0370,350.0,0,0,3,0,0
org_pbhsahxt,2025-07-07,networking,1.1319,114.0,3.1912,12.7397,3,0,0
org_pbhsahxt,2025-07-08,analytics,7.2140,96.0,1.6788,14.6816,3,0,0
org_pbhsahxt,2025-07-08,compute,26.5888,254.0,1.8123,22.5180,6,0,0
org_pbhsahxt,2025-07-08,database,10.0436,226.0,0,0.0,3,0,0
org_pbhsahxt,2025-07-08,networking,3.9613,349.0,4.0935,15.3807,6,0,0
org_pbhsahxt,2025-07-08,storage,2.8955,135.0,0,10.5982,3,0,0
org_pbhsahxt,2025-07-09,analytics,21.3571,339.0,0,0,3,0,0
org_pbhsahxt,2025-07-09,genai,14.7732,114.0,0,8.6617,3,1,0
org_pbhsahxt,2025-07-09,networking,2.2683,120.0,0.0994,9.8037,6,1,0
org_pbhsahxt,2025-07-09,storage,2.3104,98.0,0,6.552,3,0,0
org_pbhsahxt,2025-07-10,compute,8.1558,112.0,2.4049,8.2011,3,0,0
org_pbhsahxt,2025-07-10,genai,63.9089,506.0,0,19.8631,6,0,0
org_pbhsahxt,2025-07-10,networking,1.4842,135.0,4.5926,11.2818,3,0,0
org_pbhsahxt,2025-07-10,storage,6.4484,385.0,0,0,3,0,0
org_pbhsahxt,2025-07-11,analytics,10.5769,138.0,0,18.8608,3,0,0
org_pbhsahxt,2025-07-11,compute,14.7029,119.0,0,59.7260,6,0,0
org_pbhsahxt,2025-07-11,database,15.2692,249.0,0,0.0,3,0,0
org_pbhsahxt,2025-07-11,genai,96.2856,825.0,3.7299,4.6836,9,0,0
org_pbhsahxt,2025-07-11,networking,0.8473,101.0,3.3296,6.2872,3,0,0
org_pbhsahxt,2025-07-12,compute,10.1336,114.0,0,18.1563,3,0,0
org_pbhsahxt,2025-07-12,genai,35.0446,251.0,1.0126,63.5236,9,0,0
org_pbhsahxt,2025-07-12,networking,2.5417,249.0,0,15.5969,3,0,0
org_pbhsahxt,2025-07-12,storage,3.4166,123.0,0,5.2093,3,1,0
org_pbhsahxt,2025-07-13,analytics,17.2409,235.0,0,0,3,1,0
org_pbhsahxt,2025-07-13,compute,29.8078,352.0,0,0,3,0,0
org_pbhsahxt,2025-07-13,database,6.9491,137.0,4.3898,7.2757,3,0,0
org_pbhsahxt,2025-07-13,networking,2.6424,264.0,0,0,3,1,0
org_pbhsahxt,2025-07-13,storage,4.8387,234.0,1.0304,0,3,0,0
org_pbhsahxt,2025-07-14,analytics,3.4232,0,0,52.2365,3,0,0
org_pbhsahxt,2025-07-14,compute,31.6690,365.0,0.9449,13.016,6,1,0
org_pbhsahxt,2025-07-14,database,6.9339,115.0,0,27.8124,3,0,0
org_pbhsahxt,2025-07-14,genai,17.4158,114.0,2.5944,34.9702,9,0,0
org_pbhsahxt,2025-07-14,networking,4.3760,383.0,0,30.3408,6,0,0
org_pbhsahxt,2025-07-14,storage,5.6636,245.0,0,25.8772,3,0,0
org_pbhsahxt,2025-07-15,analytics,8.2315,125.0,3.7278,0,3,0,0
org_pbhsahxt,2025-07-15,compute,31.5655,360.0,0,0,3,0,0
org_pbhsahxt,2025-07-15,database,1.4577,0,0,35.7499,3,0,0
org_pbhsahxt,2025-07-15,genai,38.3321,242.0,0.7683,33.3368,6,0,0
org_pbhsahxt,2025-07-15,networking,3.1987,267.0,2.9938,25.0567,6,0,0
org_pbhsahxt,2025-07-16,analytics,7.3553,105.0,5.5846,0,3,0,0
org_pbhsahxt,2025-07-16,compute,22.2614,237.0,3.4907,11.9941,6,0,0
org_pbhsahxt,2025-07-16,database,4.9777,94.0,0,17.3704,3,0,0
org_pbhsahxt,2025-07-16,genai,20.9741,128.0,2.8648,23.0118,6,0,0
org_pbhsahxt,2025-07-16,networking,1.0295,126.0,2.6578,0,3,0,0
org_pbhsahxt,2025-07-17,analytics,15.5335,229.0,2.8537,0,3,0,0
org_pbhsahxt,2025-07-17,compute,21.5965,243.0,0,24.5508,3,0,0
org_pbhsahxt,2025-07-17,database,11.2861,211.0,0.5141,0,3,0,0
org_pbhsahxt,2025-07-17,genai,30.0453,234.0,0,7.2598,3,0,0
org_pbhsahxt,2025-07-17,networking,1.4049,123.0,1.3811,36.7837,6,0,0
org_pbhsahxt,2025-07-18,analytics,8.8569,112.0,5.6177,0,3,0,0
org_pbhsahxt,2025-07-18,database,11.6190,240.0,3.3013,0,3,0,0
org_pbhsahxt,2025-07-18,genai,96.1697,659.0,2.0637,20.3597,9,1,0
org_pbhsahxt,2025-07-19,analytics,11.9080,128.0,0,20.9255,3,0,0
org_pbhsahxt,2025-07-19,compute,9.8156,115.0,9.4313,13.4537,6,0,0
org_pbhsahxt,2025-07-19,database,0.3274,0,6.9432,0.353,3,0,0
org_pbhsahxt,2025-07-19,genai,42.5814,365.0,0.8377,30.1477,6,0,0
org_pbhsahxt,2025-07-20,analytics,0.1615,0,2.6207,0,3,0,0
org_pbhsahxt,2025-07-20,compute,26.6952,344.0,0.0,17.0708,6,0,0
org_pbhsahxt,2025-07-20,genai,4.0093,0,5.1986,27.1211,6,0,0
org_pbhsahxt,2025-07-20,networking,4.0163,347.0,0,29.5384,6,0,0
org_pbhsahxt,2025-07-21,compute,1.3689,0,2.7197,13.4298,3,0,0
org_pbhsahxt,2025-07-21,database,5.2076,113.0,2.8086,2.6122,3,0,0
org_pbhsahxt,2025-07-21,genai,14.8798,103.0,2.8565,3.6821,3,0,0
org_pbhsahxt,2025-07-21,networking,1.3576,132.0,2.3824,0,3,0,0
org_pbhsahxt,2025-07-22,analytics,0.1248,235.0,0,13.451,3,0,1
org_pbhsahxt,2025-07-22,compute,20.2348,221.0,4.8960,23.7035,6,0,0
org_pbhsahxt,2025-07-22,database,13.7864,252.0,0,8.4781,3,0,0
org_pbhsahxt,2025-07-22,genai,20.3892,122.0,0,41.6726,6,0,0
org_pbhsahxt,2025-07-22,storage,4.7882,230.0,0,16.9646,3,0,0
org_pbhsahxt,2025-07-23,analytics,0.9615,0,5.5656,7.4897,3,0,0
org_pbhsahxt,2025-07-23,compute,12.6771,131.0,2.1501,5.2585,3,0,0
org_pbhsahxt,2025-07-23,database,13.1976,251.0,0,11.7135,3,0,0
org_pbhsahxt,2025-07-23,genai,72.0508,509.0,3.3381,0,6,0,0
org_pbhsahxt,2025-07-23,networking,6.0721,571.0,3.5324,0,6,0,0
org_pbhsahxt,2025-07-24,compute,10.1065,106.0,8.3282,0.0,6,0,0
org_pbhsahxt,2025-07-24,database,19.5090,387.0,0,0,3,0,0
org_pbhsahxt,2025-07-24,networking,1.8218,131.0,2.4712,25.4305,3,0,0
org_pbhsahxt,2025-07-25,compute,11.4272,120.0,7.0128,30.0987,6,0,0
org_pbhsahxt,2025-07-25,database,5.8281,98.0,2.7089,1.1911,3,0,0
org_pbhsahxt,2025-07-25,genai,3.9199,0,0.4479,30.5623,3,0,0
org_pbhsahxt,2025-07-25,networking,4.1665,371.0,0,0,3,0,0
org_pbhsahxt,2025-07-25,storage,5.9699,242.0,0,22.1411,3,0,0
org_pbhsahxt,2025-07-26,compute,12.7996,121.0,5.6761,9.0098,6,0,0
org_pbhsahxt,2025-07-26,genai,2.5080,0,1.7121,21.9691,3,0,0
org_pbhsahxt,2025-07-26,networking,1.1786,101.0,1.922,0,3,1,0
org_pbhsahxt,2025-07-26,storage,0.3604,0,2.2304,20.8634,3,0,0
org_pbhsahxt,2025-07-27,analytics,6.9117,119.0,1.1301,0,3,0,0
org_pbhsahxt,2025-07-27,compute,16.6107,267.0,4.4763,0,3,0,0
org_pbhsahxt,2025-07-27,database,1.4114,0,0.2077,27.1921,3,0,0
org_pbhsahxt,2025-07-27,genai,65.3190,467.0,0,26.3032,6,0,0
org_pbhsahxt,2025-07-27,networking,4.0271,367.0,2.9336,14.1404,6,0,0
org_pbhsahxt,2025-07-27,storage,2.2267,104.0,7.6622,0,3,0,0
org_pbhsahxt,2025-07-28,analytics,9.8243,128.0,0.4492,9.4233,3,0,0
org_pbhsahxt,2025-07-28,compute,27.3416,290.0,0,16.0114,3,0,0
org_pbhsahxt,2025-07-28,genai,75.3760,373.0,1.0926,64.3082,9,1,0
org_pbhsahxt,2025-07-28,networking,2.5960,207.0,0,15.2116,3,0,0
org_pbhsahxt,2025-07-28,storage,5.9276,237.0,0,0,3,1,0
org_pbhsahxt,2025-07-29,compute,9.6696,109.0,4.3893,0,3,0,0
org_pbhsahxt,2025-07-29,database,15.4436,263.0,0,20.7965,3,0,0
org_pbhsahxt,2025-07-29,genai,30.7775,252.0,5.2312,12.1034,6,0,0
org_pbhsahxt,2025-07-29,storage,2.7692,132.0,3.4711,0,3,0,0
org_pbhsahxt,2025-07-30,analytics,6.7357,142.0,0.4507,3.547,3,0,0
org_pbhsahxt,2025-07-30,genai,80.0280,493.0,0,16.1074,6,1,0
org_pbhsahxt,2025-07-30,networking,2.4200,244.0,6.2202,12.6592,6,0,0
org_pbhsahxt,2025-07-30,storage,1.9192,123.0,2.6153,0,3,0,0
org_pbhsahxt,2025-07-31,compute,31.9525,379.0,5.561,19.0403,6,0,0
org_pbhsahxt,2025-07-31,database,12.7322,248.0,4.6246,0,3,0,0
org_pbhsahxt,2025-07-31,genai,52.8525,481.0,0,8.0658,6,0,0
org_pbhsahxt,2025-07-31,networking,3.8475,397.0,0,0,3,0,0
org_pbhsahxt,2025-08-01,compute,17.1648,232.0,1.8979,0,3,0,0
org_pbhsahxt,2025-08-01,database,1.8212,0,1.2627,39.9492,3,0,0
org_pbhsahxt,2025-08-01,genai,19.5654,123.0,1.3617,35.2427,6,0,0
org_pbhsahxt,2025-08-01,networking,3.6820,345.0,3.9964,14.0234,6,0,0
org_pbhsahxt,2025-08-02,compute,0.5691,0,2.9019,3.4752,3,0,0
org_pbhsahxt,2025-08-02,database,1.4145,0,0,26.9272,3,0,0
org_pbhsahxt,2025-08-02,genai,42.3866,331.0,0.4551,10.0512,6,1,0
org_pbhsahxt,2025-08-02,networking,2.0474,210.0,0,12.0056,3,0,0
org_pbhsahxt,2025-08-03,compute,8.5682,90.0,0.0,17.0313,3,0,0
org_pbhsahxt,2025-08-03,database,11.9445,244.0,0.4035,0,3,0,0
org_pbhsahxt,2025-08-03,genai,29.2490,232.0,2.1084,11.2727,6,0,0
org_pbhsahxt,2025-08-03,networking,3.7188,361.0,0,0,3,0,0
org_pbhsahxt,2025-08-04,analytics,26.2763,360.0,0,0,3,0,0
org_pbhsahxt,2025-08-04,compute,30.1631,353.0,3.2576,9.4718,6,0,0
org_pbhsahxt,2025-08-04,genai,14.2186,105.0,3.7042,21.3607,3,0,0
org_pbhsahxt,2025-08-04,networking,5.1478,489.0,3.4145,20.5824,6,0,0
org_pbhsahxt,2025-08-04,storage,3.0686,123.0,3.2151,0.0,3,0,0
org_pbhsahxt,2025-08-05,analytics,1.9813,0,1.7409,21.5851,3,0,0
org_pbhsahxt,2025-08-05,compute,12.2392,115.0,0,33.0193,3,0,0
org_pbhsahxt,2025-08-05,genai,49.4833,355.0,2.1676,15.1554,6,0,0
org_pbhsahxt,2025-08-05,networking,2.2370,238.0,2.9271,0,3,0,0
org_pbhsahxt,2025-08-05,storage,7.9012,372.0,0,0,3,0,0
org_pbhsahxt,2025-08-06,analytics,8.1546,112.0,1.3106,3.2471,3,0,0
org_pbhsahxt,2025-08-06,compute,20.0276,215.0,1.3315,47.5064,6,0,0
org_pbhsahxt,2025-08-06,database,5.9618,0,1.2081,0.0,3,1,0
org_pbhsahxt,2025-08-06,genai,65.1643,614.0,0,31.0386,9,0,0
org_pbhsahxt,2025-08-06,networking,5.6507,524.0,6.1174,0,6,0,0
org_pbhsahxt,2025-08-06,storage,2.8379,118.0,0,22.2795,3,0,0
org_pbhsahxt,2025-08-07,compute,13.3837,135.0,1.9695,16.151,3,0,0
org_pbhsahxt,2025-08-07,genai,67.1041,468.0,2.9424,70.6875,9,0,0
org_pbhsahxt,2025-08-07,networking,1.4729,131.0,0,17.6962,3,0,0
org_pbhsahxt,2025-08-08,analytics,10.7302,128.0,1.3561,16.3658,3,0,0
org_pbhsahxt,2025-08-08,database,10.8024,250.0,0,6.3824,3,0,0
org_pbhsahxt,2025-08-08,genai,15.5699,130.0,2.276,13.207,3,0,0
org_pbhsahxt,2025-08-08,networking,1.7563,121.0,0,33.0298,3,0,0
org_pbhsahxt,2025-08-08,storage,4.1940,255.0,3.2819,0,3,0,0
org_pbhsahxt,2025-08-09,compute,28.3750,358.0,0,0,3,0,0
org_pbhsahxt,2025-08-09,database,0.6958,0,1.4499,13.2089,3,0,0
org_pbhsahxt,2025-08-09,genai,14.2822,117.0,4.2021,25.6246,9,1,0
org_pbhsahxt,2025-08-09,networking,2.2035,247.0,5.9007,6.2212,6,0,0
org_pbhsahxt,2025-08-09,storage,2.5563,118.0,3.3838,6.2802,3,0,0
org_pbhsahxt,2025-08-10,analytics,24.4113,347.0,0,0,3,0,0
org_pbhsahxt,2025-08-10,database,12.2963,243.0,1.7277,0,3,0,0
org_pbhsahxt,2025-08-10,genai,17.3493,123.0,2.7181,7.9382,3,0,0
org_pbhsahxt,2025-08-10,storage,0.6430,0,4.4844,24.7665,3,0,0
org_pbhsahxt,2025-08-11,compute,19.6503,241.0,2.4892,25.9765,6,0,0
org_pbhsahxt,2025-08-11,database,13.0685,226.0,1.989,0,3,0,0
org_pbhsahxt,2025-08-11,genai,35.2158,486.0,0.0,4.7145,6,0,1
org_pbhsahxt,2025-08-11,storage,8.1899,388.0,0,0,3,0,0
org_pbhsahxt,2025-08-12,compute,4.0589,0,3.4938,47.8490,6,0,0
org_pbhsahxt,2025-08-12,database,1.7417,0,1.0132,32.8553,3,0,0
org_pbhsahxt,2025-08-12,genai,16.0351,130.0,3.3458,4.535,3,0,0
org_pbhsahxt,2025-08-13,compute,9.7316,124.0,2.5681,17.0123,3,0,0
org_pbhsahxt,2025-08-13,database,12.9697,239.0,0,13.9555,3,0,0
org_pbhsahxt,2025-08-13,genai,18.6430,123.0,5.3946,38.6229,6,1,0
org_pbhsahxt,2025-08-13,networking,2.2437,210.0,0,5.4722,3,0,0
org_pbhsahxt,2025-08-13,storage,2.3683,121.0,2.6552,8.3923,3,0,0
org_pbhsahxt,2025-08-14,analytics,8.9783,116.0,0,6.2456,3,1,0
org_pbhsahxt,2025-08-14,compute,2.4754,0,7.9189,26.2821,6,0,0
org_pbhsahxt,2025-08-14,genai,2.3404,0,5.8538,12.7955,3,0,0
org_pbhsahxt,2025-08-14,networking,4.3576,484.0,1.0155,10.5338,6,0,0
org_pbhsahxt,2025-08-14,storage,4.2510,241.0,0,6.9088,3,0,0
org_pbhsahxt,2025-08-15,analytics,2.3189,0,0,28.4643,3,0,0
org_pbhsahxt,2025-08-15,compute,40.9018,491.0,1.0425,12.6711,6,0,0
org_pbhsahxt,2025-08-15,database,7.0963,117.0,0.0,18.8171,3,0,0
org_pbhsahxt,2025-08-15,genai,26.7026,214.0,5.8426,0,6,0,0
org_pbhsahxt,2025-08-15,networking,1.5028,129.0,2.5419,22.4669,6,0,0
org_pbhsahxt,2025-08-16,compute,27.7540,343.0,0,0,3,0,0
org_pbhsahxt,2025-08-16,genai,35.0764,240.0,3.5065,23.4563,6,0,0
org_pbhsahxt,2025-08-16,networking,1.5865,122.0,0,32.5658,3,0,0
org_pbhsahxt,2025-08-16,storage,4.4049,217.0,0,13.3441,3,0,0
org_pbhsahxt,2025-08-17,compute,19.4325,233.0,0,20.1444,3,0,0
org_pbhsahxt,2025-08-17,database,7.4433,123.0,2.7566,15.3865,3,0,0
org_pbhsahxt,2025-08-17,genai,73.1764,598.0,2.7465,44.9759,9,0,0
org_pbhsahxt,2025-08-17,networking,5.9230,608.0,0,6.7862,6,0,0
org_pbhsahxt,2025-08-17,storage,7.5192,239.0,0,0,3,1,0
org_pbhsahxt,2025-08-18,analytics,18.7448,255.0,0,5.1641,3,0,0
org_pbhsahxt,2025-08-18,compute,18.1673,245.0,4.1927,0,3,0,0
org_pbhsahxt,2025-08-18,database,13.3916,241.0,4.7331,0,3,0,0
org_pbhsahxt,2025-08-18,genai,30.6630,243.0,4.1486,0.0,6,0,0
org_pbhsahxt,2025-08-18,networking,2.8657,245.0,6.9419,39.6914,6,0,0
org_pbhsahxt,2025-08-19,compute,22.6144,351.0,4.4694,0,6,0,0
org_pbhsahxt,2025-08-19,database,5.1774,114.0,3.0162,19.7413,3,0,0
org_pbhsahxt,2025-08-19,genai,13.2515,112.0,3.1013,0,3,0,0
org_pbhsahxt,2025-08-19,networking,3.0238,252.0,3.3149,8.2214,6,0,0
org_pbhsahxt,2025-08-19,storage,7.7346,389.0,0,0,3,0,0
org_pbhsahxt,2025-08-20,compute,0.6052,237.0,0,12.6009,3,0,1
org_pbhsahxt,2025-08-20,database,12.8888,235.0,0,8.9243,3,0,0
org_pbhsahxt,2025-08-20,genai,58.5554,494.0,4.9042,2.2033,6,0,0
org_pbhsahxt,2025-08-20,networking,3.7059,350.0,0,21.5693,6,0,0
org_pbhsahxt,2025-08-20,storage,1.9759,107.0,1.3647,13.2021,3,0,0
org_pbhsahxt,2025-08-21,analytics,16.4008,227.0,0.7179,0,3,0,0
org_pbhsahxt,2025-08-21,compute,1.1441,0,3.0058,10.4231,3,0,0
org_pbhsahxt,2025-08-21,genai,96.5390,731.0,3.1122,0,9,0,0
org_pbhsahxt,2025-08-21,networking,2.1683,201.0,0,12.382,3,0,0
org_pbhsahxt,2025-08-21,storage,5.9874,246.0,3.4994,0,3,0,0
org_pbhsahxt,2025-08-22,compute,15.2525,130.0,3.7732,18.8139,6,1,0
org_pbhsahxt,2025-08-22,genai,67.7289,513.0,0.1197,22.2804,6,0,1
org_pbhsahxt,2025-08-23,analytics,8.0331,107.0,1.4114,18.5661,3,0,0
org_pbhsahxt,2025-08-23,database,-7.5446,131.0,2.8979,0,3,0,1
org_pbhsahxt,2025-08-23,genai,19.1928,123.0,0.2078,19.0017,3,0,0
org_pbhsahxt,2025-08-23,networking,3.3074,326.0,0,0,3,0,0
org_pbhsahxt,2025-08-23,storage,2.7351,132.0,1.6281,11.8898,3,0,0
org_pbhsahxt,2025-08-24,analytics,11.9880,123.0,3.7323,0.0,3,0,0
org_pbhsahxt,2025-08-24,compute,45.1105,491.0,0.0,19.0531,6,0,0
org_pbhsahxt,2025-08-24,database,18.8157,370.0,0,0,3,0,0
org_pbhsahxt,2025-08-24,genai,19.2484,126.0,6.3656,6.7194,6,0,1
org_pbhsahxt,2025-08-24,networking,1.8008,118.0,0,32.5205,3,0,0
org_pbhsahxt,2025-08-25,compute,19.7157,262.0,0,7.5062,3,0,0
org_pbhsahxt,2025-08-25,genai,92.0452,722.0,6.1202,0,9,0,0
org_pbhsahxt,2025-08-25,networking,3.5435,378.0,0,0,3,0,0
org_pbhsahxt,2025-08-26,compute,38.6260,485.0,0,17.8648,6,0,0
org_pbhsahxt,2025-08-26,genai,23.4376,212.0,5.3825,12.4057,6,0,0
org_pbhsahxt,2025-08-26,networking,3.6167,349.0,2.5068,12.7518,6,0,0
org_pbhsahxt,2025-08-27,compute,25.5123,331.0,2.736,14.7852,6,0,0
org_pbhsahxt,2025-08-27,genai,2.5819,0,3.4663,17.622,3,0,0
org_pbhsahxt,2025-08-27,networking,2.6909,244.0,0,19.8481,3,0,0
org_pbhsahxt,2025-08-27,storage,4.5235,250.0,0,4.4655,3,0,0
org_pbhsahxt,2025-08-28,analytics,0.4482,0,0,6.0818,3,0,0
org_pbhsahxt,2025-08-28,compute,21.5126,233.0,0,20.6502,3,0,0
org_pbhsahxt,2025-08-28,database,7.7585,123.0,0,11.7132,3,0,0
org_pbhsahxt,2025-08-28,genai,43.9459,364.0,0,24.425,6,1,0
org_pbhsahxt,2025-08-28,networking,2.2381,217.0,6.7383,40.9620,6,0,0
org_pbhsahxt,2025-08-28,storage,0.1845,0,0.0,7.5957,3,1,0
org_pbhsahxt,2025-08-29,database,9.5131,131.0,1.5217,0.0,3,0,0
org_pbhsahxt,2025-08-29,genai,16.7402,128.0,0,3.0478,3,0,0
org_pbhsahxt,2025-08-29,networking,3.5516,353.0,3.1013,33.1803,6,0,0
org_pbhsahxt,2025-08-30,compute,10.0388,127.0,0,13.1620,3,0,0
org_pbhsahxt,2025-08-30,database,11.9631,243.0,2.1755,0,3,0,0
org_pbhsahxt,2025-08-30,genai,34.0184,219.0,1.1204,17.8229,6,0,0
org_pbhsahxt,2025-08-30,networking,1.0134,110.0,4.4498,0,3,0,0
org_pbhsahxt,2025-08-30,storage,3.9084,112.0,0.8449,0,3,1,0
org_pbhsahxt,2025-08-31,compute,18.4154,223.0,0.8736,0,3,0,0
org_pbhsahxt,2025-08-31,database,-4.7348,121.0,0,7.4542,3,0,1
org_pbhsahxt,2025-08-31,genai,24.7227,225.0,0,7.3195,3,0,0
org_phr62gds,2025-07-03,compute,29.5033,233.0,0,0,3,1,0
org_phr62gds,2025-07-04,analytics,14.4300,112.0,0,8.9978,3,1,0
org_phr62gds,2025-07-04,storage,0.1582,0,1.8761,6.7434,3,0,0
org_phr62gds,2025-07-05,analytics,17.0189,256.0,0,19.0786,3,0,0
org_phr62gds,2025-07-05,compute,16.0203,227.0,0,0.0,3,0,0
org_phr62gds,2025-07-05,storage,2.1217,120.0,4.8325,21.2137,6,0,0
org_phr62gds,2025-07-06,compute,20.9456,236.0,0,0.5329,3,0,0
org_phr62gds,2025-07-06,storage,6.4705,338.0,5.2924,14.3709,6,0,1
org_phr62gds,2025-07-07,analytics,18.4666,230.0,0.0,0,3,0,0
org_phr62gds,2025-07-07,compute,23.8636,243.0,3.4511,0,3,0,0
org_phr62gds,2025-07-07,storage,2.4569,119.0,4.2788,18.0691,3,0,0
org_phr62gds,2025-07-08,analytics,23.2407,335.0,0,0,3,0,0
org_phr62gds,2025-07-08,compute,19.6466,233.0,2.8506,0,3,0,0
org_phr62gds,2025-07-08,storage,4.8895,247.0,3.0062,0,3,0,0
org_phr62gds,2025-07-09,analytics,7.7760,99.0,2.9276,11.0523,3,0,0
org_phr62gds,2025-07-09,storage,2.5231,114.0,0.0,14.4249,3,0,0
org_phr62gds,2025-07-10,compute,2.4278,0,0.8469,27.7595,3,0,0
org_phr62gds,2025-07-11,analytics,12.3528,208.0,0.0,0,3,0,0
org_phr62gds,2025-07-11,storage,7.6770,371.0,0,0,3,0,0
org_phr62gds,2025-07-12,storage,5.5385,246.0,0,7.3949,3,0,0
org_phr62gds,2025-07-13,analytics,15.9437,225.0,0,0.0,3,0,0
org_phr62gds,2025-07-13,storage,0.3310,0,0.1725,23.4677,3,0,0
org_phr62gds,2025-07-14,analytics,12.4806,116.0,0,21.9946,3,0,0
org_phr62gds,2025-07-14,storage,7.3106,347.0,1.266,14.9196,6,0,0
org_phr62gds,2025-07-15,analytics,8.3000,122.0,3.3373,0,3,0,0
org_phr62gds,2025-07-15,compute,20.9994,236.0,0.0,0,3,0,0
org_phr62gds,2025-07-15,storage,6.3129,140.0,2.2260,22.8467,6,1,0
org_phr62gds,2025-07-16,compute,19.3371,215.0,0,0.0,3,0,0
org_phr62gds,2025-07-17,analytics,9.0257,93.0,2.3971,0,3,1,0
org_phr62gds,2025-07-17,storage,8.7647,384.0,0,0,3,0,0
org_phr62gds,2025-07-18,analytics,10.9012,145.0,3.9945,8.3355,3,0,0
org_phr62gds,2025-07-18,compute,25.2704,261.0,3.0301,0,3,0,0
org_phr62gds,2025-07-18,storage,5.7719,264.0,1.1644,14.6933,6,0,0
org_phr62gds,2025-07-19,analytics,1.7967,0,0,25.4801,3,0,0
org_phr62gds,2025-07-19,compute,10.5113,108.0,0,21.8828,3,0,0
org_phr62gds,2025-07-19,storage,3.3899,119.0,0,17.4589,3,0,0
org_phr62gds,2025-07-20,compute,10.9441,129.0,1.4152,18.2725,3,0,0
org_phr62gds,2025-07-20,storage,4.3032,217.0,0,4.4656,3,0,0
org_phr62gds,2025-07-21,analytics,10.0486,138.0,0,9.8089,3,1,0
org_phr62gds,2025-07-21,storage,6.9253,356.0,6.3781,0.0,6,1,0
org_phr62gds,2025-07-22,analytics,2.3669,0,5.2198,25.1039,3,0,0
org_phr62gds,2025-07-22,compute,12.3135,124.0,0,34.4133,3,0,0
org_phr62gds,2025-07-22,storage,0.4767,0,7.5408,22.2827,6,0,0
org_phr62gds,2025-07-23,analytics,16.3371,248.0,0,17.2812,3,0,0
org_phr62gds,2025-07-23,compute,20.6228,253.0,2.086,0,3,0,0
org_phr62gds,2025-07-23,storage,2.3062,94.0,0,16.6513,3,0,0
org_phr62gds,2025-07-24,analytics,1.7795,0,3.1566,18.9695,3,0,0
org_phr62gds,2025-07-24,compute,23.9757,238.0,0,0,3,1,0
org_phr62gds,2025-07-24,storage,4.9195,249.0,0.0,20.7716,6,0,0
org_phr62gds,2025-07-25,analytics,2.2679,0,4.6436,36.5036,3,0,0
org_phr62gds,2025-07-25,compute,14.2521,143.0,0.7874,13.478,3,0,0
org_phr62gds,2025-07-26,compute,15.9468,217.0,0.5052,0,3,0,0
org_phr62gds,2025-07-26,storage,6.5738,328.0,0,43.7342,6,0,0
org_phr62gds,2025-07-27,analytics,10.7429,105.0,4.5738,15.7003,3,0,0
org_phr62gds,2025-07-27,storage,8.4980,394.0,0,23.9753,6,0,0
org_phr62gds,2025-07-28,analytics,20.9474,275.0,2.9346,0,3,0,0
org_phr62gds,2025-07-28,compute,18.3154,234.0,0,1.3361,3,0,0
org_phr62gds,2025-07-28,storage,2.5248,121.0,3.2304,0,3,0,0
org_phr62gds,2025-07-29,analytics,7.8081,109.0,0.0,15.0788,3,0,0
org_phr62gds,2025-07-29,compute,10.2988,119.0,0.6977,0.0,3,0,0
org_phr62gds,2025-07-29,storage,0.7522,0,0,33.2044,3,0,0
org_phr62gds,2025-07-30,analytics,0.9221,0,0.0,11.3525,3,0,0
org_phr62gds,2025-07-30,compute,11.0100,114.0,2.3659,3.1948,3,0,0
org_phr62gds,2025-07-30,storage,5.2942,229.0,0,18.6075,3,0,0
org_phr62gds,2025-07-31,compute,11.1371,128.0,0,17.9111,3,0,0
org_phr62gds,2025-07-31,storage,4.3018,113.0,2.8716,0,3,1,0
org_phr62gds,2025-08-02,analytics,7.5562,117.0,0.1481,3.5496,3,0,0
org_phr62gds,2025-08-02,compute,13.2184,144.0,6.4685,0,3,0,0
org_phr62gds,2025-08-02,storage,3.0019,115.0,0,23.5248,3,0,0
org_phr62gds,2025-08-03,analytics,8.5386,129.0,5.8683,0,3,0,0
org_phr62gds,2025-08-03,storage,8.4270,454.0,2.0056,17.1924,6,0,0
org_phr62gds,2025-08-04,analytics,6.1333,114.0,0.0,8.7232,3,0,0
org_phr62gds,2025-08-04,compute,1.1862,0,4.2490,9.3447,3,0,0
org_phr62gds,2025-08-04,storage,3.5361,112.0,0,18.1281,3,0,0
org_phr62gds,2025-08-05,analytics,14.4981,218.0,2.2573,0,3,0,0
org_phr62gds,2025-08-05,compute,22.7252,248.0,1.839,0,3,0,0
org_phr62gds,2025-08-06,analytics,5.6800,127.0,4.0374,0.0,3,0,0
org_phr62gds,2025-08-06,compute,3.3575,0,0.0,41.2775,3,0,0
org_phr62gds,2025-08-06,storage,1.9843,116.0,0.8134,0,3,1,0
org_phr62gds,2025-08-07,compute,0.1317,0,0.6436,1.5887,3,0,0
org_phr62gds,2025-08-07,storage,4.6688,225.0,8.3951,0.0,6,0,0
org_phr62gds,2025-08-08,analytics,7.3409,126.0,0.0,0.0,3,0,0
org_phr62gds,2025-08-08,storage,10.1546,463.0,3.0351,7.4611,6,0,0
org_phr62gds,2025-08-09,analytics,9.6727,113.0,0,17.3040,3,0,0
org_phr62gds,2025-08-09,storage,2.7511,134.0,0,15.5141,3,0,0
org_phr62gds,2025-08-10,analytics,20.0728,259.0,2.6758,0,3,0,0
org_phr62gds,2025-08-10,storage,8.2342,374.0,0,0,3,0,0
org_phr62gds,2025-08-11,analytics,10.9438,110.0,0.2769,14.5707,3,0,0
org_phr62gds,2025-08-12,compute,28.7494,340.0,0,0,3,0,0
org_phr62gds,2025-08-12,storage,5.8784,276.0,8.1792,0,6,0,0
org_phr62gds,2025-08-13,analytics,8.1835,110.0,4.4945,0,3,0,0
org_phr62gds,2025-08-13,compute,11.1583,138.0,2.3613,0,3,0,0
org_phr62gds,2025-08-13,storage,14.0465,660.0,0,0,6,0,0
org_phr62gds,2025-08-14,analytics,16.7604,229.0,0,16.2219,3,0,0
org_phr62gds,2025-08-14,storage,4.6388,134.0,0.0,57.6291,6,0,0
org_phr62gds,2025-08-16,analytics,25.5269,371.0,0,0,3,0,0
org_phr62gds,2025-08-16,storage,4.5891,234.0,0,15.594,3,0,0
org_phr62gds,2025-08-17,storage,4.8747,224.0,1.6173,37.5742,6,0,0
org_phr62gds,2025-08-18,analytics,5.2340,91.0,0,22.7898,3,0,1
org_phr62gds,2025-08-18,compute,0.5647,0,5.0591,1.4874,3,0,0
org_phr62gds,2025-08-19,analytics,7.0478,118.0,2.4346,5.5311,3,0,0
org_phr62gds,2025-08-19,compute,20.1131,231.0,0,0.0,3,0,0
org_phr62gds,2025-08-19,storage,4.5258,193.0,0,21.34,3,0,0
org_phr62gds,2025-08-20,analytics,19.1996,233.0,0,10.2081,3,0,0
org_phr62gds,2025-08-20,compute,14.3087,126.0,0,27.2972,3,0,0
org_phr62gds,2025-08-20,storage,5.3648,270.0,0,29.4513,3,0,0
org_phr62gds,2025-08-21,analytics,18.8408,250.0,0,14.4963,3,0,0
org_phr62gds,2025-08-21,storage,5.3582,227.0,0,9.135,3,0,0
org_phr62gds,2025-08-23,compute,7.7804,113.0,4.6624,0,3,0,0
org_phr62gds,2025-08-24,analytics,18.9582,214.0,1.6722,0,3,0,0
org_phr62gds,2025-08-24,storage,0.7708,0,2.5994,40.3884,6,0,0
org_phr62gds,2025-08-25,analytics,9.2651,110.0,4.9678,11.2254,3,0,0
org_phr62gds,2025-08-25,storage,1.8830,103.0,2.0308,2.875,3,0,0
org_phr62gds,2025-08-26,storage,3.8100,128.0,2.1996,42.2522,6,0,0
org_phr62gds,2025-08-27,storage,5.7473,249.0,6.0438,0,6,0,0
org_phr62gds,2025-08-28,storage,1.8106,98.0,2.8927,0,3,0,0
org_phr62gds,2025-08-29,analytics,1.4682,0,2.6426,22.8487,3,0,0
org_phr62gds,2025-08-29,compute,10.3728,129.0,3.2345,0,3,0,0
org_phr62gds,2025-08-29,storage,7.0360,360.0,6.0251,16.263,6,0,0
org_phr62gds,2025-08-30,analytics,2.2404,0,0.0,30.6555,3,0,0
org_phr62gds,2025-08-30,storage,9.3794,419.0,0,36.5919,6,0,0
org_phr62gds,2025-08-31,analytics,16.7874,246.0,0,14.3128,3,0,0
org_phr62gds,2025-08-31,compute,1.0127,0,7.6844,8.5218,3,0,0
org_phr62gds,2025-08-31,storage,1.9328,110.0,1.7677,9.9378,3,0,0
org_pht0hl9x,2025-07-03,analytics,1.2339,0,3.3945,16.3767,3,1,0
org_pht0hl9x,2025-07-05,analytics,17.6624,252.0,2.976,0,3,0,0
org_pht0hl9x,2025-07-05,compute,20.7178,243.0,0.0378,0,3,0,0
org_pht0hl9x,2025-07-06,analytics,15.2774,212.0,2.8178,0,3,0,0
org_pht0hl9x,2025-07-06,compute,1.3041,0,3.9208,14.2363,3,0,0
org_pht0hl9x,2025-07-06,storage,4.1305,222.0,0,0.0,3,0,0
org_pht0hl9x,2025-07-07,analytics,19.2406,231.0,1.6312,0,3,0,0
org_pht0hl9x,2025-07-07,compute,0.4963,0,7.0498,0,3,0,0
org_pht0hl9x,2025-07-07,storage,4.2608,216.0,0,12.9993,3,0,0
org_pht0hl9x,2025-07-08,analytics,15.3918,252.0,0.0605,0,3,0,0
org_pht0hl9x,2025-07-09,analytics,9.7327,106.0,1.6333,0.8394,3,0,0
org_pht0hl9x,2025-07-10,analytics,7.3096,129.0,3.5250,0,3,0,0
org_pht0hl9x,2025-07-12,compute,16.0077,224.0,0,7.9378,3,0,0
org_pht0hl9x,2025-07-12,storage,7.8541,361.0,0,0,3,0,0
org_pht0hl9x,2025-07-13,compute,1.1190,0,2.2558,9.2796,3,0,0
org_pht0hl9x,2025-07-13,storage,4.3337,241.0,0,0.5796,3,0,0
org_pht0hl9x,2025-07-14,compute,21.0089,237.0,0.6771,0,3,0,0
org_pht0hl9x,2025-07-14,storage,2.5933,129.0,1.5807,12.444,3,0,1
org_pht0hl9x,2025-07-15,compute,26.6911,347.0,0,0,3,0,0
org_pht0hl9x,2025-07-15,storage,4.880,250.0,0,0.0,3,0,0
org_pht0hl9x,2025-07-16,compute,2.0069,0,0.4923,22.8166,3,0,0
org_pht0hl9x,2025-07-17,analytics,18.4140,256.0,3.2094,0,3,0,0
org_pht0hl9x,2025-07-17,storage,2.0822,114.0,2.6641,0.0,3,0,0
org_pht0hl9x,2025-07-18,analytics,5.8653,106.0,0,0.2236,3,0,0
org_pht0hl9x,2025-07-18,compute,8.7254,115.0,2.4992,0,3,0,0
org_pht0hl9x,2025-07-18,storage,2.9544,118.0,0.0,14.9654,3,0,0
org_pht0hl9x,2025-07-20,analytics,15.3786,218.0,0,18.9959,3,0,0
org_pht0hl9x,2025-07-21,analytics,0.8263,0,3.1071,8.3251,3,0,0
org_pht0hl9x,2025-07-21,storage,6.7404,282.0,0,0.0,3,0,0
org_pht0hl9x,2025-07-22,compute,8.1903,131.0,1.7276,0.0,3,0,0
org_pht0hl9x,2025-07-22,storage,7.0615,373.0,0,0,3,0,0
org_pht0hl9x,2025-07-23,analytics,14.6066,215.0,3.4708,0,3,0,0
org_pht0hl9x,2025-07-23,compute,22.5338,227.0,0,0.0,3,0,0
org_pht0hl9x,2025-07-24,analytics,24.7848,365.0,0,0,3,0,0
org_pht0hl9x,2025-07-24,compute,9.0362,113.0,0,0,3,2,0
org_pht0hl9x,2025-07-25,analytics,8.3127,135.0,2.7522,2.9465,3,0,0
org_pht0hl9x,2025-07-25,compute,9.3619,110.0,0,21.2673,3,0,0
org_pht0hl9x,2025-07-26,analytics,9.5947,127.0,0,22.0830,3,0,0
org_pht0hl9x,2025-07-26,compute,1.6505,0,2.3185,17.1570,3,0,0
org_pht0hl9x,2025-07-26,storage,9.4802,379.0,0,0,3,0,0
org_pht0hl9x,2025-07-27,analytics,8.7082,114.0,0,16.9243,3,0,0
org_pht0hl9x,2025-07-28,analytics,25.5263,373.0,0,0,3,0,0
org_pht0hl9x,2025-07-28,compute,0.6310,0,7.2886,0,3,0,0
org_pht0hl9x,2025-07-29,analytics,0.3964,0,5.3133,0,3,0,0
org_pht0hl9x,2025-07-29,compute,9.7466,0,0,24.1076,3,1,0
org_pht0hl9x,2025-07-30,analytics,19.9147,236.0,0,2.3136,3,0,0
org_pht0hl9x,2025-07-30,storage,2.8528,130.0,6.2566,0,3,0,0
org_pht0hl9x,2025-07-31,compute,16.9507,115.0,0,13.2096,3,1,0
org_pht0hl9x,2025-08-01,analytics,8.1062,125.0,4.9407,0,3,0,0
org_pht0hl9x,2025-08-01,compute,9.9505,112.0,0.1838,6.097,3,0,0
org_pht0hl9x,2025-08-02,compute,10.0469,117.0,5.2817,0,3,0,0
org_pht0hl9x,2025-08-03,storage,2.6665,113.0,0,0.0,3,0,0
org_pht0hl9x,2025-08-05,compute,8.3927,0,1.7031,7.7866,3,1,0
org_pht0hl9x,2025-08-05,storage,3.9901,104.0,5.8634,0,3,0,0
org_pht0hl9x,2025-08-06,analytics,15.6962,245.0,0,9.176,3,0,0
org_pht0hl9x,2025-08-07,compute,12.1912,130.0,2.2664,10.6445,3,0,0
org_pht0hl9x,2025-08-07,storage,0.3579,0,1.3688,14.8194,3,0,0
org_pht0hl9x,2025-08-08,analytics,19.5240,249.0,2.21,0,3,0,0
org_pht0hl9x,2025-08-08,compute,11.8595,111.0,1.2557,12.4309,3,0,0
org_pht0hl9x,2025-08-09,analytics,27.2838,383.0,0,0,3,0,0
org_pht0hl9x,2025-08-09,compute,1.9135,0,1.8779,18.5639,3,0,0
org_pht0hl9x,2025-08-10,analytics,26.6611,377.0,0,0,3,0,0
org_pht0hl9x,2025-08-10,storage,0.3450,0,0,42.3405,3,0,1
org_pht0hl9x,2025-08-11,analytics,18.5127,242.0,0,12.7607,3,0,0
org_pht0hl9x,2025-08-11,compute,8.2852,117.0,1.7072,9.7522,3,0,0
org_pht0hl9x,2025-08-12,analytics,8.4951,114.0,0.309,6.5975,3,0,0
org_pht0hl9x,2025-08-12,storage,4.6121,233.0,0,0.0,3,0,0
org_pht0hl9x,2025-08-13,analytics,1.1731,0,1.2904,14.4826,3,0,0
org_pht0hl9x,2025-08-13,compute,1.9574,0,0.1129,23.6031,3,0,0
org_pht0hl9x,2025-08-14,analytics,11.3187,148.0,0,18.5661,3,0,0
org_pht0hl9x,2025-08-14,compute,0.7421,0,3.7601,5.9151,3,0,0
org_pht0hl9x,2025-08-15,compute,0.9515,0,1.934,10.0346,3,0,0
org_pht0hl9x,2025-08-15,storage,2.4963,118.0,0,2.8659,3,0,0
org_pht0hl9x,2025-08-16,compute,20.9655,249.0,0.5918,0,3,0,0
org_pht0hl9x,2025-08-17,analytics,18.5884,277.0,0,8.5577,3,0,0
org_pht0hl9x,2025-08-17,compute,23.4701,231.0,0,31.7826,3,0,0
org_pht0hl9x,2025-08-17,storage,7.9218,357.0,0,0,3,0,0
org_pht0hl9x,2025-08-18,analytics,20.0693,246.0,0,13.6261,3,0,0
org_pht0hl9x,2025-08-18,compute,21.4454,224.0,0,9.9425,3,0,0
org_pht0hl9x,2025-08-18,storage,2.6731,111.0,0.0,12.1573,3,0,0
org_pht0hl9x,2025-08-19,compute,23.1909,267.0,0,5.86,3,0,0
org_pht0hl9x,2025-08-19,storage,5.3952,228.0,0,13.4581,3,0,0
org_pht0hl9x,2025-08-20,analytics,28.9441,404.0,0,0,3,0,0
org_pht0hl9x,2025-08-20,compute,9.7662,112.0,0.0,0.0,3,0,0
org_pht0hl9x,2025-08-21,compute,21.3461,249.0,0,13.5989,3,0,0
org_pht0hl9x,2025-08-22,analytics,14.1182,244.0,3.5058,0,3,0,0
org_pht0hl9x,2025-08-22,storage,4.6279,255.0,0.1512,0,3,0,0
org_pht0hl9x,2025-08-23,compute,16.7181,221.0,5.8449,0,3,0,0
org_pht0hl9x,2025-08-23,storage,2.7951,132.0,0,39.7877,3,0,0
org_pht0hl9x,2025-08-24,analytics,9.9551,128.0,0,7.1166,3,0,0
org_pht0hl9x,2025-08-25,analytics,257.0420,246.0,5.477,0,3,0,0
org_pht0hl9x,2025-08-25,compute,14.0705,133.0,2.1602,29.7009,3,0,0
org_pht0hl9x,2025-08-26,analytics,7.8297,121.0,1.2568,6.2792,3,0,0
org_pht0hl9x,2025-08-26,storage,2.3144,106.0,3.5567,0,3,0,0
org_pht0hl9x,2025-08-27,analytics,8.9732,113.0,0.0,13.6793,3,0,0
org_pht0hl9x,2025-08-27,compute,17.7030,246.0,0,9.5644,3,0,0
org_pht0hl9x,2025-08-27,storage,7.0637,377.0,0,0,3,0,0
org_pht0hl9x,2025-08-28,analytics,18.0282,248.0,0,0.0,3,0,0
org_pht0hl9x,2025-08-28,compute,21.0643,119.0,0,12.2679,3,1,0
org_pht0hl9x,2025-08-28,storage,5.5886,258.0,0,3.1705,3,0,0
org_pht0hl9x,2025-08-29,analytics,0.9327,0,0.926,12.7787,3,0,0
org_pht0hl9x,2025-08-29,compute,17.5916,235.0,2.9311,0,3,0,0
org_pht0hl9x,2025-08-30,compute,8.2708,122.0,2.5109,0,3,0,0
org_pht0hl9x,2025-08-30,storage,2.5032,108.0,0,41.0569,3,0,0
org_pht0hl9x,2025-08-31,analytics,10.6525,125.0,0.0,20.5966,3,0,0
org_pja1wj0t,2025-07-03,compute,27.2090,348.0,2.6787,8.5609,6,0,0
org_pja1wj0t,2025-07-03,networking,1.0153,113.0,6.5888,0,3,0,0
org_pja1wj0t,2025-07-03,storage,4.7583,244.0,3.5848,0,3,0,0
org_pja1wj0t,2025-07-04,storage,3.0463,123.0,3.6215,4.6714,3,0,0
org_pja1wj0t,2025-07-05,compute,31.3513,460.0,3.1486,0,6,0,0
org_pja1wj0t,2025-07-05,networking,2.7566,264.0,3.195,0,3,0,0
org_pja1wj0t,2025-07-05,storage,2.7285,114.0,0,12.4409,3,0,0
org_pja1wj0t,2025-07-06,compute,10.8262,107.0,0,34.1667,3,0,0
org_pja1wj0t,2025-07-06,storage,8.0402,409.0,0,0,3,0,0
org_pja1wj0t,2025-07-07,compute,30.7542,361.0,0.6179,12.8967,6,0,0
org_pja1wj0t,2025-07-07,networking,2.7145,269.0,0,9.704,3,0,0
org_pja1wj0t,2025-07-07,storage,2.7681,103.0,0.0,16.6099,3,0,0
org_pja1wj0t,2025-07-08,networking,2.1882,231.0,3.051,0,3,0,0
org_pja1wj0t,2025-07-08,storage,4.7686,243.0,0,9.6639,3,0,0
org_pja1wj0t,2025-07-09,compute,29.0312,342.0,4.3325,6.8204,6,0,0
org_pja1wj0t,2025-07-09,networking,3.2733,329.0,0,0,3,0,0
org_pja1wj0t,2025-07-10,compute,30.5484,222.0,3.3860,0.2356,6,1,0
org_pja1wj0t,2025-07-11,compute,9.1020,113.0,0.7854,5.9814,3,0,0
org_pja1wj0t,2025-07-11,networking,1.8564,221.0,0.4132,0,3,0,0
org_pja1wj0t,2025-07-11,storage,2.4454,114.0,1.7028,0,3,0,0
org_pja1wj0t,2025-07-12,compute,7.7207,108.0,1.9633,16.4857,3,0,0
org_pja1wj0t,2025-07-12,networking,2.7045,240.0,2.4178,0,3,0,0
org_pja1wj0t,2025-07-13,compute,0.6242,0,6.4384,0,3,0,0
org_pja1wj0t,2025-07-13,networking,0.1510,0,1.5103,15.6942,3,0,0
org_pja1wj0t,2025-07-14,compute,2.8661,0,2.8067,34.4540,3,0,0
org_pja1wj0t,2025-07-14,networking,1.6902,143.0,5.2474,0,3,0,0
org_pja1wj0t,2025-07-15,compute,25.9923,245.0,1.8506,27.5917,6,0,0
org_pja1wj0t,2025-07-15,storage,3.6882,248.0,0.0,0,3,0,0
org_pja1wj0t,2025-07-16,compute,0.5038,0,5.6331,0,3,0,0
org_pja1wj0t,2025-07-16,networking,1.4966,129.0,0.6144,14.4561,3,0,0
org_pja1wj0t,2025-07-16,storage,2.0950,105.0,3.4075,0.0,3,0,0
org_pja1wj0t,2025-07-17,compute,25.4627,260.0,0,5.6549,3,0,0
org_pja1wj0t,2025-07-17,networking,0.9935,122.0,0.5405,3.0974,3,0,0
org_pja1wj0t,2025-07-17,storage,4.6108,244.0,0.0936,0,3,0,0
org_pja1wj0t,2025-07-18,compute,23.1793,252.0,0.7859,21.2045,6,0,0
org_pja1wj0t,2025-07-18,networking,0.2990,0,2.7958,28.7126,3,0,0
org_pja1wj0t,2025-07-18,storage,0.2669,0,1.9508,9.8030,3,0,0
org_pja1wj0t,2025-07-19,compute,1.0915,0,1.6848,12.7983,3,0,0
org_pja1wj0t,2025-07-19,networking,1.0096,112.0,5.4046,0,3,0,0
org_pja1wj0t,2025-07-19,storage,0.5839,0,0,34.0202,3,0,0
org_pja1wj0t,2025-07-20,compute,9.5433,126.0,3.1444,11.8144,3,0,0
org_pja1wj0t,2025-07-20,networking,0.1076,0,2.0811,10.0143,3,0,0
org_pja1wj0t,2025-07-21,compute,21.6251,244.0,3.9713,33.8927,6,0,0
org_pja1wj0t,2025-07-21,networking,1.2285,125.0,5.0151,10.194,3,0,0
org_pja1wj0t,2025-07-22,compute,19.9702,234.0,3.4729,0,3,0,0
org_pja1wj0t,2025-07-23,compute,17.5717,225.0,1.7006,7.1116,6,1,0
org_pja1wj0t,2025-07-23,networking,3.5912,363.0,0,0,3,0,0
org_pja1wj0t,2025-07-23,storage,6.7430,351.0,0,0,3,0,0
org_pja1wj0t,2025-07-24,compute,19.2343,240.0,2.7069,0,3,0,0
org_pja1wj0t,2025-07-24,storage,2.2425,120.0,2.1684,18.8013,3,0,0
org_pja1wj0t,2025-07-25,compute,11.2247,138.0,1.7981,12.3088,3,0,0
org_pja1wj0t,2025-07-25,networking,3.4995,361.0,0,0,3,0,0
org_pja1wj0t,2025-07-25,storage,5.7527,244.0,0.0,0,3,0,0
org_pja1wj0t,2025-07-26,compute,24.4925,351.0,1.5133,3.1539,6,0,0
org_pja1wj0t,2025-07-26,networking,1.5611,127.0,0,22.5243,3,0,0
org_pja1wj0t,2025-07-26,storage,0.1263,0,6.8685,0,3,0,0
org_pja1wj0t,2025-07-27,storage,2.9851,124.0,0,5.4594,3,0,0
org_pja1wj0t,2025-07-28,compute,0.1752,0,0.8857,1.0055,3,0,0
org_pja1wj0t,2025-07-28,networking,2.5788,218.0,0,11.9936,3,0,0
org_pja1wj0t,2025-07-28,storage,4.5931,222.0,0,1.4925,3,0,0
org_pja1wj0t,2025-07-29,compute,32.4225,369.0,12.0367,24.7344,6,0,0
org_pja1wj0t,2025-07-29,networking,2.6780,228.0,0,8.2803,3,0,0
org_pja1wj0t,2025-07-29,storage,0.6176,0,1.6813,26.5877,3,0,0
org_pja1wj0t,2025-07-30,compute,40.4968,338.0,0.0,6.6257,6,1,0
org_pja1wj0t,2025-07-30,networking,2.2638,240.0,0,10.3423,3,0,0
org_pja1wj0t,2025-07-30,storage,1.9663,121.0,4.7048,0.1552,3,0,0
org_pja1wj0t,2025-07-31,compute,8.3783,119.0,3.0433,27.1032,3,0,0
org_pja1wj0t,2025-07-31,networking,0.7529,141.0,3.0495,11.188,3,0,0
org_pja1wj0t,2025-08-01,networking,1.0846,108.0,5.457,5.9077,3,0,0
org_pja1wj0t,2025-08-01,storage,4.9530,108.0,1.9251,0,3,1,0
org_pja1wj0t,2025-08-02,compute,27.9041,317.0,0,0,3,0,0
org_pja1wj0t,2025-08-02,networking,2.9317,255.0,0,0.0,3,0,0
org_pja1wj0t,2025-08-02,storage,0.5005,0,0,22.6219,3,0,0
org_pja1wj0t,2025-08-03,compute,20.9512,232.0,0,0.0,3,0,0
org_pja1wj0t,2025-08-03,networking,2.0822,234.0,3.6188,0,3,0,0
org_pja1wj0t,2025-08-03,storage,4.8849,214.0,0,3.3786,3,0,0
org_pja1wj0t,2025-08-04,compute,17.5248,248.0,0,2.0039,3,0,0
org_pja1wj0t,2025-08-04,networking,2.8159,283.0,0,0,3,1,0
org_pja1wj0t,2025-08-04,storage,3.1358,124.0,3.8979,11.1537,3,0,0
org_pja1wj0t,2025-08-05,compute,36.5522,473.0,4.4220,0,6,0,0
org_pja1wj0t,2025-08-05,networking,2.5887,226.0,0.5042,0,3,0,0
org_pja1wj0t,2025-08-06,compute,12.9085,126.0,1.7195,0.0,3,0,0
org_pja1wj0t,2025-08-06,networking,1.0440,109.0,0.7745,0,3,0,1
org_pja1wj0t,2025-08-07,compute,27.0022,371.0,1.333,5.9204,6,1,0
org_pja1wj0t,2025-08-07,networking,2.8917,257.0,3.569,0,3,0,0
org_pja1wj0t,2025-08-07,storage,7.9503,369.0,0,0,3,0,0
org_pja1wj0t,2025-08-08,compute,42.7655,514.0,2.127,10.8216,6,0,0
org_pja1wj0t,2025-08-08,networking,1.5766,114.0,0,12.6044,3,0,0
org_pja1wj0t,2025-08-09,compute,17.2774,245.0,0,9.9972,3,0,0
org_pja1wj0t,2025-08-10,compute,28.3705,352.0,0.4111,1.2268,6,0,0
org_pja1wj0t,2025-08-11,networking,1.1688,107.0,0.9098,13.1478,3,0,0
org_pja1wj0t,2025-08-12,compute,7.8502,125.0,3.0338,0.0,3,0,0
org_pja1wj0t,2025-08-12,networking,1.5139,105.0,0.0,15.6493,3,0,0
org_pja1wj0t,2025-08-13,compute,8.6870,130.0,2.3566,0,3,0,0
org_pja1wj0t,2025-08-13,storage,2.3279,103.0,0,7.1328,3,0,0
org_pja1wj0t,2025-08-14,compute,16.0292,231.0,0.0,15.9100,6,0,0
org_pja1wj0t,2025-08-14,networking,1.2184,117.0,1.8372,0,3,1,0
org_pja1wj0t,2025-08-15,compute,18.4388,228.0,0.7332,0,3,0,0
org_pja1wj0t,2025-08-15,storage,2.2582,97.0,0.8593,10.6682,3,0,0
org_pja1wj0t,2025-08-16,compute,21.6188,260.0,5.0930,14.4828,6,0,0
org_pja1wj0t,2025-08-17,compute,11.2851,123.0,3.6464,16.9414,3,0,0
org_pja1wj0t,2025-08-17,storage,4.7605,240.0,5.2389,0,3,0,0
org_pja1wj0t,2025-08-18,compute,44.8973,556.0,0,10.8362,6,0,0
org_pja1wj0t,2025-08-18,networking,1.5268,107.0,0,9.2853,3,0,0
org_pja1wj0t,2025-08-19,compute,33.7606,386.0,2.1147,26.091,6,0,0
org_pja1wj0t,2025-08-19,networking,0.3046,0,3.2853,28.3956,3,0,0
org_pja1wj0t,2025-08-20,compute,18.6824,216.0,0,3.5951,3,0,0
org_pja1wj0t,2025-08-20,networking,1.3191,119.0,3.0397,3.9058,3,0,0
org_pja1wj0t,2025-08-21,compute,11.0519,113.0,2.278,0.0,3,0,0
org_pja1wj0t,2025-08-23,compute,205.8369,117.0,2.0722,17.199,3,0,0
org_pja1wj0t,2025-08-24,compute,12.3228,115.0,0,50.8596,6,0,0
org_pja1wj0t,2025-08-25,compute,1.9722,0,5.6111,19.1551,3,0,0
org_pja1wj0t,2025-08-25,storage,0.1883,0,0.2894,8.3772,3,0,0
org_pja1wj0t,2025-08-26,compute,11.0357,119.0,0.1233,16.4538,3,0,0
org_pja1wj0t,2025-08-26,networking,2.5922,247.0,0,18.7162,3,0,0
org_pja1wj0t,2025-08-27,compute,40.3104,477.0,1.1613,18.5343,6,0,0
org_pja1wj0t,2025-08-27,networking,2.3271,244.0,1.8481,0,3,0,0
org_pja1wj0t,2025-08-27,storage,0.4149,0,0,19.9783,3,0,0
org_pja1wj0t,2025-08-28,compute,29.6369,264.0,0,0,3,1,0
org_pja1wj0t,2025-08-28,storage,2.756,120.0,0,14.8481,3,0,0
org_pja1wj0t,2025-08-29,networking,1.7206,125.0,3.819,12.6234,3,0,0
org_pja1wj0t,2025-08-30,compute,40.6040,484.0,2.7303,7.3517,6,0,0
org_pja1wj0t,2025-08-30,networking,2.3860,252.0,0,8.094,3,0,0
org_pja1wj0t,2025-08-31,compute,11.9280,111.0,1.9617,14.4516,3,0,0
org_pja1wj0t,2025-08-31,networking,3.6526,341.0,0,0,3,0,0
org_pnsm43d8,2025-07-03,compute,47.5576,354.0,8.9135,25.2434,9,1,0
org_pnsm43d8,2025-07-03,storage,2.5741,122.0,1.788,12.0022,3,0,0
org_pnsm43d8,2025-07-04,compute,51.2119,532.0,1.4293,27.8154,9,0,0
org_pnsm43d8,2025-07-04,storage,6.1303,344.0,0,0,3,0,0
org_pnsm43d8,2025-07-05,compute,70.1741,723.0,6.6774,70.0786,15,0,0
org_pnsm43d8,2025-07-06,compute,57.9691,708.0,0.6495,37.0960,12,0,0
org_pnsm43d8,2025-07-06,networking,2.6957,251.0,2.8193,0,3,0,0
org_pnsm43d8,2025-07-06,storage,6.9263,352.0,0,0,3,0,0
org_pnsm43d8,2025-07-07,compute,54.2924,609.0,3.6206,75.7249,12,0,0
org_pnsm43d8,2025-07-07,networking,0.1764,0,0.5782,15.9370,3,0,0
org_pnsm43d8,2025-07-07,storage,0.4484,0,3.2681,18.5844,3,0,0
org_pnsm43d8,2025-07-08,compute,12.4884,114.0,2.2539,44.4304,6,0,0
org_pnsm43d8,2025-07-08,networking,2.8193,257.0,0.0,0,3,0,0
org_pnsm43d8,2025-07-08,storage,0.3792,0,1.5685,17.6536,3,0,0
org_pnsm43d8,2025-07-09,compute,15.5221,138.0,6.8388,43.9649,9,0,0
org_pnsm43d8,2025-07-10,compute,24.8443,264.0,7.7998,48.5691,9,0,0
org_pnsm43d8,2025-07-10,networking,2.5289,203.0,0,10.9526,3,0,0
org_pnsm43d8,2025-07-11,compute,12.1607,117.0,0.4866,13.292,3,0,0
org_pnsm43d8,2025-07-11,networking,1.2637,120.0,0,29.6500,3,0,0
org_pnsm43d8,2025-07-12,compute,28.1628,342.0,7.3959,5.817,9,0,0
org_pnsm43d8,2025-07-12,networking,2.4637,238.0,0,27.1275,3,0,0
org_pnsm43d8,2025-07-12,storage,2.3848,122.0,0.8851,16.843,3,0,0
org_pnsm43d8,2025-07-13,compute,54.4189,740.0,1.1546,1.7568,9,0,0
org_pnsm43d8,2025-07-13,storage,4.5340,235.0,0,13.6966,3,0,0
org_pnsm43d8,2025-07-14,compute,22.7798,238.0,8.4525,17.0297,6,0,0
org_pnsm43d8,2025-07-15,compute,27.3305,367.0,5.5938,0,6,1,0
org_pnsm43d8,2025-07-15,storage,2.3263,127.0,2.4027,0.0,3,0,0
org_pnsm43d8,2025-07-16,compute,52.5932,677.0,0,65.1572,12,0,0
org_pnsm43d8,2025-07-16,storage,0.4500,0,0.0824,25.5414,3,0,0
org_pnsm43d8,2025-07-17,compute,16.4127,475.0,7.7796,0.0923,9,0,1
org_pnsm43d8,2025-07-17,networking,3.8281,396.0,0,0,3,0,0
org_pnsm43d8,2025-07-17,storage,56.6704,256.0,0,12.1503,3,0,0
org_pnsm43d8,2025-07-18,compute,75.1477,869.0,3.0500,36.6114,12,0,0
org_pnsm43d8,2025-07-18,storage,3.2130,124.0,1.5558,0,3,1,0
org_pnsm43d8,2025-07-19,compute,31.9826,456.0,1.6351,0.0,6,0,0
org_pnsm43d8,2025-07-19,networking,2.5147,227.0,0,0.0,3,0,0
org_pnsm43d8,2025-07-19,storage,0.2103,0,3.7805,6.7409,3,0,0
org_pnsm43d8,2025-07-20,compute,12.9682,133.0,3.1324,32.0253,6,0,0
org_pnsm43d8,2025-07-20,networking,1.5192,130.0,2.0912,12.3308,3,0,0
org_pnsm43d8,2025-07-20,storage,4.0978,239.0,0,0.0,3,0,0
org_pnsm43d8,2025-07-21,compute,30.4032,345.0,0,0,3,0,0
org_pnsm43d8,2025-07-21,storage,2.7042,119.0,8.1846,0,3,0,0
org_pnsm43d8,2025-07-22,compute,7.8248,132.0,3.6165,0,3,0,0
org_pnsm43d8,2025-07-23,compute,67.8008,830.0,4.7793,19.1290,15,0,0
org_pnsm43d8,2025-07-23,storage,2.9165,113.0,1.6036,5.477,3,0,0
org_pnsm43d8,2025-07-24,compute,85.4368,1029.0,1.8093,25.7193,15,0,0
org_pnsm43d8,2025-07-24,networking,0.1261,0,0.9701,12.9658,3,0,0
org_pnsm43d8,2025-07-25,compute,63.2395,732.0,9.6877,20.7429,15,0,0
org_pnsm43d8,2025-07-25,networking,1.7702,127.0,3.6687,0,3,0,0
org_pnsm43d8,2025-07-26,compute,62.9656,726.0,3.4833,48.2787,12,0,0
org_pnsm43d8,2025-07-26,storage,6.3835,376.0,0,0,3,0,0
org_pnsm43d8,2025-07-27,networking,2.2818,113.0,0,3.2717,3,1,0
org_pnsm43d8,2025-07-28,compute,45.9277,480.0,9.4957,29.7535,12,0,0
org_pnsm43d8,2025-07-28,networking,2.6440,238.0,0,15.1409,3,0,0
org_pnsm43d8,2025-07-29,compute,74.3051,735.0,9.2032,5.9084,12,1,0
org_pnsm43d8,2025-07-29,networking,2.3811,255.0,3.0797,0,3,0,0
org_pnsm43d8,2025-07-30,compute,0.9689,0,0.0,11.4133,3,0,0
org_pnsm43d8,2025-07-30,storage,2.3679,138.0,0,16.7614,3,0,0
org_pnsm43d8,2025-07-31,compute,34.8472,467.0,1.8472,11.3316,6,0,0
org_pnsm43d8,2025-07-31,networking,2.5967,246.0,0,13.8534,3,0,0
org_pnsm43d8,2025-08-01,compute,25.0817,229.0,3.7408,49.5332,9,0,0
org_pnsm43d8,2025-08-01,networking,0.1747,0,2.465,13.1259,3,0,0
org_pnsm43d8,2025-08-02,compute,60.4373,698.0,1.3776,17.4800,9,0,0
org_pnsm43d8,2025-08-02,networking,1.3379,117.0,2.7837,0,3,0,0
org_pnsm43d8,2025-08-03,compute,71.5446,732.0,1.4432,39.6862,15,1,0
org_pnsm43d8,2025-08-03,networking,0.2122,0,3.1623,16.3474,3,0,0
org_pnsm43d8,2025-08-03,storage,7.6482,356.0,0,0,3,0,0
org_pnsm43d8,2025-08-04,compute,55.7157,491.0,11.1862,77.3105,15,1,0
org_pnsm43d8,2025-08-04,storage,7.7191,382.0,0,0,3,0,0
org_pnsm43d8,2025-08-05,compute,22.4340,246.0,0.0,24.0199,6,0,0
org_pnsm43d8,2025-08-06,compute,52.9698,585.0,6.8168,37.2227,12,0,0
org_pnsm43d8,2025-08-06,networking,7.8367,276.0,0,29.3668,3,0,0
org_pnsm43d8,2025-08-07,compute,35.6339,362.0,9.7304,21.4851,9,0,0
org_pnsm43d8,2025-08-07,networking,2.7334,243.0,0.8613,0,3,0,0
org_pnsm43d8,2025-08-07,storage,2.7026,120.0,2.9612,0,3,0,0
org_pnsm43d8,2025-08-08,compute,45.2928,560.0,1.7453,40.1200,9,0,0
org_pnsm43d8,2025-08-08,networking,1.8505,212.0,4.7048,0,3,0,1
org_pnsm43d8,2025-08-08,storage,2.5433,112.0,5.7274,6.0958,3,0,0
org_pnsm43d8,2025-08-09,compute,81.3768,983.0,3.2839,37.8375,15,0,0
org_pnsm43d8,2025-08-09,networking,2.1709,239.0,0,8.92,3,0,0
org_pnsm43d8,2025-08-09,storage,4.9083,253.0,1.9228,0,3,0,0
org_pnsm43d8,2025-08-10,compute,48.7236,573.0,1.7978,25.7788,9,0,0
org_pnsm43d8,2025-08-10,storage,2.4289,113.0,0.0,0.0,3,0,0
org_pnsm43d8,2025-08-11,compute,22.9462,254.0,1.703,0,3,0,0
org_pnsm43d8,2025-08-11,networking,0.8957,108.0,6.9475,0,3,0,0
org_pnsm43d8,2025-08-11,storage,5.4656,235.0,1.3728,0,3,0,0
org_pnsm43d8,2025-08-12,compute,13.0730,124.0,8.0260,57.6774,9,0,0
org_pnsm43d8,2025-08-12,networking,2.6826,242.0,0,23.0661,3,0,0
org_pnsm43d8,2025-08-13,compute,46.7553,501.0,2.8435,61.6493,9,0,0
org_pnsm43d8,2025-08-13,networking,2.8556,226.0,0,19.1953,3,0,0
org_pnsm43d8,2025-08-14,compute,16.6879,246.0,1.8862,0,3,0,0
org_pnsm43d8,2025-08-14,storage,4.3670,212.0,0,12.5426,3,0,0
org_pnsm43d8,2025-08-15,compute,26.7708,366.0,3.009,30.2485,6,0,0
org_pnsm43d8,2025-08-15,networking,1.4616,124.0,1.8195,0,3,0,0
org_pnsm43d8,2025-08-15,storage,2.3653,117.0,0.0,0,3,0,0
org_pnsm43d8,2025-08-16,compute,52.8215,610.0,6.9840,34.6905,12,0,0
org_pnsm43d8,2025-08-16,networking,1.5016,108.0,0.0,25.5752,3,0,0
org_pnsm43d8,2025-08-16,storage,3.9477,226.0,0,4.4615,3,0,0
org_pnsm43d8,2025-08-17,compute,47.6540,602.0,5.1686,37.3657,9,0,0
org_pnsm43d8,2025-08-17,networking,0.1746,0,0.6458,16.9183,3,0,0
org_pnsm43d8,2025-08-17,storage,4.9210,236.0,0,26.1967,3,0,0
org_pnsm43d8,2025-08-18,compute,64.7268,629.0,2.7572,8.7659,12,2,0
org_pnsm43d8,2025-08-19,compute,19.3785,93.0,4.7364,0,6,1,0
org_pnsm43d8,2025-08-19,networking,1.9238,187.0,1.4129,0,3,0,0
org_pnsm43d8,2025-08-19,storage,1.9794,119.0,0,7.0199,3,0,0
org_pnsm43d8,2025-08-20,compute,10.5417,131.0,3.8577,25.2689,6,0,0
org_pnsm43d8,2025-08-21,compute,47.7069,592.0,1.483,0,6,0,0
org_pnsm43d8,2025-08-21,networking,2.7123,235.0,0,13.308,3,0,0
org_pnsm43d8,2025-08-21,storage,2.1358,105.0,2.2892,3.4779,3,0,0
org_pnsm43d8,2025-08-22,compute,25.1409,258.0,0.3243,31.0698,6,0,0
org_pnsm43d8,2025-08-22,storage,5.5305,245.0,0.0,0,3,0,0
org_pnsm43d8,2025-08-23,compute,54.7167,737.0,8.7635,44.4836,12,0,0
org_pnsm43d8,2025-08-23,networking,1.7875,125.0,0,20.0072,3,0,0
org_pnsm43d8,2025-08-23,storage,4.9155,263.0,0,14.5656,3,0,0
org_pnsm43d8,2025-08-24,compute,50.2086,503.0,4.0159,28.4404,9,0,0
org_pnsm43d8,2025-08-24,networking,1.3471,0,3.4606,0,3,1,0
org_pnsm43d8,2025-08-25,compute,47.6635,487.0,8.2922,17.2244,9,0,0
org_pnsm43d8,2025-08-25,storage,2.6027,128.0,4.0445,7.3731,3,0,0
org_pnsm43d8,2025-08-26,compute,87.9432,1106.0,1.3164,6.6599,12,0,0
org_pnsm43d8,2025-08-26,networking,0.3206,0,0.0,27.5192,3,0,0
org_pnsm43d8,2025-08-27,compute,52.3606,594.0,0.0,34.1610,9,0,0
org_pnsm43d8,2025-08-27,networking,1.2953,114.0,2.5183,0.8913,3,0,0
org_pnsm43d8,2025-08-27,storage,4.0259,207.0,0,9.8882,3,0,0
org_pnsm43d8,2025-08-28,compute,38.7588,462.0,0.3564,38.2157,9,0,0
org_pnsm43d8,2025-08-28,networking,2.7781,246.0,0,10.0193,3,0,0
org_pnsm43d8,2025-08-28,storage,4.3158,243.0,0,0,3,1,0
org_pnsm43d8,2025-08-29,compute,44.0825,572.0,10.9086,0.7297,12,0,0
org_pnsm43d8,2025-08-29,networking,1.3721,126.0,0,34.2956,3,0,0
org_pnsm43d8,2025-08-29,storage,5.6879,266.0,0.4877,0,3,0,0
org_pnsm43d8,2025-08-30,compute,26.6235,241.0,0.0,50.2738,6,0,0
org_pnsm43d8,2025-08-31,compute,56.4039,624.0,0,82.5958,9,0,0
org_pseimvih,2025-07-03,analytics,8.1058,117.0,0,18.0649,3,0,0
org_pseimvih,2025-07-03,storage,10.5717,457.0,0.0,17.2433,6,0,0
org_pseimvih,2025-07-04,storage,9.7225,494.0,2.7301,0,6,0,0
org_pseimvih,2025-07-05,analytics,16.0721,223.0,0,5.8644,3,0,0
org_pseimvih,2025-07-05,storage,1.5653,0,6.4991,73.1384,6,0,0
org_pseimvih,2025-07-08,analytics,13.9472,212.0,0,4.1601,3,0,0
org_pseimvih,2025-07-08,storage,2.9027,111.0,0,17.1319,3,0,0
org_pseimvih,2025-07-09,storage,4.7616,232.0,0,16.2301,3,0,0
org_pseimvih,2025-07-10,storage,11.8678,610.0,0,11.798,6,0,0
org_pseimvih,2025-07-11,storage,1.2543,0,0,62.1799,3,0,0
org_pseimvih,2025-07-12,storage,7.9500,355.0,2.6129,25.8862,6,0,1
org_pseimvih,2025-07-13,analytics,14.8666,236.0,0,13.8531,3,0,0
org_pseimvih,2025-07-13,storage,6.7232,353.0,0,0,3,0,0
org_pseimvih,2025-07-14,analytics,10.1485,104.0,0,37.0945,3,0,0
org_pseimvih,2025-07-14,storage,5.0894,237.0,0,2.917,3,0,0
org_pseimvih,2025-07-16,storage,2.1461,103.0,3.9758,0,3,0,0
org_pseimvih,2025-07-17,analytics,9.8475,121.0,3.7196,4.8079,3,0,0
org_pseimvih,2025-07-17,storage,2.0365,114.0,0.0,7.0374,3,0,0
org_pseimvih,2025-07-20,analytics,10.9217,135.0,2.5978,12.4137,3,0,0
org_pseimvih,2025-07-20,storage,12.6262,587.0,1.8146,0,6,0,1
org_pseimvih,2025-07-21,analytics,9.0530,133.0,0,20.2124,3,0,0
org_pseimvih,2025-07-21,storage,2.3559,110.0,2.6807,7.9413,3,0,1
org_pseimvih,2025-07-22,storage,2.7709,123.0,3.6685,0,3,0,0
org_pseimvih,2025-07-23,storage,8.1801,374.0,2.6791,0,6,0,0
org_pseimvih,2025-07-24,storage,5.3280,228.0,0,15.4054,3,0,0
org_pseimvih,2025-07-26,analytics,11.7027,139.0,0,22.2924,3,0,0
org_pseimvih,2025-07-26,storage,4.7943,219.0,3.3029,0,3,0,0
org_pseimvih,2025-07-27,analytics,18.2452,234.0,1.3743,0,3,0,0
org_pseimvih,2025-07-27,storage,9.4855,497.0,8.5129,0,6,0,0
org_pseimvih,2025-07-28,storage,4.4064,219.0,0,0.6643,3,0,0
org_pseimvih,2025-07-29,storage,8.9842,364.0,0.3954,43.7713,6,0,0
org_pseimvih,2025-07-31,analytics,9.6636,111.0,3.8757,23.7115,3,0,0
org_pseimvih,2025-07-31,storage,8.1669,362.0,0,0,3,0,0
org_pseimvih,2025-08-01,analytics,15.1492,235.0,0,12.4257,3,0,0
org_pseimvih,2025-08-01,storage,3.5771,125.0,6.4476,0,3,0,0
org_pseimvih,2025-08-03,analytics,0.0964,0,1.1847,0.0,3,0,0
org_pseimvih,2025-08-03,storage,3.8008,115.0,0,32.4553,3,0,0
org_pseimvih,2025-08-04,storage,50.4994,473.0,1.5255,5.7641,6,0,0
org_pseimvih,2025-08-05,analytics,1.0577,0,0.0,19.5808,3,0,0
org_pseimvih,2025-08-05,storage,2.5999,116.0,2.2127,0,3,0,0
org_pseimvih,2025-08-06,analytics,1.2346,0,2.7269,13.9597,3,0,0
org_pseimvih,2025-08-07,analytics,1.4582,0,2.3996,22.4978,3,0,0
org_pseimvih,2025-08-07,storage,5.9208,256.0,3.2348,0,3,0,0
org_pseimvih,2025-08-08,analytics,13.5623,236.0,2.0025,0,3,0,0
org_pseimvih,2025-08-08,storage,60.5768,377.0,1.7557,23.8301,6,0,0
org_pseimvih,2025-08-10,storage,10.4192,491.0,0,17.3967,6,0,0
org_pseimvih,2025-08-11,analytics,1.0525,0,4.3016,9.7453,3,0,0
org_pseimvih,2025-08-11,storage,4.4898,120.0,4.5026,0,3,1,0
org_pseimvih,2025-08-12,analytics,8.9867,104.0,3.0512,14.2948,3,0,0
org_pseimvih,2025-08-12,storage,2.7098,114.0,2.9333,13.6608,3,0,0
org_pseimvih,2025-08-13,analytics,19.7805,261.0,0,5.5927,3,0,0
org_pseimvih,2025-08-13,storage,8.7503,376.0,0,0,3,0,0
org_pseimvih,2025-08-15,storage,2.6331,127.0,0,18.739,3,0,0
org_pseimvih,2025-08-16,analytics,14.9768,224.0,0,12.0432,3,0,0
org_pseimvih,2025-08-16,storage,0.5518,0,0.8828,25.3570,3,0,0
org_pseimvih,2025-08-17,analytics,0.4712,0,6.8303,0,3,0,0
org_pseimvih,2025-08-17,storage,2.6068,133.0,0.4835,4.9775,3,0,0
org_pseimvih,2025-08-18,analytics,0.3265,0,3.4659,0.0,3,0,0
org_pseimvih,2025-08-18,storage,4.4828,271.0,1.036,0,3,0,0
org_pseimvih,2025-08-19,storage,0.3319,0,5.1006,9.965,3,0,0
org_pseimvih,2025-08-20,storage,1.9683,126.0,2.8842,0.8042,3,0,0
org_pseimvih,2025-08-21,analytics,16.9166,231.0,0,7.4155,3,0,0
org_pseimvih,2025-08-22,analytics,23.1664,361.0,0,0,3,0,0
org_pseimvih,2025-08-22,storage,0.4242,0,5.2439,18.9444,3,0,0
org_pseimvih,2025-08-23,analytics,16.3010,216.0,1.4831,0,3,0,0
org_pseimvih,2025-08-23,storage,0.3877,0,8.8759,12.4408,3,0,0
org_pseimvih,2025-08-24,storage,7.9603,365.0,0,0,3,0,0
org_pseimvih,2025-08-25,analytics,1.5355,0,1.1374,17.1599,3,0,0
org_pseimvih,2025-08-25,storage,5.6293,251.0,5.1435,38.4701,6,0,0
org_pseimvih,2025-08-26,analytics,8.9593,101.0,0,28.907,3,1,0
org_pseimvih,2025-08-27,analytics,22.9419,335.0,0,0,3,0,0
org_pseimvih,2025-08-27,storage,7.6901,387.0,3.0369,20.1518,6,0,0
org_pseimvih,2025-08-28,storage,7.3896,349.0,1.3221,8.6424,6,0,0
org_pseimvih,2025-08-29,analytics,25.8910,358.0,0,0,3,0,0
org_pseimvih,2025-08-29,storage,3.4619,120.0,1.8545,49.7746,6,0,0
org_pseimvih,2025-08-30,storage,4.6015,219.0,2.4663,51.9730,6,0,0
org_pseimvih,2025-08-31,analytics,18.5310,247.0,0,0,3,1,0
org_pseimvih,2025-08-31,storage,6.7334,351.0,0,0,3,0,0
org_pvs7hzio,2025-07-03,database,1.0876,0,0.0146,24.5906,3,0,0
org_pvs7hzio,2025-07-03,networking,1.4894,121.0,0,19.5019,3,0,0
org_pvs7hzio,2025-07-04,database,7.6559,126.0,1.3625,11.7665,3,0,0
org_pvs7hzio,2025-07-05,database,17.6971,364.0,0,0,3,0,0
org_pvs7hzio,2025-07-05,networking,2.8006,246.0,0,8.3049,3,0,0
org_pvs7hzio,2025-07-06,networking,1.2680,133.0,0.0,1.4714,3,0,0
org_pvs7hzio,2025-07-07,database,14.0001,244.0,0,0,3,1,0
org_pvs7hzio,2025-07-07,networking,1.2630,112.0,3.5253,0,3,0,0
org_pvs7hzio,2025-07-08,database,8.2765,122.0,4.3291,10.2292,3,0,0
org_pvs7hzio,2025-07-09,networking,2.2314,256.0,0,10.1716,3,0,0
org_pvs7hzio,2025-07-10,networking,1.335,134.0,5.0699,0.0,3,0,0
org_pvs7hzio,2025-07-11,database,7.2037,116.0,0,19.2689,3,0,0
org_pvs7hzio,2025-07-11,networking,1.1392,118.0,1.4079,0.0,3,0,0
org_pvs7hzio,2025-07-12,database,6.9119,106.0,0,28.1648,3,0,0
org_pvs7hzio,2025-07-13,networking,2.2454,113.0,2.7923,0,3,1,0
org_pvs7hzio,2025-07-14,database,5.6602,106.0,0,5.656,3,0,0
org_pvs7hzio,2025-07-14,networking,1.4197,116.0,0,29.6113,3,0,0
org_pvs7hzio,2025-07-15,database,1.5833,0,0.4477,33.2530,3,0,0
org_pvs7hzio,2025-07-15,networking,0.9863,114.0,3.6937,12.5529,3,0,0
org_pvs7hzio,2025-07-16,database,0.8962,0,6.3771,7.5712,3,0,0
org_pvs7hzio,2025-07-16,networking,1.1018,123.0,4.4479,0,3,0,0
org_pvs7hzio,2025-07-17,database,7.8635,136.0,1.2172,4.6572,3,0,0
org_pvs7hzio,2025-07-17,networking,2.3725,251.0,0,0.3607,3,0,0
org_pvs7hzio,2025-07-18,database,13.1426,250.0,0,13.6208,3,0,0
org_pvs7hzio,2025-07-18,networking,0.0453,0,2.2786,2.8089,3,0,0
org_pvs7hzio,2025-07-19,database,14.7508,119.0,3.6022,0,3,1,0
org_pvs7hzio,2025-07-19,networking,0.1938,0,2.5501,18.8469,3,0,0
org_pvs7hzio,2025-07-20,database,14.5502,254.0,0,5.422,3,0,0
org_pvs7hzio,2025-07-20,networking,2.9157,270.0,0.0,0,3,0,0
org_pvs7hzio,2025-07-22,database,8.5382,147.0,0,31.4362,3,0,0
org_pvs7hzio,2025-07-22,networking,1.5696,120.0,0,45.0400,3,0,0
org_pvs7hzio,2025-07-25,networking,2.3808,249.0,0,0.0,3,0,0
org_pvs7hzio,2025-07-26,networking,1.5965,128.0,1.5386,9.3718,3,0,0
org_pvs7hzio,2025-07-27,database,7.2268,121.0,1.239,19.0626,3,0,0
org_pvs7hzio,2025-07-27,networking,0.9916,117.0,0.1228,6.5635,3,0,0
org_pvs7hzio,2025-07-28,networking,2.3262,246.0,0,4.693,3,0,0
org_pvs7hzio,2025-07-29,database,5.4056,120.0,0.4742,0.0,3,0,0
org_pvs7hzio,2025-07-31,database,13.0393,238.0,0,18.6711,3,0,0
org_pvs7hzio,2025-08-01,database,8.5750,139.0,4.1089,17.008,3,0,0
org_pvs7hzio,2025-08-03,networking,2.4230,260.0,0,10.6363,3,0,0
org_pvs7hzio,2025-08-04,database,11.5092,238.0,1.5051,0,3,0,0
org_pvs7hzio,2025-08-05,database,13.6689,120.0,0,9.8969,3,1,0
org_pvs7hzio,2025-08-05,networking,1.1709,120.0,4.5150,0,3,0,0
org_pvs7hzio,2025-08-06,database,12.9523,239.0,0.0,0,3,0,0
org_pvs7hzio,2025-08-07,networking,2.7417,264.0,0.0179,0,3,0,0
org_pvs7hzio,2025-08-08,database,18.4182,329.0,0,0,3,0,0
org_pvs7hzio,2025-08-08,networking,2.3068,219.0,0,10.9733,3,0,0
org_pvs7hzio,2025-08-09,networking,2.2157,207.0,0,0,3,1,0
org_pvs7hzio,2025-08-10,networking,1.9625,230.0,0,20.0646,3,0,0
org_pvs7hzio,2025-08-11,networking,1.1472,123.0,0.4469,0.0,3,0,0
org_pvs7hzio,2025-08-12,database,7.8834,120.0,0,32.2501,3,0,0
org_pvs7hzio,2025-08-13,database,7.6417,133.0,4.4386,0.0,3,0,0
org_pvs7hzio,2025-08-14,database,13.9135,229.0,0,16.8558,3,0,0
org_pvs7hzio,2025-08-14,networking,2.2853,245.0,3.8618,0,3,0,0
org_pvs7hzio,2025-08-15,database,7.1291,131.0,0,17.6172,3,0,0
org_pvs7hzio,2025-08-16,database,13.7246,234.0,0,9.588,3,0,0
org_pvs7hzio,2025-08-16,networking,3.5551,327.0,0,0,3,0,0
org_pvs7hzio,2025-08-18,database,6.0910,102.0,0,25.6449,3,0,0
org_pvs7hzio,2025-08-19,networking,0.2595,0,0,28.5507,3,0,0
org_pvs7hzio,2025-08-21,database,13.6251,262.0,0,6.3049,3,0,0
org_pvs7hzio,2025-08-22,database,14.4717,234.0,2.3622,0,3,0,0
org_pvs7hzio,2025-08-22,networking,2.4221,245.0,1.9231,0,3,0,0
org_pvs7hzio,2025-08-23,database,12.9160,245.0,0,5.9699,3,0,0
org_pvs7hzio,2025-08-23,networking,3.3316,335.0,0,0,3,0,0
org_pvs7hzio,2025-08-24,database,6.3871,112.0,2.8876,0,3,0,0
org_pvs7hzio,2025-08-24,networking,3.3590,246.0,0,18.2682,3,0,0
org_pvs7hzio,2025-08-25,database,7.3339,117.0,0,16.4389,3,0,0
org_pvs7hzio,2025-08-25,networking,1.3196,118.0,0,6.0601,3,0,0
org_pvs7hzio,2025-08-26,database,12.0363,244.0,2.5682,0,3,0,0
org_pvs7hzio,2025-08-26,networking,1.2865,114.0,0.0,7.0978,3,0,0
org_pvs7hzio,2025-08-27,database,7.4194,127.0,0,16.4661,3,1,0
org_pvs7hzio,2025-08-27,networking,2.8682,113.0,0,12.1796,3,1,0
org_pvs7hzio,2025-08-28,database,26.2072,115.0,0,38.6428,3,0,0
org_pvs7hzio,2025-08-28,networking,2.5382,257.0,0,16.3844,3,0,0
org_pvs7hzio,2025-08-29,database,6.4095,121.0,0.2177,21.1777,3,0,0
org_pvs7hzio,2025-08-31,database,6.5846,122.0,3.3499,0,3,0,0
org_pvs7hzio,2025-08-31,networking,0.0815,0,1.1702,8.6696,3,0,0
org_rixa11dp,2025-07-03,analytics,15.8678,209.0,0,19.8513,3,0,0
org_rixa11dp,2025-07-03,database,75.6526,118.0,0,28.6586,3,0,0
org_rixa11dp,2025-07-03,genai,11.9135,98.0,5.5996,2.5634,3,0,0
org_rixa11dp,2025-07-04,analytics,9.6189,118.0,0.3075,12.1182,3,0,0
org_rixa11dp,2025-07-04,compute,20.0302,240.0,0,0,3,1,0
org_rixa11dp,2025-07-04,genai,27.8162,243.0,1.302,0,3,0,0
org_rixa11dp,2025-07-05,compute,32.1674,375.0,0,0,3,0,0
org_rixa11dp,2025-07-05,database,7.4175,142.0,2.7504,3.5894,3,0,0
org_rixa11dp,2025-07-05,genai,39.9294,372.0,1.7528,0,6,0,0
org_rixa11dp,2025-07-06,analytics,9.0320,137.0,3.6128,0,3,0,0
org_rixa11dp,2025-07-06,compute,3.1224,0,0,41.7959,3,0,0
org_rixa11dp,2025-07-06,database,5.6528,125.0,2.7267,7.953,3,0,0
org_rixa11dp,2025-07-06,genai,23.5572,215.0,0,0.0,3,0,0
org_rixa11dp,2025-07-07,analytics,2.2874,0,2.6932,26.4362,3,0,0
org_rixa11dp,2025-07-07,compute,0.7134,0,3.7278,5.0192,3,0,0
org_rixa11dp,2025-07-07,genai,39.5511,368.0,0,0,3,0,0
org_rixa11dp,2025-07-08,analytics,8.1625,112.0,1.9743,0,3,0,0
org_rixa11dp,2025-07-08,compute,19.6869,220.0,0,13.7453,3,0,0
org_rixa11dp,2025-07-08,database,14.0138,226.0,0,9.2013,3,0,0
org_rixa11dp,2025-07-09,compute,20.3245,255.0,0.0,0,3,0,0
org_rixa11dp,2025-07-09,database,10.6830,130.0,0,3.5018,3,1,0
org_rixa11dp,2025-07-09,genai,1.2750,0,4.2445,5.3399,3,0,0
org_rixa11dp,2025-07-10,compute,2.3663,0,2.8454,30.3419,3,0,0
org_rixa11dp,2025-07-10,database,5.2709,100.0,0.8052,3.5289,3,0,0
org_rixa11dp,2025-07-10,genai,1.5106,0,4.0571,9.708,3,0,0
org_rixa11dp,2025-07-11,compute,9.8485,116.0,4.8547,0,3,0,0
org_rixa11dp,2025-07-11,genai,31.3781,241.0,0,9.3968,3,0,0
org_rixa11dp,2025-07-12,analytics,18.9387,261.0,0,13.2809,3,0,0
org_rixa11dp,2025-07-12,database,10.8579,244.0,3.1378,0,3,0,0
org_rixa11dp,2025-07-12,genai,45.7098,378.0,5.9211,10.8638,6,0,0
org_rixa11dp,2025-07-13,genai,1.5468,0,4.0161,9.4964,3,0,0
org_rixa11dp,2025-07-14,genai,22.1599,140.0,6.0543,0,3,0,0
org_rixa11dp,2025-07-15,analytics,0.9316,0,4.1546,10.5742,3,0,0
org_rixa11dp,2025-07-15,genai,32.8635,233.0,0,11.325,3,0,0
org_rixa11dp,2025-07-16,database,12.0473,113.0,0,22.2835,3,1,0
org_rixa11dp,2025-07-16,genai,61.3408,378.0,0,12.0906,6,1,0
org_rixa11dp,2025-07-17,analytics,1.0358,0,1.0691,15.4914,3,0,0
org_rixa11dp,2025-07-17,compute,22.3694,231.0,0,10.913,3,0,0
org_rixa11dp,2025-07-17,database,8.0359,0,0,25.5927,3,1,0
org_rixa11dp,2025-07-17,genai,20.7316,132.0,0.2239,49.5167,6,0,0
org_rixa11dp,2025-07-18,analytics,20.2311,228.0,3.6351,0,3,0,0
org_rixa11dp,2025-07-18,compute,1.9713,0,1.2711,21.4393,3,0,0
org_rixa11dp,2025-07-18,genai,27.5059,239.0,0,6.0604,3,0,0
org_rixa11dp,2025-07-19,analytics,17.0232,231.0,1.7048,0,3,0,0
org_rixa11dp,2025-07-19,database,8.3640,135.0,0.6723,9.5523,3,0,0
org_rixa11dp,2025-07-20,analytics,18.7827,245.0,3.19,0,3,0,0
org_rixa11dp,2025-07-20,compute,9.6833,111.0,0,25.7778,3,0,0
org_rixa11dp,2025-07-20,genai,28.1010,235.0,2.4309,42.5669,6,0,0
org_rixa11dp,2025-07-21,analytics,1.7212,0,3.0584,19.8757,3,0,0
org_rixa11dp,2025-07-21,database,0.6178,0,0.2734,13.3661,3,0,0
org_rixa11dp,2025-07-21,genai,1.3914,0,2.1745,8.3339,3,0,0
org_rixa11dp,2025-07-22,compute,20.1227,246.0,0,19.65,3,0,0
org_rixa11dp,2025-07-22,database,11.9165,244.0,0,7.3209,3,0,0
org_rixa11dp,2025-07-22,genai,1.5392,0,4.0234,8.6549,3,0,0
org_rixa11dp,2025-07-23,analytics,8.1381,130.0,3.579,0.0,3,0,0
org_rixa11dp,2025-07-23,genai,36.7645,260.0,7.1872,11.0605,6,0,0
org_rixa11dp,2025-07-24,analytics,6.3803,111.0,1.5768,0,3,0,0
org_rixa11dp,2025-07-24,compute,17.8770,241.0,2.3653,0,3,0,0
org_rixa11dp,2025-07-24,database,0.2514,0,4.4751,0,3,0,0
org_rixa11dp,2025-07-24,genai,17.2084,131.0,3.9999,20.7955,3,0,0
org_rixa11dp,2025-07-25,analytics,18.6431,239.0,0,15.8317,3,0,0
org_rixa11dp,2025-07-25,compute,8.8862,115.0,0.1012,10.2211,3,0,0
org_rixa11dp,2025-07-25,database,-5.6630,129.0,0,17.4596,3,0,1
org_rixa11dp,2025-07-25,genai,33.0756,212.0,5.3251,17.298,6,0,0
org_rixa11dp,2025-07-26,analytics,17.2219,244.0,0,13.3327,3,0,0
org_rixa11dp,2025-07-26,compute,9.2506,121.0,2.0251,11.9749,3,0,0
org_rixa11dp,2025-07-26,database,0.2959,0,2.8892,3.349,3,0,0
org_rixa11dp,2025-07-27,compute,10.6693,106.0,1.6384,9.9403,3,0,0
org_rixa11dp,2025-07-27,genai,35.4072,284.0,0.8128,0,3,0,0
org_rixa11dp,2025-07-28,analytics,122.4493,241.0,0.0,0,3,0,0
org_rixa11dp,2025-07-28,genai,17.9573,110.0,3.1154,9.6238,3,0,0
org_rixa11dp,2025-07-29,genai,28.7787,244.0,0,11.4071,3,0,0
org_rixa11dp,2025-07-30,analytics,15.2303,246.0,0.0,0,3,0,0
org_rixa11dp,2025-07-30,compute,0.7033,0,2.7953,6.5629,3,0,0
org_rixa11dp,2025-07-30,database,7.0565,0,0,31.0322,3,1,0
org_rixa11dp,2025-07-30,genai,63.0399,580.0,1.5344,0,6,0,0
org_rixa11dp,2025-07-31,analytics,8.4508,111.0,1.1516,18.0783,3,0,0
org_rixa11dp,2025-07-31,database,13.5414,265.0,3.2928,0,3,0,0
org_rixa11dp,2025-07-31,genai,29.8684,247.0,1.98,0,3,0,0
org_rixa11dp,2025-08-01,analytics,8.3929,113.0,0,13.0796,3,0,0
org_rixa11dp,2025-08-01,compute,20.2941,236.0,0,14.6109,3,0,0
org_rixa11dp,2025-08-01,database,15.5432,237.0,0,23.2823,3,0,0
org_rixa11dp,2025-08-01,genai,13.1879,240.0,0,15.4828,6,1,1
org_rixa11dp,2025-08-02,compute,1.8288,0,5.3073,19.9308,3,0,0
org_rixa11dp,2025-08-02,database,20.4063,376.0,0,0,3,0,0
org_rixa11dp,2025-08-02,genai,19.1792,112.0,0.0,20.1282,3,0,0
org_rixa11dp,2025-08-03,compute,9.1244,110.0,0.6408,1.0379,3,0,0
org_rixa11dp,2025-08-03,database,16.3241,338.0,0,0,3,0,0
org_rixa11dp,2025-08-04,analytics,10.4879,133.0,3.2814,20.325,3,0,0
org_rixa11dp,2025-08-04,database,15.0502,240.0,0,17.1782,3,0,0
org_rixa11dp,2025-08-04,genai,74.4650,612.0,0,14.7796,6,0,0
org_rixa11dp,2025-08-05,compute,1.2696,0,3.4479,14.0424,3,0,0
org_rixa11dp,2025-08-05,database,13.5211,237.0,0.2852,0,3,0,0
org_rixa11dp,2025-08-05,genai,3.9284,0,0,31.8623,3,0,0
org_rixa11dp,2025-08-06,analytics,8.7705,113.0,0,7.0939,3,0,0
org_rixa11dp,2025-08-06,compute,29.9066,372.0,0,0,3,0,0
org_rixa11dp,2025-08-06,genai,13.7589,113.0,0,19.2402,3,0,0
org_rixa11dp,2025-08-07,analytics,11.4735,127.0,1.1497,0.2975,3,0,0
org_rixa11dp,2025-08-07,compute,10.2010,132.0,0.0,21.1126,3,0,0
org_rixa11dp,2025-08-07,database,5.8583,125.0,1.6884,0,3,0,0
org_rixa11dp,2025-08-07,genai,49.5565,398.0,2.6811,8.6659,6,0,0
org_rixa11dp,2025-08-08,compute,11.3048,108.0,3.5181,26.685,3,0,0
org_rixa11dp,2025-08-08,database,18.2978,373.0,0,0,3,0,0
org_rixa11dp,2025-08-08,genai,28.8629,230.0,7.3056,17.9971,6,0,0
org_rixa11dp,2025-08-09,analytics,3.3870,0,0,48.4062,3,0,0
org_rixa11dp,2025-08-09,genai,28.2070,213.0,6.1447,9.6115,6,0,0
org_rixa11dp,2025-08-10,analytics,10.5589,127.0,4.7923,13.8809,3,0,0
org_rixa11dp,2025-08-10,compute,21.2459,263.0,0.0,0,3,0,0
org_rixa11dp,2025-08-10,database,6.7411,108.0,0,20.749,3,1,0
org_rixa11dp,2025-08-11,database,7.2974,112.0,0,24.5747,3,0,0
org_rixa11dp,2025-08-11,genai,20.4858,125.0,0.4242,47.8588,6,0,0
org_rixa11dp,2025-08-12,analytics,1.1249,0,3.1664,15.1494,3,0,0
org_rixa11dp,2025-08-12,compute,10.9835,109.0,0.408,10.7927,3,0,0
org_rixa11dp,2025-08-13,analytics,12.7333,123.0,0,17.1900,3,0,0
org_rixa11dp,2025-08-13,compute,20.3273,242.0,2.6136,0,3,0,0
org_rixa11dp,2025-08-13,database,20.9678,349.0,0,0,3,0,0
org_rixa11dp,2025-08-13,genai,17.0289,135.0,0,18.1893,3,0,1
org_rixa11dp,2025-08-14,compute,22.8992,258.0,0,4.3188,3,0,0
org_rixa11dp,2025-08-14,database,15.3538,361.0,0,0,3,0,0
org_rixa11dp,2025-08-14,genai,16.3619,120.0,0,38.6670,3,0,0
org_rixa11dp,2025-08-15,analytics,17.6780,243.0,0,8.4284,3,0,0
org_rixa11dp,2025-08-15,compute,0.4770,0,6.2136,0,3,0,0
org_rixa11dp,2025-08-15,database,8.1396,123.0,0,33.7309,3,0,0
org_rixa11dp,2025-08-15,genai,33.9220,285.0,0,11.4963,3,0,0
org_rixa11dp,2025-08-16,analytics,1.7424,0,0.3477,21.5598,3,0,0
org_rixa11dp,2025-08-16,database,8.1546,125.0,1.4555,0,3,0,0
org_rixa11dp,2025-08-16,genai,33.5081,264.0,4.1769,26.8461,6,0,0
org_rixa11dp,2025-08-17,compute,17.6084,235.0,1.346,0,3,0,0
org_rixa11dp,2025-08-17,database,5.8328,113.0,0,22.4237,3,0,0
org_rixa11dp,2025-08-17,genai,43.3483,343.0,7.2987,0,6,0,0
org_rixa11dp,2025-08-18,database,5.6443,117.0,2.4568,0,3,0,0
org_rixa11dp,2025-08-18,genai,22.8521,228.0,5.0637,0,6,1,0
org_rixa11dp,2025-08-19,analytics,8.6841,128.0,0.0,0.0,3,0,0
org_rixa11dp,2025-08-19,compute,10.1212,132.0,0,13.7658,3,0,0
org_rixa11dp,2025-08-19,database,11.7704,230.0,3.7178,0,3,0,0
org_rixa11dp,2025-08-20,compute,10.0874,117.0,2.4889,0,3,0,0
org_rixa11dp,2025-08-20,genai,34.1616,226.0,2.1739,48.8685,6,0,0
org_rixa11dp,2025-08-21,analytics,6.8514,119.0,1.6949,1.8273,3,0,0
org_rixa11dp,2025-08-21,database,7.6368,122.0,2.9107,16.4974,3,0,0
org_rixa11dp,2025-08-21,genai,15.7969,109.0,0.3891,29.0076,6,0,0
org_rixa11dp,2025-08-22,database,1.1973,0,3.5604,19.3142,3,0,0
org_rixa11dp,2025-08-23,analytics,7.7029,121.0,3.4684,0,3,0,0
org_rixa11dp,2025-08-23,compute,18.4953,218.0,0,15.2441,3,0,0
org_rixa11dp,2025-08-23,database,20.6018,372.0,0,0,3,0,0
org_rixa11dp,2025-08-23,genai,9.4524,107.0,2.1216,0,3,1,0
org_rixa11dp,2025-08-24,database,4.3908,115.0,1.6147,0.0,3,0,0
org_rixa11dp,2025-08-24,genai,340.5259,390.0,0.0473,8.3086,6,1,0
org_rixa11dp,2025-08-25,analytics,9.3387,130.0,5.1689,0,3,0,0
org_rixa11dp,2025-08-25,compute,7.9273,95.0,7.3438,0,3,0,0
org_rixa11dp,2025-08-25,genai,29.3656,235.0,4.0096,0,3,0,0
org_rixa11dp,2025-08-26,compute,27.7878,340.0,0,0,3,0,0
org_rixa11dp,2025-08-26,database,5.0996,102.0,0.0139,14.3201,3,0,0
org_rixa11dp,2025-08-26,genai,37.0990,338.0,0,0,3,0,0
org_rixa11dp,2025-08-27,analytics,16.2569,254.0,1.9283,0,3,0,0
org_rixa11dp,2025-08-27,database,0.9578,0,4.8441,13.1692,3,0,0
org_rixa11dp,2025-08-27,genai,21.4689,137.0,3.0347,0.0,3,0,0
org_rixa11dp,2025-08-28,analytics,22.3986,262.0,0,9.7872,3,0,0
org_rixa11dp,2025-08-28,genai,53.3193,464.0,0.0,0,6,0,0
org_rixa11dp,2025-08-29,analytics,23.6178,343.0,0,0,3,0,0
org_rixa11dp,2025-08-29,genai,16.1623,122.0,0.6165,6.8692,3,0,0
org_rixa11dp,2025-08-30,analytics,20.5790,225.0,0,17.8922,3,0,0
org_rixa11dp,2025-08-30,compute,11.1572,125.0,4.0887,7.751,3,0,0
org_rixa11dp,2025-08-30,database,5.6359,111.0,2.5042,13.7085,3,0,0
org_rixa11dp,2025-08-30,genai,21.0148,129.0,0,27.6614,3,0,0
org_rixa11dp,2025-08-31,analytics,3.7050,0,0,56.3911,3,0,0
org_rixa11dp,2025-08-31,compute,8.8784,117.0,0.0,8.9539,3,0,0
org_rixa11dp,2025-08-31,database,5.8730,113.0,0.0,13.3664,3,0,0
org_rixa11dp,2025-08-31,genai,17.8932,138.0,3.1280,0,3,0,0
org_sg65kxvf,2025-07-03,analytics,13.8258,122.0,0,14.3754,3,0,0
org_sg65kxvf,2025-07-03,database,11.9170,245.0,3.5483,0,3,0,0
org_sg65kxvf,2025-07-03,genai,48.6966,502.0,1.3178,5.4484,6,0,0
org_sg65kxvf,2025-07-03,networking,2.8103,239.0,0,18.3907,3,0,0
org_sg65kxvf,2025-07-04,analytics,17.4810,123.0,0,10.109,3,1,0
org_sg65kxvf,2025-07-04,genai,19.2657,122.0,6.1084,20.4741,6,0,0
org_sg65kxvf,2025-07-05,database,7.8991,120.0,2.4515,0.0,3,0,0
org_sg65kxvf,2025-07-05,genai,62.9402,479.0,1.6079,0,6,0,0
org_sg65kxvf,2025-07-06,analytics,8.7761,119.0,3.3884,15.8031,3,0,0
org_sg65kxvf,2025-07-06,database,18.1073,327.0,0,28.9234,6,0,0
org_sg65kxvf,2025-07-06,genai,32.5227,233.0,0,0,3,1,0
org_sg65kxvf,2025-07-06,networking,1.2936,137.0,2.6776,1.2102,3,0,0
org_sg65kxvf,2025-07-07,analytics,10.0891,139.0,4.3426,0,3,0,0
org_sg65kxvf,2025-07-07,database,31.5961,479.0,0,12.5585,6,1,0
org_sg65kxvf,2025-07-07,genai,57.5073,448.0,0,33.1978,6,0,0
org_sg65kxvf,2025-07-08,analytics,11.8816,115.0,0,35.9419,3,0,0
org_sg65kxvf,2025-07-08,database,12.2148,236.0,0.6813,27.3172,6,0,0
org_sg65kxvf,2025-07-08,genai,5.0104,0,5.4201,35.4873,6,0,0
org_sg65kxvf,2025-07-09,analytics,17.7041,229.0,3.6471,0,3,0,0
org_sg65kxvf,2025-07-09,database,5.3558,114.0,2.8216,0.5424,3,0,0
org_sg65kxvf,2025-07-09,genai,50.0492,373.0,0.7592,2.0216,6,0,0
org_sg65kxvf,2025-07-09,networking,2.1274,230.0,0,5.8022,3,0,0
org_sg65kxvf,2025-07-10,database,5.8624,103.0,5.9513,0.0,6,0,0
org_sg65kxvf,2025-07-10,genai,14.5660,104.0,0,25.0494,3,0,0
org_sg65kxvf,2025-07-11,analytics,15.3922,240.0,2.6538,0,3,0,0
org_sg65kxvf,2025-07-11,database,5.0001,102.0,0,5.8903,3,0,0
org_sg65kxvf,2025-07-11,networking,2.4836,235.0,0.5891,0,3,0,0
org_sg65kxvf,2025-07-12,analytics,8.8954,118.0,2.7359,0.0,3,0,0
org_sg65kxvf,2025-07-12,database,21.1323,467.0,0,24.9019,6,0,1
org_sg65kxvf,2025-07-12,genai,49.6393,455.0,0.8374,20.6721,9,0,0
org_sg65kxvf,2025-07-12,networking,2.7455,233.0,3.9653,0,3,0,0
org_sg65kxvf,2025-07-13,database,13.4309,237.0,5.412,0,3,0,0
org_sg65kxvf,2025-07-13,genai,9.2220,265.0,0.0,36.5075,6,0,1
org_sg65kxvf,2025-07-14,analytics,11.3331,115.0,3.1944,8.2404,3,0,0
org_sg65kxvf,2025-07-14,database,27.3404,583.0,0,0.0,6,0,0
org_sg65kxvf,2025-07-14,genai,20.7680,123.0,0,32.3181,3,0,0
org_sg65kxvf,2025-07-14,networking,2.5538,240.0,0.5868,0,3,0,0
org_sg65kxvf,2025-07-15,analytics,10.8146,133.0,2.9022,0,3,0,0
org_sg65kxvf,2025-07-15,genai,14.4461,111.0,0.0,7.7123,3,0,0
org_sg65kxvf,2025-07-16,analytics,13.2853,221.0,0.8124,0,3,0,0
org_sg65kxvf,2025-07-16,database,31.5994,612.0,0,17.9596,6,0,0
org_sg65kxvf,2025-07-16,genai,77.6643,643.0,0,0,6,1,0
org_sg65kxvf,2025-07-17,analytics,28.2069,364.0,0,0,3,0,0
org_sg65kxvf,2025-07-17,database,7.2174,112.0,1.1498,13.3559,3,0,0
org_sg65kxvf,2025-07-17,genai,17.3133,108.0,4.8026,20.1653,6,0,0
org_sg65kxvf,2025-07-17,networking,2.6964,247.0,2.8657,0,3,0,0
org_sg65kxvf,2025-07-18,analytics,17.2619,261.0,0,6.9532,3,0,0
org_sg65kxvf,2025-07-18,database,27.9497,593.0,0,5.9367,6,0,0
org_sg65kxvf,2025-07-18,genai,37.0383,368.0,3.6005,18.2647,6,0,0
org_sg65kxvf,2025-07-19,database,13.9792,246.0,0,25.6509,3,0,0
org_sg65kxvf,2025-07-19,genai,50.1481,428.0,0,19.6870,6,0,0
org_sg65kxvf,2025-07-19,networking,2.7613,260.0,0,12.027,3,0,0
org_sg65kxvf,2025-07-20,analytics,18.1223,225.0,0,18.2941,3,0,0
org_sg65kxvf,2025-07-20,database,-3.3887,112.0,0,42.2950,3,0,1
org_sg65kxvf,2025-07-20,genai,62.0128,455.0,1.5215,14.771,6,0,0
org_sg65kxvf,2025-07-21,analytics,0.4441,0,3.1046,0.81,3,1,0
org_sg65kxvf,2025-07-21,database,7.6255,140.0,2.7063,0,6,1,0
org_sg65kxvf,2025-07-21,genai,29.0874,255.0,4.6816,30.6335,6,0,0
org_sg65kxvf,2025-07-21,networking,1.3717,121.0,0,16.6406,3,0,0
org_sg65kxvf,2025-07-22,database,18.9120,374.0,5.5513,12.8174,6,0,0
org_sg65kxvf,2025-07-22,genai,28.6148,232.0,7.5175,0,6,0,0
org_sg65kxvf,2025-07-22,networking,3.8581,360.0,0,0,3,0,0
org_sg65kxvf,2025-07-23,database,11.5549,238.0,0,8.6673,3,0,0
org_sg65kxvf,2025-07-23,genai,24.4517,252.0,2.6922,0,3,0,1
org_sg65kxvf,2025-07-23,networking,2.8297,224.0,0,8.7093,3,0,0
org_sg65kxvf,2025-07-24,database,7.4311,127.0,3.8174,6.4959,3,0,0
org_sg65kxvf,2025-07-24,genai,29.4360,244.0,3.7206,18.3946,6,0,0
org_sg65kxvf,2025-07-24,networking,1.3615,115.0,0.7768,1.6177,3,0,0
org_sg65kxvf,2025-07-25,analytics,0.3456,0,4.7196,0,3,0,0
org_sg65kxvf,2025-07-25,genai,43.7544,344.0,0,25.0470,6,0,0
org_sg65kxvf,2025-07-26,analytics,9.6687,131.0,0.8514,0.7095,3,0,0
org_sg65kxvf,2025-07-26,database,8.2540,127.0,2.5642,28.9709,6,1,0
org_sg65kxvf,2025-07-26,genai,10.9467,344.0,6.8644,0,6,0,1
org_sg65kxvf,2025-07-27,database,-6.7496,117.0,0.8927,3.2681,3,0,1
org_sg65kxvf,2025-07-27,genai,28.2106,220.0,0.0,0,3,0,0
org_sg65kxvf,2025-07-27,networking,2.3867,270.0,0,14.5622,3,0,0
org_sg65kxvf,2025-07-28,analytics,8.1526,118.0,5.1035,0,3,0,0
org_sg65kxvf,2025-07-28,database,24.3821,476.0,0,2.0812,6,0,0
org_sg65kxvf,2025-07-28,genai,51.9983,252.0,5.9330,32.8152,9,1,0
org_sg65kxvf,2025-07-28,networking,0.0844,0,7.2708,0,3,0,0
org_sg65kxvf,2025-07-29,genai,19.8061,127.0,1.0256,15.8902,3,0,0
org_sg65kxvf,2025-07-30,analytics,16.0666,245.0,1.6665,0,3,0,0
org_sg65kxvf,2025-07-30,database,33.4088,642.0,0,8.1457,6,0,0
org_sg65kxvf,2025-07-30,networking,1.8484,130.0,0,9.0232,3,1,0
org_sg65kxvf,2025-07-31,analytics,25.6152,371.0,0,0,3,0,0
org_sg65kxvf,2025-07-31,database,15.1755,347.0,4.0165,13.6701,6,0,0
org_sg65kxvf,2025-07-31,genai,16.5511,130.0,1.3577,12.5355,3,0,0
org_sg65kxvf,2025-08-01,database,2.2670,225.0,0,1.2877,3,0,1
org_sg65kxvf,2025-08-01,genai,54.6148,461.0,4.8149,15.0411,9,0,0
org_sg65kxvf,2025-08-01,networking,2.9504,256.0,0,18.5858,3,0,0
org_sg65kxvf,2025-08-02,database,13.7706,225.0,4.3134,15.753,6,0,0
org_sg65kxvf,2025-08-02,genai,4.9130,0,0,43.5112,3,0,0
org_sg65kxvf,2025-08-03,database,5.8556,122.0,8.3547,4.0474,6,0,0
org_sg65kxvf,2025-08-03,genai,32.7853,250.0,5.9015,17.8296,6,0,0
org_sg65kxvf,2025-08-04,analytics,15.0792,210.0,1.8342,0,3,0,0
org_sg65kxvf,2025-08-04,database,6.1558,130.0,0,12.9835,3,0,0
org_sg65kxvf,2025-08-04,genai,53.1891,477.0,3.3727,0,6,0,0
org_sg65kxvf,2025-08-04,networking,2.3444,218.0,1.6874,0,3,0,0
org_sg65kxvf,2025-08-05,analytics,8.4742,124.0,3.3741,0,3,0,0
org_sg65kxvf,2025-08-05,database,6.6130,112.0,4.1232,9.1087,3,0,0
org_sg65kxvf,2025-08-05,genai,27.4373,228.0,6.7232,0.0,6,1,0
org_sg65kxvf,2025-08-05,networking,2.3098,234.0,0,15.9743,3,0,0
org_sg65kxvf,2025-08-06,genai,30.2368,256.0,0.0,0,3,0,0
org_sg65kxvf,2025-08-07,analytics,19.6577,262.0,4.2337,0,3,0,0
org_sg65kxvf,2025-08-07,database,17.0993,350.0,0,0,3,0,0
org_sg65kxvf,2025-08-07,genai,74.5440,599.0,2.1142,55.1160,9,0,0
org_sg65kxvf,2025-08-07,networking,2.4036,245.0,0,23.4467,3,0,0
org_sg65kxvf,2025-08-08,database,17.3398,318.0,4.4160,0.0,6,0,0
org_sg65kxvf,2025-08-08,genai,38.1979,366.0,0.7484,5.7479,6,0,0
org_sg65kxvf,2025-08-09,database,6.3707,116.0,1.1258,16.9488,3,0,0
org_sg65kxvf,2025-08-09,genai,30.4044,229.0,5.7365,33.7355,9,0,0
org_sg65kxvf,2025-08-09,networking,2.6512,242.0,0,13.1327,3,0,0
org_sg65kxvf,2025-08-10,database,18.2552,376.0,0,16.7806,6,1,0
org_sg65kxvf,2025-08-10,genai,17.1133,116.0,5.1444,26.9352,6,0,0
org_sg65kxvf,2025-08-11,analytics,0.6582,0,8.0519,0,3,0,0
org_sg65kxvf,2025-08-11,database,1.7095,0,0,31.8534,3,0,0
org_sg65kxvf,2025-08-11,genai,19.0313,116.0,7.6768,29.739,9,0,0
org_sg65kxvf,2025-08-12,analytics,24.2555,378.0,0,0,3,0,0
org_sg65kxvf,2025-08-12,genai,13.6336,0,0.4619,27.1636,6,1,0
org_sg65kxvf,2025-08-12,networking,2.3288,240.0,0,10.0738,3,0,0
org_sg65kxvf,2025-08-13,analytics,15.2815,224.0,1.3096,0,3,0,0
org_sg65kxvf,2025-08-13,database,10.2770,466.0,3.2308,0,6,0,1
org_sg65kxvf,2025-08-13,genai,102.0368,830.0,0.7705,5.7468,9,0,0
org_sg65kxvf,2025-08-13,networking,2.3521,251.0,0,12.6438,3,0,0
org_sg65kxvf,2025-08-14,analytics,16.7957,227.0,2.0419,0,3,0,0
org_sg65kxvf,2025-08-14,genai,30.9475,249.0,2.1453,8.5755,6,1,0
org_sg65kxvf,2025-08-15,database,8.1495,126.0,5.3376,37.1951,3,0,0
org_sg65kxvf,2025-08-15,genai,71.0012,586.0,0,3.1777,6,0,0
org_sg65kxvf,2025-08-15,networking,0.0633,0,7.6453,0,3,0,0
org_sg65kxvf,2025-08-16,database,16.8032,352.0,0,0,3,0,0
org_sg65kxvf,2025-08-16,genai,19.2796,96.0,2.3184,29.4242,6,0,0
org_sg65kxvf,2025-08-16,networking,2.1488,246.0,0,0.0,3,0,0
org_sg65kxvf,2025-08-17,genai,54.0544,465.0,1.1002,11.1879,6,0,0
org_sg65kxvf,2025-08-17,networking,1.4038,118.0,1.304,13.5224,3,0,0
org_sg65kxvf,2025-08-18,analytics,14.7020,229.0,0,6.5406,3,0,0
org_sg65kxvf,2025-08-18,database,7.8340,101.0,2.9235,0,3,1,0
org_sg65kxvf,2025-08-18,networking,1.0844,103.0,4.3196,0,3,0,0
org_sg65kxvf,2025-08-19,analytics,9.6587,133.0,0,19.0284,3,0,0
org_sg65kxvf,2025-08-19,database,11.3032,251.0,0,0.0,3,0,0
org_sg65kxvf,2025-08-19,genai,57.4841,594.0,2.4040,0.2559,9,0,1
org_sg65kxvf,2025-08-19,networking,1.2300,127.0,2.1602,11.6154,3,0,0
org_sg65kxvf,2025-08-20,analytics,16.6361,256.0,1.7311,0,3,0,0
org_sg65kxvf,2025-08-20,genai,12.2368,111.0,0.0,0.0,3,0,0
org_sg65kxvf,2025-08-20,networking,3.2257,247.0,2.1248,0,3,0,0
org_sg65kxvf,2025-08-21,analytics,10.3369,121.0,0.8314,1.6835,3,0,0
org_sg65kxvf,2025-08-21,database,11.4524,216.0,3.8403,6.5681,6,0,0
org_sg65kxvf,2025-08-21,genai,11.9809,103.0,4.4459,0,3,0,0
org_sg65kxvf,2025-08-21,networking,4.3648,391.0,0,0,3,0,0
org_sg65kxvf,2025-08-22,analytics,25.9082,356.0,0,0,3,0,0
org_sg65kxvf,2025-08-22,genai,21.3090,122.0,0,14.3161,3,0,0
org_sg65kxvf,2025-08-22,networking,2.6734,250.0,2.1257,0,3,0,0
org_sg65kxvf,2025-08-23,analytics,0.5453,0,2.7790,5.8333,3,0,0
org_sg65kxvf,2025-08-23,database,8.2309,123.0,2.415,5.9887,3,0,0
org_sg65kxvf,2025-08-23,genai,19.5124,139.0,0.9472,15.6139,3,0,0
org_sg65kxvf,2025-08-24,database,13.2551,254.0,5.4032,16.8217,6,0,0
org_sg65kxvf,2025-08-24,genai,38.2344,348.0,0.2053,19.3816,6,0,0
org_sg65kxvf,2025-08-24,networking,1.1556,119.0,3.3204,0,3,0,0
org_sg65kxvf,2025-08-25,database,24.6536,492.0,2.3563,10.3237,6,0,0
org_sg65kxvf,2025-08-25,genai,28.2574,255.0,1.9601,19.5874,6,0,0
org_sg65kxvf,2025-08-26,analytics,1.6469,0,0.0315,23.8729,3,0,0
org_sg65kxvf,2025-08-26,database,14.5333,243.0,3.2946,0,3,0,0
org_sg65kxvf,2025-08-26,genai,4.4196,236.0,4.4546,41.0821,6,0,1
org_sg65kxvf,2025-08-26,networking,2.6051,258.0,0,0.0,3,0,0
org_sg65kxvf,2025-08-27,database,12.4456,253.0,7.6446,6.7146,6,0,0
org_sg65kxvf,2025-08-27,genai,28.8878,243.0,0,16.1652,3,0,0
org_sg65kxvf,2025-08-27,networking,2.5848,233.0,0,0.0,3,0,0
org_sg65kxvf,2025-08-28,analytics,11.4563,127.0,0,26.6685,3,0,0
org_sg65kxvf,2025-08-28,database,7.8963,149.0,0.8583,1.7784,3,0,0
org_sg65kxvf,2025-08-28,genai,16.4916,123.0,0.1804,46.0677,6,0,0
org_sg65kxvf,2025-08-29,database,12.9267,245.0,4.1115,12.2223,6,0,0
org_sg65kxvf,2025-08-29,genai,62.6997,464.0,5.0538,27.3142,9,0,0
org_sg65kxvf,2025-08-30,database,25.1170,507.0,0,32.3424,6,0,0
org_sg65kxvf,2025-08-30,genai,17.7911,111.0,0,43.4143,3,0,0
org_sg65kxvf,2025-08-30,networking,2.5517,246.0,2.5981,0,3,0,0
org_sg65kxvf,2025-08-31,database,8.1999,110.0,4.2198,14.6573,6,1,0
org_sg65kxvf,2025-08-31,genai,0.8038,0,0.7535,5.4769,3,0,0
org_sg65kxvf,2025-08-31,networking,2.9475,260.0,5.3166,0,3,0,0
org_t1ghr09s,2025-07-03,compute,21.6631,217.0,0,19.1625,3,0,0
org_t1ghr09s,2025-07-06,compute,10.8416,111.0,0,29.7053,3,0,0
org_t1ghr09s,2025-07-06,networking,1.0335,106.0,5.2741,0,3,0,0
org_t1ghr09s,2025-07-07,compute,20.0480,241.0,2.1883,0,3,0,0
org_t1ghr09s,2025-07-07,networking,2.7719,232.0,0,12.8478,3,0,0
org_t1ghr09s,2025-07-08,networking,0.0126,0,1.1918,0.0,3,0,0
org_t1ghr09s,2025-07-09,compute,18.8497,212.0,0,1.1232,3,0,0
org_t1ghr09s,2025-07-09,networking,3.0088,335.0,0,0,3,0,0
org_t1ghr09s,2025-07-10,compute,12.0493,125.0,0.0,0.0,3,0,0
org_t1ghr09s,2025-07-10,networking,1.1419,132.0,2.4422,0,3,0,0
org_t1ghr09s,2025-07-11,networking,0.4949,0,1.0423,41.5037,3,0,0
org_t1ghr09s,2025-07-12,compute,9.5458,125.0,0,18.5158,3,0,0
org_t1ghr09s,2025-07-13,networking,3.8400,361.0,0,0,3,0,0
org_t1ghr09s,2025-07-14,compute,12.4537,0,0,16.1326,3,1,0
org_t1ghr09s,2025-07-14,networking,0.3358,0,0,31.6928,3,0,0
org_t1ghr09s,2025-07-15,networking,0.2659,0,1.8105,30.8848,3,0,1
org_t1ghr09s,2025-07-16,compute,10.5422,122.0,2.3985,3.4556,3,0,0
org_t1ghr09s,2025-07-16,networking,2.3113,251.0,0,7.194,3,0,0
org_t1ghr09s,2025-07-17,compute,21.3033,246.0,0,4.7067,3,0,0
org_t1ghr09s,2025-07-17,networking,1.4085,118.0,2.825,13.2895,3,0,0
org_t1ghr09s,2025-07-18,compute,18.3837,247.0,4.526,0,3,0,0
org_t1ghr09s,2025-07-19,compute,0.4805,0,5.8113,0,3,0,0
org_t1ghr09s,2025-07-19,networking,1.8261,238.0,0,0.0,3,0,0
org_t1ghr09s,2025-07-20,compute,11.4735,123.0,0,23.6563,3,0,0
org_t1ghr09s,2025-07-20,networking,0.1682,0,0,14.8147,3,0,0
org_t1ghr09s,2025-07-21,compute,8.8755,129.0,0.3629,0,3,0,0
org_t1ghr09s,2025-07-21,networking,1.1922,126.0,3.7209,0,3,0,0
org_t1ghr09s,2025-07-22,networking,0.3478,0,2.8684,33.0351,3,0,0
org_t1ghr09s,2025-07-23,compute,9.2534,113.0,2.3522,3.9078,3,0,0
org_t1ghr09s,2025-07-23,networking,1.2337,126.0,0.9478,0,3,0,0
org_t1ghr09s,2025-07-24,compute,32.7241,364.0,0,0,3,0,0
org_t1ghr09s,2025-07-26,compute,8.4791,120.0,4.9719,0,3,0,0
org_t1ghr09s,2025-07-26,networking,1.2654,129.0,1.5415,12.9703,3,0,0
org_t1ghr09s,2025-07-27,compute,9.3615,119.0,0,12.7552,3,0,0
org_t1ghr09s,2025-07-27,networking,0.1510,0,1.1053,14.8356,3,0,0
org_t1ghr09s,2025-07-28,compute,19.7614,248.0,0,17.4082,3,0,0
org_t1ghr09s,2025-07-28,networking,1.7013,124.0,0,38.0619,3,0,0
org_t1ghr09s,2025-07-29,compute,2.6560,0,2.5447,32.2811,3,0,0
org_t1ghr09s,2025-07-29,networking,0.0412,0,4.1776,0,3,0,0
org_t1ghr09s,2025-07-31,networking,2.4981,233.0,0,4.4753,3,0,0
org_t1ghr09s,2025-08-01,compute,18.0762,235.0,3.1791,0,3,0,0
org_t1ghr09s,2025-08-01,networking,1.2825,120.0,2.1145,3.3389,3,0,0
org_t1ghr09s,2025-08-02,compute,19.5304,238.0,0,8.762,3,0,0
org_t1ghr09s,2025-08-03,compute,15.0133,213.0,2.6745,0,3,0,0
org_t1ghr09s,2025-08-04,networking,1.7303,132.0,0,10.3973,3,0,0
org_t1ghr09s,2025-08-05,networking,2.9892,326.0,0,0,3,0,0
org_t1ghr09s,2025-08-06,networking,0.0358,0,3.2366,0.0,3,0,0
org_t1ghr09s,2025-08-07,compute,22.9931,240.0,0.0,0,3,0,0
org_t1ghr09s,2025-08-08,networking,2.5788,225.0,0,11.837,3,0,0
org_t1ghr09s,2025-08-09,compute,8.0135,139.0,5.9158,0,3,0,0
org_t1ghr09s,2025-08-10,networking,0.0149,0,1.5225,0,3,0,0
org_t1ghr09s,2025-08-11,compute,20.0756,244.0,1.4175,0,3,0,0
org_t1ghr09s,2025-08-12,networking,2.6376,254.0,4.4401,0,3,0,0
org_t1ghr09s,2025-08-13,compute,1.2914,0,1.0477,13.3190,3,0,0
org_t1ghr09s,2025-08-13,networking,2.3649,240.0,1.6,0,3,0,0
org_t1ghr09s,2025-08-14,compute,19.0854,215.0,0.0,0,3,0,0
org_t1ghr09s,2025-08-14,networking,2.6022,216.0,0,9.8385,3,0,0
org_t1ghr09s,2025-08-15,compute,8.4420,110.0,3.2956,0,3,0,0
org_t1ghr09s,2025-08-15,networking,2.4963,255.0,1.8289,0,3,0,0
org_t1ghr09s,2025-08-17,networking,2.5771,259.0,0,7.3949,3,0,0
org_t1ghr09s,2025-08-18,compute,29.3928,350.0,0,0,3,0,0
org_t1ghr09s,2025-08-18,networking,1.1777,110.0,2.7378,0.7882,3,0,0
org_t1ghr09s,2025-08-19,networking,2.3272,241.0,2.7966,0,3,0,0
org_t1ghr09s,2025-08-20,networking,2.2107,236.0,0,9.2466,3,0,0
org_t1ghr09s,2025-08-21,compute,18.2420,243.0,0,0,3,1,0
org_t1ghr09s,2025-08-21,networking,0.4002,0,1.6864,38.989,3,0,0
org_t1ghr09s,2025-08-22,networking,2.3139,267.0,0,3.0688,3,0,0
org_t1ghr09s,2025-08-23,compute,9.4350,121.0,0,9.6930,3,0,0
org_t1ghr09s,2025-08-25,networking,1.6772,126.0,0.932,14.697,3,0,0
org_t1ghr09s,2025-08-26,networking,2.3589,220.0,0,15.7359,3,0,0
org_t1ghr09s,2025-08-27,compute,19.7267,91.0,0,27.8983,3,1,0
org_t1ghr09s,2025-08-27,networking,2.6812,252.0,0,0.0,3,0,0
org_t1ghr09s,2025-08-28,compute,7.1045,123.0,0.5842,0.0,3,0,0
org_t1ghr09s,2025-08-28,networking,2.1783,221.0,0,0.1259,3,0,0
org_t1ghr09s,2025-08-30,compute,32.3534,247.0,0,0,3,1,0
org_t1ghr09s,2025-08-30,networking,2.0535,236.0,0,13.9542,3,0,0
org_t1ghr09s,2025-08-31,compute,29.5147,346.0,0,0,3,0,0
org_t9nt3w5u,2025-07-04,analytics,13.5748,236.0,1.8992,0,3,0,0
org_t9nt3w5u,2025-07-04,compute,18.3051,218.0,0.131,0,3,0,0
org_t9nt3w5u,2025-07-05,analytics,16.9241,104.0,0.3427,0,3,1,0
org_t9nt3w5u,2025-07-05,compute,15.7898,233.0,1.0759,0,3,0,0
org_t9nt3w5u,2025-07-06,analytics,10.4247,109.0,1.7761,11.9237,3,0,0
org_t9nt3w5u,2025-07-06,compute,21.4586,226.0,0,5.0203,3,0,0
org_t9nt3w5u,2025-07-07,analytics,11.0927,134.0,0,27.0221,3,0,0
org_t9nt3w5u,2025-07-07,compute,20.1779,273.0,0,27.2964,3,0,0
org_t9nt3w5u,2025-07-08,compute,20.3501,237.0,0.5427,0,3,0,0
org_t9nt3w5u,2025-07-09,analytics,14.3761,102.0,2.6929,0,3,1,0
org_t9nt3w5u,2025-07-10,compute,8.5434,115.0,0.5777,2.1782,3,0,0
org_t9nt3w5u,2025-07-11,compute,7.1439,105.0,1.2964,7.2038,3,0,0
org_t9nt3w5u,2025-07-12,analytics,9.9642,113.0,2.0349,9.1722,3,0,0
org_t9nt3w5u,2025-07-12,compute,13.4730,147.0,1.9891,9.3672,3,0,0
org_t9nt3w5u,2025-07-13,analytics,16.3734,110.0,0,4.2939,3,1,0
org_t9nt3w5u,2025-07-13,compute,9.2477,116.0,2.6036,17.2753,3,0,0
org_t9nt3w5u,2025-07-14,analytics,9.2055,121.0,1.6798,0,3,0,0
org_t9nt3w5u,2025-07-14,compute,1.8577,0,1.0465,24.0400,3,0,0
org_t9nt3w5u,2025-07-15,analytics,0.0749,0,1.1931,0.0,3,0,0
org_t9nt3w5u,2025-07-15,compute,10.0773,119.0,0,15.6154,3,0,0
org_t9nt3w5u,2025-07-16,analytics,21.5471,258.0,0,14.8034,3,0,0
org_t9nt3w5u,2025-07-20,analytics,7.8547,123.0,0.3834,2.017,3,0,0
org_t9nt3w5u,2025-07-20,compute,18.1391,244.0,0.1985,0,3,0,0
org_t9nt3w5u,2025-07-22,analytics,21.6817,366.0,0,0,3,0,0
org_t9nt3w5u,2025-07-22,compute,14.1439,135.0,0,37.2362,3,0,0
org_t9nt3w5u,2025-07-23,analytics,15.0964,254.0,1.7126,0,3,0,0
org_t9nt3w5u,2025-07-24,analytics,17.1985,237.0,0,10.719,3,0,0
org_t9nt3w5u,2025-07-25,analytics,21.5407,244.0,0,17.6385,3,0,0
org_t9nt3w5u,2025-07-26,analytics,17.0372,219.0,0,6.2057,3,0,0
org_t9nt3w5u,2025-07-27,compute,13.3006,113.0,0,22.8357,3,0,0
org_t9nt3w5u,2025-07-28,compute,10.8326,114.0,0.4622,10.0934,3,0,0
org_t9nt3w5u,2025-07-29,compute,1.7911,0,4.0273,0,3,1,0
org_t9nt3w5u,2025-07-30,analytics,8.7026,109.0,0,22.3170,3,0,0
org_t9nt3w5u,2025-07-31,compute,1.6131,0,0.0,19.8953,3,0,0
org_t9nt3w5u,2025-08-01,compute,12.2876,100.0,0,20.8455,3,1,0
org_t9nt3w5u,2025-08-02,compute,14.7566,241.0,1.19,0,3,0,0
org_t9nt3w5u,2025-08-03,analytics,9.3905,112.0,4.4041,23.0474,3,0,0
org_t9nt3w5u,2025-08-05,compute,2.8547,0,3.6953,30.6268,3,0,0
org_t9nt3w5u,2025-08-06,compute,25.4912,254.0,0,0,3,1,0
org_t9nt3w5u,2025-08-07,analytics,7.1147,114.0,3.1617,3.8833,3,0,0
org_t9nt3w5u,2025-08-07,compute,24.4217,314.0,0,0,3,0,0
org_t9nt3w5u,2025-08-08,compute,11.7266,142.0,0,23.4599,3,0,0
org_t9nt3w5u,2025-08-09,analytics,1.6897,0,4.0245,25.8034,3,0,0
org_t9nt3w5u,2025-08-09,compute,2.0279,0,2.669,22.5776,3,0,0
org_t9nt3w5u,2025-08-10,compute,18.8121,245.0,0,2.9088,3,0,0
org_t9nt3w5u,2025-08-11,compute,33.3141,388.0,0,0,3,0,0
org_t9nt3w5u,2025-08-12,analytics,9.8342,135.0,0.0,14.8385,3,0,0
org_t9nt3w5u,2025-08-12,compute,11.3820,128.0,7.3148,0,3,0,0
org_t9nt3w5u,2025-08-14,analytics,17.5984,260.0,0.6829,0,3,0,0
org_t9nt3w5u,2025-08-15,analytics,16.4567,231.0,0,10.8296,3,0,0
org_t9nt3w5u,2025-08-15,compute,27.3281,369.0,0,0,3,0,0
org_t9nt3w5u,2025-08-16,analytics,15.1183,241.0,0.7174,0,3,0,0
org_t9nt3w5u,2025-08-16,compute,8.6192,134.0,3.3625,2.6523,3,0,0
org_t9nt3w5u,2025-08-17,analytics,2.6270,0,1.1429,8.6293,3,1,0
org_t9nt3w5u,2025-08-20,analytics,1.5618,0,5.5688,18.3614,3,0,0
org_t9nt3w5u,2025-08-20,compute,10.5319,124.0,7.8725,0,3,0,0
org_t9nt3w5u,2025-08-22,analytics,19.9898,233.0,0,13.8863,3,0,0
org_t9nt3w5u,2025-08-22,compute,1.0665,0,2.4632,9.2973,3,0,0
org_t9nt3w5u,2025-08-23,compute,8.2277,114.0,3.1064,0,3,0,0
org_t9nt3w5u,2025-08-24,compute,9.5574,119.0,1.9023,11.7835,3,0,0
org_t9nt3w5u,2025-08-26,compute,27.9039,342.0,0,0,3,0,0
org_t9nt3w5u,2025-08-27,compute,31.7780,344.0,0,0,3,0,0
org_t9nt3w5u,2025-08-29,analytics,7.8564,120.0,2.7776,3.6127,3,0,0
org_t9nt3w5u,2025-08-30,analytics,8.2765,108.0,7.5737,0,3,0,0
org_t9nt3w5u,2025-08-31,compute,20.2966,239.0,0.6386,0,3,0,0
org_teiyzcot,2025-07-03,analytics,10.1572,124.0,0.1775,7.9986,3,0,0
org_teiyzcot,2025-07-03,compute,11.4376,125.0,1.541,5.3822,3,0,0
org_teiyzcot,2025-07-03,networking,1.0388,112.0,0,27.0075,3,0,0
org_teiyzcot,2025-07-04,analytics,19.0911,248.0,3.3507,17.6184,6,0,0
org_teiyzcot,2025-07-04,compute,24.5953,249.0,5.3703,18.0256,6,0,0
org_teiyzcot,2025-07-04,networking,3.7627,352.0,1.9604,0,6,1,0
org_teiyzcot,2025-07-05,analytics,18.7853,260.0,0.0,0,3,0,0
org_teiyzcot,2025-07-05,compute,18.0876,244.0,2.1064,0,3,0,0
org_teiyzcot,2025-07-05,networking,1.5263,128.0,0,26.8534,3,0,0
org_teiyzcot,2025-07-06,analytics,6.7777,112.0,4.1255,0,3,0,0
org_teiyzcot,2025-07-06,compute,189.4048,471.0,3.2784,6.6578,6,0,0
org_teiyzcot,2025-07-06,networking,3.2994,247.0,0.0,37.3196,6,0,0
org_teiyzcot,2025-07-07,analytics,10.9977,123.0,0,23.9963,3,0,0
org_teiyzcot,2025-07-07,compute,22.1452,238.0,3.4321,24.83,6,0,0
org_teiyzcot,2025-07-07,networking,1.3716,117.0,0.0,14.742,3,0,0
org_teiyzcot,2025-07-08,analytics,23.2655,339.0,0,0,3,0,0
org_teiyzcot,2025-07-08,compute,30.9743,447.0,0,14.0455,6,0,0
org_teiyzcot,2025-07-08,networking,2.6101,248.0,0,41.1012,6,0,0
org_teiyzcot,2025-07-09,analytics,22.4119,376.0,2.8634,0.0,6,0,0
org_teiyzcot,2025-07-09,compute,35.9580,623.0,0,0.0,6,0,1
org_teiyzcot,2025-07-10,analytics,25.3330,355.0,3.5388,8.1199,6,0,0
org_teiyzcot,2025-07-10,compute,20.2464,235.0,2.8785,27.9158,6,0,0
org_teiyzcot,2025-07-10,networking,2.8397,247.0,0,0.0,3,0,0
org_teiyzcot,2025-07-11,analytics,15.8437,255.0,1.8844,36.6750,6,0,0
org_teiyzcot,2025-07-11,compute,20.9409,251.0,1.7225,0,3,0,0
org_teiyzcot,2025-07-11,networking,3.0770,267.0,3.2179,16.5146,6,1,0
org_teiyzcot,2025-07-12,compute,12.8385,127.0,1.1265,23.0271,3,0,0
org_teiyzcot,2025-07-12,networking,2.9630,275.0,0,8.9055,3,0,0
org_teiyzcot,2025-07-13,analytics,18.4017,241.0,4.9526,0,3,0,0
org_teiyzcot,2025-07-13,compute,25.0269,238.0,1.3225,54.0139,6,0,0
org_teiyzcot,2025-07-13,networking,4.2421,465.0,0.0,12.3017,6,0,0
org_teiyzcot,2025-07-14,analytics,42.8490,633.0,0,5.747,6,0,0
org_teiyzcot,2025-07-14,compute,13.8214,130.0,4.5247,9.6259,3,0,0
org_teiyzcot,2025-07-15,analytics,15.5777,247.0,0,2.2879,3,0,0
org_teiyzcot,2025-07-15,compute,2.6790,0,0,30.3638,3,0,0
org_teiyzcot,2025-07-16,analytics,37.5555,362.0,1.9501,0,6,1,0
org_teiyzcot,2025-07-16,compute,12.1906,129.0,0.7289,17.0867,3,0,0
org_teiyzcot,2025-07-16,networking,23.9905,259.0,0,6.3344,3,0,0
org_teiyzcot,2025-07-17,analytics,24.2343,338.0,3.1588,4.5782,6,0,0
org_teiyzcot,2025-07-17,compute,1.1072,0,1.3107,14.6851,3,0,0
org_teiyzcot,2025-07-17,networking,3.4770,368.0,0,0,3,0,0
org_teiyzcot,2025-07-18,analytics,14.3572,240.0,3.1823,0,3,0,0
org_teiyzcot,2025-07-18,compute,27.0340,351.0,6.6721,0,6,0,0
org_teiyzcot,2025-07-18,networking,3.6679,249.0,0.0,14.0516,6,1,0
org_teiyzcot,2025-07-19,analytics,27.9471,344.0,0,34.1445,6,0,0
org_teiyzcot,2025-07-19,networking,1.4235,134.0,2.0011,0.0,3,0,0
org_teiyzcot,2025-07-20,analytics,39.4669,498.0,3.5903,20.1872,6,0,0
org_teiyzcot,2025-07-20,compute,10.2079,114.0,4.6373,13.1149,6,0,0
org_teiyzcot,2025-07-20,networking,0.6943,0,5.5375,61.1111,6,0,0
org_teiyzcot,2025-07-21,analytics,30.4302,491.0,0,6.9814,6,0,0
org_teiyzcot,2025-07-21,compute,18.5001,235.0,0,0.0,3,0,0
org_teiyzcot,2025-07-21,networking,4.5937,488.0,0,23.3108,6,1,0
org_teiyzcot,2025-07-22,analytics,0.7319,0,2.1008,7.6927,3,0,0
org_teiyzcot,2025-07-22,compute,12.5890,133.0,3.5878,8.0379,3,0,0
org_teiyzcot,2025-07-22,networking,1.3826,128.0,0.4276,0,3,1,0
org_teiyzcot,2025-07-23,analytics,25.9435,256.0,0.0,18.2902,6,1,0
org_teiyzcot,2025-07-23,compute,22.1560,245.0,0.1989,0,3,0,0
org_teiyzcot,2025-07-23,networking,2.8356,254.0,1.2526,0,3,0,0
org_teiyzcot,2025-07-24,compute,9.9393,121.0,3.6555,0,3,0,0
org_teiyzcot,2025-07-24,networking,1.5725,127.0,5.597,12.4668,3,0,0
org_teiyzcot,2025-07-25,analytics,34.1890,460.0,1.9865,5.6965,6,0,0
org_teiyzcot,2025-07-25,compute,18.2411,242.0,0.0,0,3,0,0
org_teiyzcot,2025-07-25,networking,0.1667,0,0,16.5735,3,0,0
org_teiyzcot,2025-07-26,compute,11.7450,119.0,2.0981,6.3321,3,0,0
org_teiyzcot,2025-07-26,networking,0.2277,276.0,1.0867,22.1649,6,0,1
org_teiyzcot,2025-07-27,analytics,20.6473,585.0,0,2.4513,6,0,1
org_teiyzcot,2025-07-27,compute,17.5534,218.0,0.2814,0,6,2,0
org_teiyzcot,2025-07-27,networking,2.9894,245.0,5.6548,16.6202,6,0,0
org_teiyzcot,2025-07-28,compute,30.8852,381.0,6.6059,15.6612,6,0,0
org_teiyzcot,2025-07-28,networking,1.6117,115.0,0,11.2936,3,0,0
org_teiyzcot,2025-07-29,analytics,35.9213,479.0,0,29.7129,6,0,0
org_teiyzcot,2025-07-29,compute,2.5969,0,0,34.1746,3,0,0
org_teiyzcot,2025-07-29,networking,3.4777,362.0,0,0,3,0,0
org_teiyzcot,2025-07-30,analytics,16.6823,238.0,0,3.6633,3,0,0
org_teiyzcot,2025-07-31,analytics,21.0866,241.0,1.4754,14.3239,6,0,0
org_teiyzcot,2025-07-31,compute,14.0989,112.0,4.9482,32.8788,6,0,0
org_teiyzcot,2025-07-31,networking,1.0582,101.0,2.6318,4.1065,3,0,0
org_teiyzcot,2025-08-01,analytics,13.9099,141.0,1.0346,54.8043,6,0,0
org_teiyzcot,2025-08-01,compute,2.8970,0,1.7783,28.0574,3,0,0
org_teiyzcot,2025-08-01,networking,6.0641,612.0,3.9722,0,6,0,0
org_teiyzcot,2025-08-02,analytics,8.1476,119.0,10.6851,1.203,6,0,1
org_teiyzcot,2025-08-02,compute,30.6326,212.0,0,0,3,1,0
org_teiyzcot,2025-08-02,networking,7.1566,720.0,0,0,6,0,0
org_teiyzcot,2025-08-03,analytics,1.9501,0,3.217,20.6088,3,0,0
org_teiyzcot,2025-08-03,compute,0.4718,0,6.0171,0,3,0,0
org_teiyzcot,2025-08-03,networking,3.1704,360.0,0.0,6.4323,6,1,0
org_teiyzcot,2025-08-04,analytics,45.9560,624.0,0,5.6481,6,0,0
org_teiyzcot,2025-08-05,analytics,9.2862,127.0,0,9.2534,3,0,0
org_teiyzcot,2025-08-05,compute,0.1726,0,1.1896,0.8449,3,0,0
org_teiyzcot,2025-08-05,networking,2.1630,228.0,0,5.6464,3,0,0
org_teiyzcot,2025-08-06,analytics,10.8654,116.0,6.3214,0,3,0,0
org_teiyzcot,2025-08-06,networking,2.8938,363.0,0,0,3,0,0
org_teiyzcot,2025-08-07,compute,2.0446,0,0,8.2193,3,1,0
org_teiyzcot,2025-08-07,networking,2.9209,237.0,0,61.0248,6,0,0
org_teiyzcot,2025-08-08,compute,18.9741,225.0,0,0.0,3,0,0
org_teiyzcot,2025-08-08,networking,3.7884,337.0,0,0,3,0,0
org_teiyzcot,2025-08-09,compute,19.5737,225.0,2.7366,23.5890,6,1,0
org_teiyzcot,2025-08-09,networking,1.5816,128.0,1.0449,30.8085,6,0,0
org_teiyzcot,2025-08-10,compute,0.5129,0,6.4303,0,3,0,0
org_teiyzcot,2025-08-10,networking,2.5375,235.0,0.9164,0,3,0,0
org_teiyzcot,2025-08-11,analytics,25.1385,345.0,0,22.8270,6,0,0
org_teiyzcot,2025-08-11,compute,17.3352,242.0,0.0,27.3914,6,0,0
org_teiyzcot,2025-08-11,networking,2.4326,233.0,0,6.6973,3,0,0
org_teiyzcot,2025-08-12,analytics,14.6231,201.0,0,12.753,3,0,0
org_teiyzcot,2025-08-12,compute,11.8103,130.0,1.6746,16.0608,3,0,0
org_teiyzcot,2025-08-12,networking,2.5873,241.0,0,29.6127,6,1,0
org_teiyzcot,2025-08-13,analytics,23.6971,331.0,0,32.4973,6,0,0
org_teiyzcot,2025-08-13,compute,22.9676,242.0,0,0.7111,3,0,0
org_teiyzcot,2025-08-13,networking,3.4162,351.0,5.5122,11.7548,6,0,0
org_teiyzcot,2025-08-14,analytics,26.7227,337.0,2.9688,6.4489,6,0,0
org_teiyzcot,2025-08-14,compute,12.5647,141.0,1.3075,0,3,0,0
org_teiyzcot,2025-08-14,networking,1.3688,122.0,1.6329,13.5883,3,0,0
org_teiyzcot,2025-08-15,analytics,18.9094,247.0,3.0106,0,3,0,0
org_teiyzcot,2025-08-15,compute,39.6782,470.0,1.8469,3.6696,6,0,0
org_teiyzcot,2025-08-15,networking,1.9515,232.0,0,4.1522,3,0,0
org_teiyzcot,2025-08-16,analytics,18.6259,256.0,4.8098,10.5464,6,0,0
org_teiyzcot,2025-08-16,compute,11.9500,127.0,0.0,0,3,1,0
org_teiyzcot,2025-08-16,networking,3.6695,397.0,0,0,3,0,0
org_teiyzcot,2025-08-17,analytics,8.2413,113.0,3.6356,4.856,3,0,0
org_teiyzcot,2025-08-17,compute,27.3926,352.0,0,0,3,0,0
org_teiyzcot,2025-08-17,networking,1.3219,124.0,0.6309,0,3,0,0
org_teiyzcot,2025-08-18,analytics,9.5095,112.0,0,17.0916,3,0,0
org_teiyzcot,2025-08-18,compute,42.7222,505.0,0.4501,13.9556,6,0,0
org_teiyzcot,2025-08-18,networking,2.6903,245.0,0.0,0,3,0,0
org_teiyzcot,2025-08-19,analytics,33.4879,503.0,4.0177,0,6,0,0
org_teiyzcot,2025-08-20,analytics,5.3176,124.0,3.6109,0,3,0,0
org_teiyzcot,2025-08-20,compute,2.4272,0,0.1636,31.4076,3,0,0
org_teiyzcot,2025-08-20,networking,4.3038,343.0,0,39.1752,6,0,0
org_teiyzcot,2025-08-21,compute,3.9943,0,8.0841,32.6918,6,0,0
org_teiyzcot,2025-08-21,networking,1.3302,126.0,6.3714,15.8957,3,0,0
org_teiyzcot,2025-08-22,analytics,17.6064,248.0,3.4521,0,3,0,0
org_teiyzcot,2025-08-22,compute,18.6483,227.0,0,13.2028,3,0,0
org_teiyzcot,2025-08-22,networking,0.9128,100.0,0.0,0.0,3,0,0
org_teiyzcot,2025-08-23,analytics,10.9268,122.0,0,18.7159,3,0,0
org_teiyzcot,2025-08-23,compute,224.1130,247.0,0,17.3191,3,0,0
org_teiyzcot,2025-08-23,networking,1.8279,144.0,0,24.2263,3,0,0
org_teiyzcot,2025-08-24,analytics,42.4864,583.0,0,16.351,6,0,0
org_teiyzcot,2025-08-24,compute,20.9961,227.0,0,4.4617,3,0,0
org_teiyzcot,2025-08-24,networking,2.5604,245.0,0,0.0,3,0,0
org_teiyzcot,2025-08-25,analytics,22.0352,352.0,5.0467,0.0,6,0,0
org_teiyzcot,2025-08-25,compute,30.5503,127.0,0,28.6834,3,0,0
org_teiyzcot,2025-08-25,networking,1.2756,133.0,0,2.8215,3,0,0
org_teiyzcot,2025-08-26,analytics,9.2545,108.0,0.7899,6.8504,3,0,0
org_teiyzcot,2025-08-26,compute,11.8313,137.0,1.081,22.5585,3,0,0
org_teiyzcot,2025-08-26,networking,6.1422,613.0,0,0.0,6,0,0
org_teiyzcot,2025-08-27,analytics,8.9570,114.0,0,25.5772,3,0,0
org_teiyzcot,2025-08-27,networking,2.3557,256.0,4.1840,7.2697,6,0,0
org_teiyzcot,2025-08-28,analytics,13.6537,236.0,2.0115,0.1916,6,0,0
org_teiyzcot,2025-08-28,compute,26.5359,355.0,0,0,3,0,0
org_teiyzcot,2025-08-28,networking,1.5357,132.0,3.6315,0,3,0,0
org_teiyzcot,2025-08-29,analytics,14.9533,211.0,1.867,0,3,0,0
org_teiyzcot,2025-08-29,compute,21.7637,250.0,2.4681,30.1178,6,0,0
org_teiyzcot,2025-08-29,networking,1.4820,104.0,0,38.8243,3,0,0
org_teiyzcot,2025-08-30,analytics,7.4738,124.0,0.0,13.6253,3,0,0
org_teiyzcot,2025-08-30,networking,5.2412,485.0,0,19.2313,6,0,0
org_teiyzcot,2025-08-31,analytics,16.7910,252.0,2.4059,21.8506,6,0,0
org_teiyzcot,2025-08-31,compute,20.2912,247.0,0,11.7123,3,0,0
org_teiyzcot,2025-08-31,networking,3.9264,406.0,1.1143,12.1145,6,0,0
org_trp0j43d,2025-07-03,database,11.4761,243.0,0,1.2431,3,0,0
org_trp0j43d,2025-07-04,compute,9.9600,100.0,3.7177,0,3,0,0
org_trp0j43d,2025-07-04,database,8.4755,133.0,0,28.5152,3,0,0
org_trp0j43d,2025-07-05,database,6.1998,132.0,0.7632,11.8439,3,0,0
org_trp0j43d,2025-07-06,compute,20.2933,214.0,0,6.0062,3,0,0
org_trp0j43d,2025-07-06,database,0.6232,0,4.7111,5.042,3,0,0
org_trp0j43d,2025-07-07,database,2.1521,0,0,38.1726,3,0,0
org_trp0j43d,2025-07-08,compute,5.8009,115.0,4.2740,0,3,0,0
org_trp0j43d,2025-07-08,database,16.5612,327.0,0,0,3,0,0
org_trp0j43d,2025-07-09,compute,9.3979,117.0,1.9535,0.4221,3,0,0
org_trp0j43d,2025-07-09,database,17.8475,359.0,3.9490,13.0072,6,0,0
org_trp0j43d,2025-07-10,compute,10.0832,118.0,2.2885,0,3,0,0
org_trp0j43d,2025-07-10,database,19.9374,359.0,0,25.1775,6,0,0
org_trp0j43d,2025-07-11,database,17.7977,367.0,2.8834,12.8593,6,0,0
org_trp0j43d,2025-07-12,compute,24.7017,110.0,0,14.6559,3,1,0
org_trp0j43d,2025-07-12,database,13.5091,246.0,0.6397,0,3,0,0
org_trp0j43d,2025-07-13,database,7.2076,129.0,0.466,4.7906,3,0,0
org_trp0j43d,2025-07-14,database,19.3844,341.0,3.1624,39.4731,6,0,0
org_trp0j43d,2025-07-15,compute,19.6387,239.0,0,16.6681,3,0,0
org_trp0j43d,2025-07-15,database,10.4065,242.0,0.0,18.0575,6,0,0
org_trp0j43d,2025-07-16,compute,12.6611,121.0,2.0578,0,3,0,0
org_trp0j43d,2025-07-16,database,37.9176,687.0,0,0,6,0,0
org_trp0j43d,2025-07-17,database,11.5539,128.0,0,14.5595,3,1,0
org_trp0j43d,2025-07-18,compute,13.5565,122.0,0,0.0,3,1,0
org_trp0j43d,2025-07-18,database,13.6333,255.0,0.5798,0,3,0,0
org_trp0j43d,2025-07-19,compute,10.5475,0,1.9465,7.7455,3,1,0
org_trp0j43d,2025-07-19,database,7.1953,135.0,2.1962,11.3876,3,0,0
org_trp0j43d,2025-07-20,compute,12.5189,133.0,6.7615,0,3,0,0
org_trp0j43d,2025-07-20,database,8.1890,126.0,0,14.0074,3,0,0
org_trp0j43d,2025-07-21,database,5.2364,96.0,0.0,12.73,3,0,0
org_trp0j43d,2025-07-22,database,6.0164,126.0,5.4812,3.2938,6,0,0
org_trp0j43d,2025-07-23,compute,19.9551,110.0,0,11.0347,3,1,0
org_trp0j43d,2025-07-23,database,15.8915,344.0,0.7201,30.8787,6,0,0
org_trp0j43d,2025-07-24,compute,0.4655,0,5.2952,0,3,0,0
org_trp0j43d,2025-07-24,database,6.7774,122.0,0.8906,12.9675,3,0,0
org_trp0j43d,2025-07-25,compute,17.2757,243.0,1.0527,0,3,0,0
org_trp0j43d,2025-07-26,database,18.7584,350.0,3.0075,22.7438,6,0,0
org_trp0j43d,2025-07-28,compute,9.9774,120.0,0,25.3341,3,0,0
org_trp0j43d,2025-07-28,database,21.9883,494.0,0.0,0.7348,6,0,0
org_trp0j43d,2025-07-29,database,11.4282,227.0,0,0.0,3,0,0
org_trp0j43d,2025-07-31,compute,20.6654,245.0,0,5.5573,3,0,0
org_trp0j43d,2025-07-31,database,19.9559,250.0,0,0,3,1,0
org_trp0j43d,2025-08-01,compute,18.3259,240.0,0,21.0677,3,0,0
org_trp0j43d,2025-08-01,database,14.9837,257.0,2.7034,49.7899,6,0,0
org_trp0j43d,2025-08-02,compute,9.4624,132.0,1.4738,0,3,0,0
org_trp0j43d,2025-08-02,database,1.1273,0,5.0892,17.86,3,0,0
org_trp0j43d,2025-08-03,compute,19.2710,252.0,0,8.8193,3,0,0
org_trp0j43d,2025-08-03,database,25.1566,467.0,0.0,0,6,0,0
org_trp0j43d,2025-08-05,database,7.1048,113.0,6.9036,12.6480,6,1,0
org_trp0j43d,2025-08-06,compute,7.4068,116.0,0.5522,0.0,3,0,0
org_trp0j43d,2025-08-06,database,14.6811,231.0,1.612,46.4297,6,0,0
org_trp0j43d,2025-08-07,compute,20.4627,252.0,0,7.3924,3,0,0
org_trp0j43d,2025-08-07,database,8.7766,127.0,6.6885,0,3,0,0
org_trp0j43d,2025-08-09,compute,22.7276,239.0,0.0,0,3,0,0
org_trp0j43d,2025-08-10,database,13.4341,237.0,0,10.904,3,0,0
org_trp0j43d,2025-08-11,database,18.5948,233.0,2.8971,13.1691,6,1,0
org_trp0j43d,2025-08-12,database,5.0398,121.0,0,5.1584,3,0,0
org_trp0j43d,2025-08-13,database,18.7125,391.0,5.4287,17.5399,6,0,0
org_trp0j43d,2025-08-14,database,15.3807,215.0,7.0968,31.0118,6,0,0
org_trp0j43d,2025-08-15,compute,17.0649,161.0,0,17.6764,3,0,0
org_trp0j43d,2025-08-15,database,13.8970,266.0,0.9945,22.240,6,0,0
org_trp0j43d,2025-08-16,compute,19.6733,218.0,0,22.0871,3,0,0
org_trp0j43d,2025-08-16,database,27.2023,476.0,0,26.7355,6,0,0
org_trp0j43d,2025-08-17,compute,18.8387,243.0,3.0579,0,3,0,0
org_trp0j43d,2025-08-17,database,7.5830,126.0,2.4805,7.1359,3,0,0
org_trp0j43d,2025-08-18,database,17.4114,337.0,0,0,3,0,0
org_trp0j43d,2025-08-19,database,17.3071,350.0,0,0,3,0,0
org_trp0j43d,2025-08-20,compute,9.0521,107.0,0.0,11.4683,3,0,0
org_trp0j43d,2025-08-20,database,8.4712,124.0,2.2261,24.196,6,0,0
org_trp0j43d,2025-08-21,compute,14.9164,231.0,0,14.1485,3,0,0
org_trp0j43d,2025-08-21,database,10.3258,237.0,0,6.0539,3,0,0
org_trp0j43d,2025-08-22,compute,15.1987,254.0,3.0026,0,3,0,0
org_trp0j43d,2025-08-22,database,10.2992,220.0,0,9.3164,3,0,0
org_trp0j43d,2025-08-23,compute,22.1412,237.0,1.1632,0,3,0,0
org_trp0j43d,2025-08-23,database,2.1219,0,3.0962,34.7916,3,0,0
org_trp0j43d,2025-08-24,compute,11.4903,136.0,0,22.9729,3,0,0
org_trp0j43d,2025-08-25,database,16.7565,341.0,1.7539,32.3966,6,0,0
org_trp0j43d,2025-08-26,compute,20.1586,240.0,2.8594,0,3,0,0
org_trp0j43d,2025-08-26,database,6.1951,130.0,2.41,1.2318,3,0,0
org_trp0j43d,2025-08-27,database,17.6970,354.0,4.7636,0,6,0,0
org_trp0j43d,2025-08-28,database,8.1045,123.0,4.2914,18.3327,3,0,0
org_trp0j43d,2025-08-29,compute,6.8484,122.0,2.9883,0,3,0,0
org_trp0j43d,2025-08-29,database,9.7574,197.0,0,3.5767,3,0,0
org_trp0j43d,2025-08-30,compute,10.6613,120.0,0,34.0634,3,0,0
org_trp0j43d,2025-08-30,database,0.8257,0,2.3059,15.5946,3,0,0
org_tvhhpbmy,2025-07-03,genai,29.1523,229.0,0,11.0899,3,0,0
org_tvhhpbmy,2025-07-03,storage,2.4672,116.0,6.5851,9.1715,3,0,0
org_tvhhpbmy,2025-07-04,compute,32.3077,256.0,0,0,3,1,0
org_tvhhpbmy,2025-07-04,genai,313.4168,210.0,1.3851,0,3,0,0
org_tvhhpbmy,2025-07-05,compute,2.2902,0,3.8718,23.8889,3,0,0
org_tvhhpbmy,2025-07-05,genai,30.1294,245.0,0,17.1846,3,0,0
org_tvhhpbmy,2025-07-06,compute,30.7334,385.0,0,0,3,0,0
org_tvhhpbmy,2025-07-06,genai,0.8131,0,2.2706,4.6372,3,0,0
org_tvhhpbmy,2025-07-06,networking,4.0204,372.0,0,0,3,0,0
org_tvhhpbmy,2025-07-06,storage,0.7157,0,0,33.8438,3,0,0
org_tvhhpbmy,2025-07-07,compute,9.7480,131.0,0,14.5758,3,0,0
org_tvhhpbmy,2025-07-07,networking,1.5216,117.0,0,23.5987,3,0,0
org_tvhhpbmy,2025-07-07,storage,9.8025,394.0,0,0,3,0,0
org_tvhhpbmy,2025-07-08,compute,2.1288,0,8.0270,20.9999,3,0,0
org_tvhhpbmy,2025-07-08,genai,22.2060,127.0,3.3671,18.4492,3,0,0
org_tvhhpbmy,2025-07-08,storage,2.1079,108.0,5.5623,0,3,0,0
org_tvhhpbmy,2025-07-09,genai,3.8315,0,1.6523,15.7759,3,1,0
org_tvhhpbmy,2025-07-09,networking,1.4342,125.0,0.0,8.6395,3,0,0
org_tvhhpbmy,2025-07-09,storage,2.7062,119.0,1.9257,12.1955,3,0,0
org_tvhhpbmy,2025-07-10,compute,204.9628,350.0,0,0,3,0,0
org_tvhhpbmy,2025-07-10,genai,3.5495,0,0.3167,30.5923,3,0,0
org_tvhhpbmy,2025-07-10,networking,1.5942,129.0,0,20.4090,3,0,0
org_tvhhpbmy,2025-07-11,genai,29.1984,223.0,0,10.1429,3,0,0
org_tvhhpbmy,2025-07-11,networking,2.3271,252.0,0,3.1268,3,0,0
org_tvhhpbmy,2025-07-12,genai,31.7400,242.0,0.5625,0,3,0,0
org_tvhhpbmy,2025-07-12,networking,1.1990,110.0,4.7299,0,3,0,0
org_tvhhpbmy,2025-07-12,storage,2.3702,111.0,2.0031,10.5804,3,0,0
org_tvhhpbmy,2025-07-13,networking,1.6256,117.0,4.2828,0,3,0,0
org_tvhhpbmy,2025-07-13,storage,2.8514,116.0,0,27.8902,3,0,0
org_tvhhpbmy,2025-07-14,genai,17.1866,148.0,0,15.5527,3,0,0
org_tvhhpbmy,2025-07-14,networking,0.4075,0,0,51.2539,3,0,0
org_tvhhpbmy,2025-07-14,storage,5.1241,242.0,0,22.736,3,0,0
org_tvhhpbmy,2025-07-15,compute,9.4208,122.0,2.0287,0,3,0,0
org_tvhhpbmy,2025-07-15,genai,16.7180,117.0,3.1422,0,3,0,0
org_tvhhpbmy,2025-07-15,storage,2.9675,124.0,1.1996,0,3,0,0
org_tvhhpbmy,2025-07-17,genai,28.7085,240.0,1.2244,0,3,0,0
org_tvhhpbmy,2025-07-17,storage,4.5216,233.0,3.1984,0,3,0,0
org_tvhhpbmy,2025-07-18,genai,14.6612,119.0,0,14.1563,3,0,0
org_tvhhpbmy,2025-07-18,networking,2.8359,255.0,1.8418,0,3,0,0
org_tvhhpbmy,2025-07-18,storage,0.1278,0,1.7756,0,3,1,0
org_tvhhpbmy,2025-07-19,genai,15.9346,124.0,3.4540,0,3,0,0
org_tvhhpbmy,2025-07-19,networking,1.2279,132.0,0.9785,14.8218,3,0,0
org_tvhhpbmy,2025-07-19,storage,2.5804,131.0,2.3855,12.3669,3,0,0
org_tvhhpbmy,2025-07-20,networking,1.3480,98.0,2.0346,7.3833,3,0,0
org_tvhhpbmy,2025-07-21,compute,2.6697,0,4.1377,25.1575,3,0,0
org_tvhhpbmy,2025-07-21,genai,14.3471,112.0,1.1048,5.0805,3,0,0
org_tvhhpbmy,2025-07-21,networking,3.5957,384.0,0,0,3,0,0
org_tvhhpbmy,2025-07-23,genai,17.1472,124.0,0,8.4638,3,0,0
org_tvhhpbmy,2025-07-23,storage,0.2781,0,1.2765,16.2971,3,0,0
org_tvhhpbmy,2025-07-24,compute,14.8903,116.0,0,38.0351,3,0,0
org_tvhhpbmy,2025-07-24,genai,12.4874,129.0,3.3754,9.7834,3,0,0
org_tvhhpbmy,2025-07-24,storage,2.8569,121.0,2.1098,14.3797,3,0,0
org_tvhhpbmy,2025-07-25,compute,19.0519,222.0,0.529,0,3,0,0
org_tvhhpbmy,2025-07-25,storage,1.9963,110.0,0.8457,0.0,3,0,0
org_tvhhpbmy,2025-07-26,genai,26.1862,228.0,1.8208,0,3,0,0
org_tvhhpbmy,2025-07-26,networking,2.7437,237.0,0,2.8939,3,0,0
org_tvhhpbmy,2025-07-26,storage,2.646,119.0,1.8195,0,3,0,0
org_tvhhpbmy,2025-07-27,storage,4.0363,208.0,3.4068,0,3,0,0
org_tvhhpbmy,2025-07-28,genai,3.3980,0,1.2785,24.1990,3,0,0
org_tvhhpbmy,2025-07-28,networking,2.6234,241.0,0,1.4209,3,0,0
org_tvhhpbmy,2025-07-28,storage,4.4747,217.0,0,17.5368,3,0,0
org_tvhhpbmy,2025-07-29,networking,2.3764,245.0,0,3.6591,3,0,0
org_tvhhpbmy,2025-07-29,storage,2.7669,137.0,2.1372,14.0806,3,0,0
org_tvhhpbmy,2025-07-30,compute,21.4440,227.0,1.2048,0,3,0,0
org_tvhhpbmy,2025-07-30,networking,1.4802,122.0,1.7843,9.0078,3,0,0
org_tvhhpbmy,2025-07-30,storage,5.8624,326.0,0,0,3,0,0
org_tvhhpbmy,2025-07-31,compute,8.8333,112.0,3.396,13.778,3,0,0
org_tvhhpbmy,2025-07-31,genai,18.3535,122.0,0,28.7342,3,0,0
org_tvhhpbmy,2025-07-31,networking,2.7390,254.0,0,21.5002,3,0,0
org_tvhhpbmy,2025-07-31,storage,4.8391,251.0,0,22.7388,3,0,0
org_tvhhpbmy,2025-08-01,genai,13.8871,119.0,0.4976,1.3168,3,0,0
org_tvhhpbmy,2025-08-01,storage,2.5653,124.0,1.4057,15.3002,3,0,0
org_tvhhpbmy,2025-08-02,genai,30.4170,261.0,1.9333,0,3,0,0
org_tvhhpbmy,2025-08-03,genai,1.8262,0,6.8550,7.5846,3,0,0
org_tvhhpbmy,2025-08-03,networking,2.6118,268.0,0,8.5866,3,0,0
org_tvhhpbmy,2025-08-03,storage,2.6722,109.0,4.2778,0,3,0,0
org_tvhhpbmy,2025-08-04,genai,17.7812,122.0,3.5676,20.3837,3,0,0
org_tvhhpbmy,2025-08-05,compute,22.3478,347.0,0,0,3,0,0
org_tvhhpbmy,2025-08-05,genai,18.1554,144.0,2.1358,0,3,0,0
org_tvhhpbmy,2025-08-05,networking,2.7687,276.0,2.4799,0,3,0,0
org_tvhhpbmy,2025-08-06,compute,12.0491,120.0,0,15.9172,3,0,0
org_tvhhpbmy,2025-08-06,networking,0.4348,0,0,44.4717,3,0,0
org_tvhhpbmy,2025-08-06,storage,3.2827,125.0,0,27.8521,3,0,0
org_tvhhpbmy,2025-08-07,genai,11.1327,109.0,3.3342,4.1734,3,0,0
org_tvhhpbmy,2025-08-08,genai,37.6984,268.0,0,13.5532,3,0,0
org_tvhhpbmy,2025-08-08,networking,2.7418,251.0,0,16.9818,3,0,0
org_tvhhpbmy,2025-08-09,compute,9.7457,119.0,0.0,14.7421,3,0,0
org_tvhhpbmy,2025-08-09,genai,24.2147,236.0,1.0033,0,3,0,0
org_tvhhpbmy,2025-08-10,compute,1.4126,0,2.8759,16.2731,3,0,0
org_tvhhpbmy,2025-08-10,genai,11.5990,105.0,0.4058,11.6927,3,0,0
org_tvhhpbmy,2025-08-10,networking,2.1190,224.0,1.7582,0,3,0,0
org_tvhhpbmy,2025-08-11,genai,18.4484,117.0,2.9129,18.4296,3,0,0
org_tvhhpbmy,2025-08-11,networking,0.1620,0,0.922,16.6710,3,0,0
org_tvhhpbmy,2025-08-12,compute,24.8334,263.0,0,9.5692,3,0,0
org_tvhhpbmy,2025-08-12,genai,16.9441,121.0,0,22.4994,3,0,0
org_tvhhpbmy,2025-08-12,storage,6.7743,356.0,0,0,3,0,0
org_tvhhpbmy,2025-08-13,compute,8.7411,106.0,0,10.4119,3,0,0
org_tvhhpbmy,2025-08-13,genai,39.1475,376.0,0,0,3,0,0
org_tvhhpbmy,2025-08-13,networking,2.2454,234.0,1.2843,0,3,0,0
org_tvhhpbmy,2025-08-14,genai,32.5918,264.0,0.8527,0,3,0,0
org_tvhhpbmy,2025-08-14,networking,3.6967,367.0,0,0,3,0,0
org_tvhhpbmy,2025-08-14,storage,1.6501,94.0,1.5083,0.0,3,0,0
org_tvhhpbmy,2025-08-15,compute,19.1201,235.0,2.4071,0,3,0,0
org_tvhhpbmy,2025-08-15,genai,35.2594,145.0,1.4995,0,3,1,0
org_tvhhpbmy,2025-08-16,compute,11.3937,123.0,2.7071,8.5153,3,0,0
org_tvhhpbmy,2025-08-16,genai,15.7054,134.0,0.5615,6.3052,3,0,0
org_tvhhpbmy,2025-08-16,storage,4.4647,242.0,0,1.5644,3,0,0
org_tvhhpbmy,2025-08-17,networking,1.7054,126.0,0,15.9883,3,0,0
org_tvhhpbmy,2025-08-17,storage,1.9686,108.0,0,13.4838,3,0,0
org_tvhhpbmy,2025-08-18,compute,9.6766,125.0,0,0.3752,3,0,0
org_tvhhpbmy,2025-08-18,genai,34.8770,280.0,0,9.0802,3,0,0
org_tvhhpbmy,2025-08-18,networking,2.1409,236.0,2.1287,0,3,0,0
org_tvhhpbmy,2025-08-18,storage,3.9597,124.0,0,13.2099,3,0,0
org_tvhhpbmy,2025-08-19,genai,17.1573,121.0,1.4603,0.0,3,0,0
org_tvhhpbmy,2025-08-19,storage,2.8659,350.0,0,0,3,0,1
org_tvhhpbmy,2025-08-20,compute,31.0629,370.0,0,0,3,0,0
org_tvhhpbmy,2025-08-20,genai,26.3984,215.0,1.7285,0,3,0,0
org_tvhhpbmy,2025-08-20,networking,2.5354,228.0,0,0.0,3,0,0
org_tvhhpbmy,2025-08-20,storage,2.8598,139.0,0.0,5.3604,3,0,0
org_tvhhpbmy,2025-08-21,compute,9.4802,117.0,0,8.4999,3,0,0
org_tvhhpbmy,2025-08-21,genai,32.4111,241.0,0,33.127,3,0,0
org_tvhhpbmy,2025-08-21,networking,2.8051,235.0,0,9.6714,3,0,0
org_tvhhpbmy,2025-08-22,networking,2.5642,273.0,0.2149,0,3,0,0
org_tvhhpbmy,2025-08-24,storage,5.2118,255.0,1.9075,0,3,0,0
org_tvhhpbmy,2025-08-25,compute,13.1384,0,0,30.7241,3,1,0
org_tvhhpbmy,2025-08-25,genai,27.7216,234.0,2.9513,0,3,0,0
org_tvhhpbmy,2025-08-25,networking,2.6835,239.0,0,11.7461,3,0,0
org_tvhhpbmy,2025-08-26,storage,4.9535,243.0,4.4023,0,3,0,0
org_tvhhpbmy,2025-08-27,compute,19.1222,252.0,0,5.4146,3,0,0
org_tvhhpbmy,2025-08-27,storage,3.7188,218.0,2.7698,0,3,0,0
org_tvhhpbmy,2025-08-28,genai,27.5829,239.0,0,1.7682,3,0,0
org_tvhhpbmy,2025-08-28,networking,1.3432,126.0,3.3845,0,3,0,0
org_tvhhpbmy,2025-08-29,compute,6.8414,99.0,5.8951,0,3,0,0
org_tvhhpbmy,2025-08-29,genai,31.5293,239.0,0,6.7596,3,0,0
org_tvhhpbmy,2025-08-30,compute,10.4343,113.0,0,24.2980,3,0,0
org_tvhhpbmy,2025-08-30,genai,48.2471,351.0,0,0,3,0,0
org_tvhhpbmy,2025-08-30,networking,2.6090,240.0,0.0,0,3,0,0
org_tvhhpbmy,2025-08-31,compute,9.4035,96.0,5.1784,0,3,0,0
org_tvhhpbmy,2025-08-31,networking,0.3329,0,0,34.6999,3,0,0
org_tvhhpbmy,2025-08-31,storage,0.7281,0,0,34.9953,3,0,0
org_ujv6oh9s,2025-07-03,compute,18.1021,245.0,4.3379,0,3,0,0
org_ujv6oh9s,2025-07-03,database,10.0309,129.0,0,4.3277,3,1,0
org_ujv6oh9s,2025-07-03,storage,2.9442,114.0,1.9091,10.0649,3,0,0
org_ujv6oh9s,2025-07-04,compute,8.9153,102.0,3.3667,0.0,3,0,0
org_ujv6oh9s,2025-07-04,database,10.9798,229.0,0,0.0,3,0,0
org_ujv6oh9s,2025-07-04,storage,5.0236,237.0,2.2572,0.0,6,1,0
org_ujv6oh9s,2025-07-05,storage,5.2650,239.0,0,7.392,3,0,0
org_ujv6oh9s,2025-07-06,analytics,7.6139,125.0,0.6755,0.0,3,0,0
org_ujv6oh9s,2025-07-06,compute,1.6410,0,5.1437,14.8013,3,0,0
org_ujv6oh9s,2025-07-06,database,13.1275,244.0,2.2973,0,3,0,0
org_ujv6oh9s,2025-07-06,storage,6.9427,626.0,1.6341,52.4269,9,0,1
org_ujv6oh9s,2025-07-07,database,12.8603,253.0,0,16.0208,3,0,0
org_ujv6oh9s,2025-07-07,storage,2.4110,118.0,2.5116,1.3273,3,0,0
org_ujv6oh9s,2025-07-08,compute,22.9173,247.0,0,19.0456,3,0,0
org_ujv6oh9s,2025-07-08,storage,50.6858,358.0,6.2071,21.2789,9,1,0
org_ujv6oh9s,2025-07-09,analytics,10.8980,125.0,4.0827,7.2146,3,0,0
org_ujv6oh9s,2025-07-09,database,5.7537,104.0,0,13.6123,3,0,0
org_ujv6oh9s,2025-07-09,storage,3.9014,231.0,0.0373,0,3,0,0
org_ujv6oh9s,2025-07-10,analytics,27.5278,386.0,0,0,3,0,0
org_ujv6oh9s,2025-07-10,compute,10.5313,148.0,0,9.2645,3,0,0
org_ujv6oh9s,2025-07-10,storage,4.0171,235.0,0,5.7708,3,0,0
org_ujv6oh9s,2025-07-11,analytics,1.9127,0,2.8547,24.3478,3,0,0
org_ujv6oh9s,2025-07-11,database,1.5809,0,2.7414,34.7081,3,0,0
org_ujv6oh9s,2025-07-11,storage,9.3974,353.0,0,52.1609,6,0,0
org_ujv6oh9s,2025-07-12,analytics,9.7283,140.0,1.3674,24.0948,3,0,0
org_ujv6oh9s,2025-07-12,compute,3.8829,0,3.4177,43.0231,3,0,0
org_ujv6oh9s,2025-07-12,database,1.1232,0,2.1953,13.7319,3,1,0
org_ujv6oh9s,2025-07-12,storage,7.3584,359.0,0.0,22.5159,6,0,0
org_ujv6oh9s,2025-07-13,analytics,15.8947,245.0,0,13.284,3,0,0
org_ujv6oh9s,2025-07-13,compute,17.1103,245.0,1.8224,0,3,0,0
org_ujv6oh9s,2025-07-13,database,6.1011,122.0,6.0624,0,3,0,0
org_ujv6oh9s,2025-07-13,storage,11.1062,495.0,1.0277,42.7217,9,0,0
org_ujv6oh9s,2025-07-14,analytics,2.9777,0,2.4947,36.6296,3,0,0
org_ujv6oh9s,2025-07-14,compute,9.4472,121.0,0.0,21.005,3,0,0
org_ujv6oh9s,2025-07-14,storage,10.3470,476.0,0,23.0898,6,0,0
org_ujv6oh9s,2025-07-15,analytics,6.2942,97.0,4.5508,0,3,0,0
org_ujv6oh9s,2025-07-15,database,6.4384,126.0,0,9.969,3,1,0
org_ujv6oh9s,2025-07-16,analytics,9.441,104.0,2.806,0,3,0,0
org_ujv6oh9s,2025-07-16,compute,2.3020,0,1.3642,29.8966,3,0,0
org_ujv6oh9s,2025-07-16,database,4.9325,110.0,0.0,4.3771,3,0,0
org_ujv6oh9s,2025-07-16,storage,6.1533,463.0,0.0764,38.5355,9,0,1
org_ujv6oh9s,2025-07-17,analytics,10.8874,115.0,0,36.5522,3,0,0
org_ujv6oh9s,2025-07-17,database,15.6767,253.0,0,13.2034,3,0,0
org_ujv6oh9s,2025-07-17,storage,39.8406,367.0,0,0,3,0,0
org_ujv6oh9s,2025-07-18,compute,10.6865,109.0,0.0,9.6014,3,0,0
org_ujv6oh9s,2025-07-18,database,14.0076,232.0,4.3165,0,3,0,0
org_ujv6oh9s,2025-07-18,storage,0.8787,0,0,39.5891,3,0,0
org_ujv6oh9s,2025-07-19,compute,1.4928,0,3.5159,14.7712,3,0,0
org_ujv6oh9s,2025-07-19,database,142.7731,256.0,0,0,3,1,0
org_ujv6oh9s,2025-07-19,storage,0.0365,0,1.7737,0,3,0,0
org_ujv6oh9s,2025-07-20,analytics,18.3192,254.0,0.0,0,3,0,0
org_ujv6oh9s,2025-07-20,compute,31.8099,396.0,0,0,3,0,0
org_ujv6oh9s,2025-07-20,database,12.6471,249.0,0,12.5529,3,0,0
org_ujv6oh9s,2025-07-20,storage,10.4426,470.0,0.2977,70.9036,9,0,0
org_ujv6oh9s,2025-07-21,compute,14.9997,219.0,1.5144,0,3,0,0
org_ujv6oh9s,2025-07-21,storage,6.9227,358.0,6.3557,8.8181,6,0,0
org_ujv6oh9s,2025-07-22,analytics,8.4072,124.0,0,0.1526,3,0,0
org_ujv6oh9s,2025-07-22,compute,7.6942,108.0,1.4538,3.2134,3,0,0
org_ujv6oh9s,2025-07-22,database,5.5830,133.0,1.7653,21.9986,3,0,1
org_ujv6oh9s,2025-07-22,storage,7.3620,274.0,0,7.9055,3,0,0
org_ujv6oh9s,2025-07-23,database,13.1773,223.0,3.5375,0,3,0,0
org_ujv6oh9s,2025-07-23,storage,10.3834,472.0,5.2115,5.0158,9,0,0
org_ujv6oh9s,2025-07-24,analytics,9.1692,126.0,0.3528,0,3,0,0
org_ujv6oh9s,2025-07-24,compute,9.9998,119.0,0,15.9914,3,0,0
org_ujv6oh9s,2025-07-24,database,9.4107,150.0,0,27.4056,3,0,0
org_ujv6oh9s,2025-07-24,storage,6.7054,324.0,9.5303,0,6,1,0
org_ujv6oh9s,2025-07-25,compute,9.6491,101.0,2.3368,0,3,0,0
org_ujv6oh9s,2025-07-25,storage,7.0842,379.0,7.1288,7.813,6,0,0
org_ujv6oh9s,2025-07-26,analytics,1.4825,0,1.4651,16.7962,3,0,0
org_ujv6oh9s,2025-07-26,storage,3.3808,115.0,2.1581,42.8055,6,0,0
org_ujv6oh9s,2025-07-27,analytics,18.6026,246.0,0,19.9673,3,0,0
org_ujv6oh9s,2025-07-27,compute,9.6563,124.0,0.0,0.0,3,0,0
org_ujv6oh9s,2025-07-27,database,5.4022,115.0,2.1439,18.0337,3,0,0
org_ujv6oh9s,2025-07-27,storage,4.5060,214.0,2.7034,17.3917,6,0,0
org_ujv6oh9s,2025-07-28,compute,20.2841,233.0,0,11.2584,3,0,0
org_ujv6oh9s,2025-07-28,database,5.2243,126.0,0.5777,8.2849,3,0,0
org_ujv6oh9s,2025-07-28,storage,6.5859,360.0,0,0,3,0,0
org_ujv6oh9s,2025-07-29,database,8.3903,135.0,5.1937,0.0,3,0,0
org_ujv6oh9s,2025-07-29,storage,3.2360,126.0,0,46.9860,6,0,0
org_ujv6oh9s,2025-07-30,analytics,9.1701,106.0,2.2265,2.3209,3,0,0
org_ujv6oh9s,2025-07-30,compute,9.0248,109.0,1.7497,0.0,3,0,0
org_ujv6oh9s,2025-07-30,database,6.6941,115.0,0,20.2191,3,0,0
org_ujv6oh9s,2025-07-30,storage,12.8835,579.0,0.042,20.1656,9,0,0
org_ujv6oh9s,2025-07-31,compute,20.2626,261.0,0.4367,0,3,0,0
org_ujv6oh9s,2025-07-31,storage,7.6215,356.0,1.0124,7.9796,6,0,0
org_ujv6oh9s,2025-08-01,analytics,11.6636,138.0,2.2866,0,3,0,0
org_ujv6oh9s,2025-08-01,database,7.1821,132.0,0.0,19.1,3,0,0
org_ujv6oh9s,2025-08-01,storage,7.2979,366.0,4.5844,0,6,0,0
org_ujv6oh9s,2025-08-02,analytics,16.2652,138.0,0,24.5344,3,1,0
org_ujv6oh9s,2025-08-02,compute,11.0332,124.0,3.2007,9.7359,3,0,0
org_ujv6oh9s,2025-08-02,database,11.9904,235.0,1.7735,0,3,0,0
org_ujv6oh9s,2025-08-02,storage,4.9306,253.0,3.3138,22.4597,6,0,0
org_ujv6oh9s,2025-08-03,database,13.3806,257.0,2.7299,0,3,0,0
org_ujv6oh9s,2025-08-03,storage,16.9502,818.0,1.2314,0.0,9,0,0
org_ujv6oh9s,2025-08-04,analytics,16.9422,246.0,0.5495,0,3,0,0
org_ujv6oh9s,2025-08-04,compute,12.8092,154.0,0,17.6121,3,0,0
org_ujv6oh9s,2025-08-04,database,2.9098,0,0,55.0004,3,0,0
org_ujv6oh9s,2025-08-04,storage,0.3550,0,2.0172,17.1193,3,0,0
org_ujv6oh9s,2025-08-05,database,17.2945,352.0,0,0,3,0,0
org_ujv6oh9s,2025-08-05,storage,3.1279,143.0,0,41.9096,6,0,1
org_ujv6oh9s,2025-08-06,analytics,19.9447,128.0,0,21.0326,3,1,0
org_ujv6oh9s,2025-08-06,compute,11.9100,125.0,0.3736,13.6464,3,0,0
org_ujv6oh9s,2025-08-06,storage,5.6937,230.0,0,60.6756,6,0,0
org_ujv6oh9s,2025-08-07,analytics,7.9076,126.0,3.2758,5.381,3,0,0
org_ujv6oh9s,2025-08-07,compute,22.3988,236.0,2.4887,0,3,0,0
org_ujv6oh9s,2025-08-07,storage,0.7377,0,0.8933,36.1338,3,0,0
org_ujv6oh9s,2025-08-08,analytics,8.2021,112.0,7.5051,0,3,0,0
org_ujv6oh9s,2025-08-08,compute,15.8809,245.0,0,20.4239,3,0,0
org_ujv6oh9s,2025-08-08,storage,7.3094,377.0,0,0,3,0,0
org_ujv6oh9s,2025-08-09,compute,9.9077,140.0,0.7657,14.0737,3,0,0
org_ujv6oh9s,2025-08-09,database,6.3302,119.0,0,10.7965,3,0,0
org_ujv6oh9s,2025-08-09,storage,8.7689,491.0,0.0,13.0474,6,0,0
org_ujv6oh9s,2025-08-10,analytics,9.5305,126.0,0.7902,7.8709,3,0,0
org_ujv6oh9s,2025-08-10,compute,13.6343,0,0,22.0347,3,1,0
org_ujv6oh9s,2025-08-10,storage,2.8157,114.0,13.7271,17.1492,9,1,0
org_ujv6oh9s,2025-08-11,analytics,17.6868,242.0,0,6.309,3,0,0
org_ujv6oh9s,2025-08-11,compute,21.5270,243.0,0,1.7858,3,0,0
org_ujv6oh9s,2025-08-11,database,13.0464,239.0,1.0773,0,3,0,0
org_ujv6oh9s,2025-08-11,storage,10.9877,627.0,4.5988,0,6,0,0
org_ujv6oh9s,2025-08-12,analytics,17.9880,245.0,0.2417,0,3,0,0
org_ujv6oh9s,2025-08-12,database,5.4436,106.0,0,19.7486,3,0,0
org_ujv6oh9s,2025-08-12,storage,5.0329,243.0,0,22.9335,3,0,0
org_ujv6oh9s,2025-08-13,analytics,11.2070,135.0,0,17.3711,3,0,0
org_ujv6oh9s,2025-08-13,compute,11.8037,119.0,0.9513,11.2466,3,0,0
org_ujv6oh9s,2025-08-13,storage,2.7440,129.0,0,27.5243,3,0,0
org_ujv6oh9s,2025-08-14,database,5.6915,123.0,0,11.8219,3,0,0
org_ujv6oh9s,2025-08-14,storage,5.6912,231.0,3.9817,24.3773,6,0,0
org_ujv6oh9s,2025-08-15,analytics,7.2681,118.0,2.5584,5.5873,3,0,0
org_ujv6oh9s,2025-08-15,compute,8.1113,109.0,3.4407,0,3,0,0
org_ujv6oh9s,2025-08-15,database,6.8298,113.0,0,10.158,3,0,0
org_ujv6oh9s,2025-08-15,storage,0.0689,0,0.0,2.7911,3,0,0
org_ujv6oh9s,2025-08-16,analytics,9.0470,108.0,0,30.6445,3,0,0
org_ujv6oh9s,2025-08-16,compute,9.1979,110.0,0,0.2266,3,0,0
org_ujv6oh9s,2025-08-16,storage,0.2073,0,1.6508,12.7285,3,0,0
org_ujv6oh9s,2025-08-17,analytics,-9.7337,124.0,0,6.6243,3,0,1
org_ujv6oh9s,2025-08-17,compute,3.6136,0,0,47.6503,3,0,0
org_ujv6oh9s,2025-08-18,analytics,0.0,0,0.0,0.0,3,0,0
org_ujv6oh9s,2025-08-18,compute,8.7304,116.0,0.0,0.0,3,0,0
org_ujv6oh9s,2025-08-18,database,12.4437,234.0,0,10.8907,3,0,0
org_ujv6oh9s,2025-08-18,storage,10.6010,350.0,0,9.7233,6,1,0
org_ujv6oh9s,2025-08-19,compute,8.1319,113.0,0.1028,2.3891,3,0,0
org_ujv6oh9s,2025-08-19,database,12.0718,251.0,0,0.0,3,0,0
org_ujv6oh9s,2025-08-19,storage,2.9102,118.0,1.7189,42.7996,6,0,0
org_ujv6oh9s,2025-08-20,compute,7.9909,123.0,0.2791,12.2548,3,0,0
org_ujv6oh9s,2025-08-20,database,7.9032,134.0,2.8202,0.0,3,0,0
org_ujv6oh9s,2025-08-20,storage,71.9992,487.0,8.5745,25.0550,9,1,0
org_ujv6oh9s,2025-08-21,compute,22.9343,268.0,3.6927,0,3,0,0
org_ujv6oh9s,2025-08-21,database,11.8981,254.0,3.9604,0,3,0,0
org_ujv6oh9s,2025-08-21,storage,2.2486,103.0,0,20.6490,3,0,0
org_ujv6oh9s,2025-08-22,analytics,10.2544,121.0,0,30.1083,3,0,0
org_ujv6oh9s,2025-08-22,database,10.4040,209.0,0,20.5392,3,0,0
org_ujv6oh9s,2025-08-23,analytics,10.2121,115.0,2.9793,0,3,0,0
org_ujv6oh9s,2025-08-23,compute,13.1080,143.0,0,5.5267,3,0,0
org_ujv6oh9s,2025-08-23,database,13.4578,259.0,0,0.0,3,0,0
org_ujv6oh9s,2025-08-23,storage,0.4448,0,0.0,18.6671,3,0,0
org_ujv6oh9s,2025-08-24,analytics,8.9416,121.0,0.0,4.8102,3,0,0
org_ujv6oh9s,2025-08-24,compute,23.3090,327.0,0,0,3,0,0
org_ujv6oh9s,2025-08-24,storage,8.1598,388.0,1.1689,8.3733,6,0,0
org_ujv6oh9s,2025-08-25,database,10.6229,237.0,0,19.6763,3,0,0
org_ujv6oh9s,2025-08-25,storage,6.6903,343.0,0,0,3,0,0
org_ujv6oh9s,2025-08-26,analytics,18.5805,217.0,0,29.333,3,0,0
org_ujv6oh9s,2025-08-26,database,0.4445,0,6.5454,1.6773,3,0,0
org_ujv6oh9s,2025-08-27,analytics,8.5095,131.0,7.7353,0,3,0,0
org_ujv6oh9s,2025-08-27,storage,5.0105,234.0,4.1210,5.2696,6,0,0
org_ujv6oh9s,2025-08-28,compute,10.9205,123.0,3.6496,0,3,0,0
org_ujv6oh9s,2025-08-28,database,6.9263,122.0,3.6356,19.9732,3,0,0
org_ujv6oh9s,2025-08-28,storage,2.8310,382.0,0,26.4704,6,0,1
org_ujv6oh9s,2025-08-29,compute,20.9680,237.0,0,7.6906,3,0,0
org_ujv6oh9s,2025-08-29,storage,7.9057,370.0,3.1144,21.5076,6,0,0
org_ujv6oh9s,2025-08-30,analytics,14.9400,256.0,2.8303,0,3,0,0
org_ujv6oh9s,2025-08-30,compute,0.5250,0,7.8492,0,3,0,0
org_ujv6oh9s,2025-08-30,database,12.4417,226.0,0,14.5541,3,0,0
org_ujv6oh9s,2025-08-30,storage,7.7495,347.0,0,0,3,0,0
org_ujv6oh9s,2025-08-31,database,6.2885,119.0,0,0.0,3,0,0
org_uzfk8ut0,2025-07-03,compute,1.4189,0,0.06,18.2588,3,0,0
org_uzfk8ut0,2025-07-03,genai,3.8119,0,4.389,28.2259,3,0,0
org_uzfk8ut0,2025-07-03,networking,0.1794,0,4.7117,15.1056,3,0,0
org_uzfk8ut0,2025-07-04,compute,32.8409,367.0,0,0,3,0,0
org_uzfk8ut0,2025-07-04,networking,1.1766,135.0,1.0927,15.125,3,0,0
org_uzfk8ut0,2025-07-05,compute,18.4421,219.0,0.0,25.9691,6,0,0
org_uzfk8ut0,2025-07-05,genai,34.7368,250.0,0,17.7249,3,0,0
org_uzfk8ut0,2025-07-06,compute,39.0339,471.0,0,28.3621,6,0,0
org_uzfk8ut0,2025-07-06,genai,26.1432,228.0,3.7218,0,3,0,0
org_uzfk8ut0,2025-07-07,compute,36.7798,456.0,0.6924,6.4481,6,0,0
org_uzfk8ut0,2025-07-07,genai,16.6271,105.0,1.0468,15.1949,3,0,0
org_uzfk8ut0,2025-07-07,networking,0.3260,0,3.4928,21.108,3,0,0
org_uzfk8ut0,2025-07-08,compute,11.5048,124.0,2.8075,12.657,3,0,0
org_uzfk8ut0,2025-07-08,genai,27.7120,259.0,0.6902,0,3,0,0
org_uzfk8ut0,2025-07-08,networking,1.2004,121.0,3.5125,16.4308,3,0,0
org_uzfk8ut0,2025-07-09,compute,14.0220,129.0,1.9755,12.9229,3,0,0
org_uzfk8ut0,2025-07-09,genai,30.2081,234.0,0,17.2202,3,0,0
org_uzfk8ut0,2025-07-09,networking,1.4024,111.0,0,21.0896,3,0,0
org_uzfk8ut0,2025-07-10,compute,31.5468,330.0,3.0115,18.1335,6,0,0
org_uzfk8ut0,2025-07-10,networking,1.7896,209.0,0,8.9709,3,0,0
org_uzfk8ut0,2025-07-11,compute,227.7810,214.0,1.4011,9.7048,6,0,0
org_uzfk8ut0,2025-07-11,genai,13.3323,123.0,3.5216,7.0051,3,0,0
org_uzfk8ut0,2025-07-11,networking,3.9464,349.0,0,0,3,0,0
org_uzfk8ut0,2025-07-12,compute,0.2315,0,0.0,2.5712,3,0,0
org_uzfk8ut0,2025-07-12,genai,30.0589,215.0,2.4409,0,3,0,0
org_uzfk8ut0,2025-07-12,networking,0.1671,0,3.9064,13.9688,3,0,0
org_uzfk8ut0,2025-07-13,compute,2.4158,0,3.3511,27.7675,6,0,0
org_uzfk8ut0,2025-07-13,genai,32.8844,234.0,0,10.3131,3,0,0
org_uzfk8ut0,2025-07-13,networking,1.4164,130.0,0.0,16.3188,3,0,0
org_uzfk8ut0,2025-07-14,compute,24.4292,258.0,2.2584,39.5478,6,0,0
org_uzfk8ut0,2025-07-14,networking,2.5612,246.0,0,6.0255,3,0,0
org_uzfk8ut0,2025-07-15,compute,17.8632,235.0,3.3435,0,3,0,0
org_uzfk8ut0,2025-07-15,genai,35.3002,243.0,0,10.638,3,0,0
org_uzfk8ut0,2025-07-15,networking,2.4675,246.0,0,8.2815,3,0,0
org_uzfk8ut0,2025-07-16,compute,19.1930,221.0,4.0631,0.0,6,0,0
org_uzfk8ut0,2025-07-16,networking,1.2342,118.0,2.8674,0,3,0,0
org_uzfk8ut0,2025-07-17,compute,38.8970,463.0,1.6068,8.0052,6,0,0
org_uzfk8ut0,2025-07-17,genai,25.0200,238.0,0.5662,0,3,0,0
org_uzfk8ut0,2025-07-17,networking,3.4262,340.0,0,0,3,0,0
org_uzfk8ut0,2025-07-18,compute,17.4285,229.0,2.55,0,3,0,0
org_uzfk8ut0,2025-07-18,networking,1.6364,119.0,2.1441,0,3,0,0
org_uzfk8ut0,2025-07-19,compute,18.0917,120.0,4.0677,20.4966,6,0,0
org_uzfk8ut0,2025-07-19,genai,30.6788,236.0,0,10.4534,3,0,0
org_uzfk8ut0,2025-07-20,compute,10.5193,109.0,0,24.3507,3,0,0
org_uzfk8ut0,2025-07-20,genai,3.6198,0,0,28.3218,3,0,0
org_uzfk8ut0,2025-07-21,compute,51.2536,629.0,0,20.111,6,0,0
org_uzfk8ut0,2025-07-21,networking,1.0378,121.0,0.3503,4.1408,3,0,0
org_uzfk8ut0,2025-07-22,compute,8.6235,128.0,6.2343,0,3,0,0
org_uzfk8ut0,2025-07-22,genai,31.7074,245.0,0,15.4091,3,0,0
org_uzfk8ut0,2025-07-23,compute,11.4521,121.0,3.6884,0,3,0,0
org_uzfk8ut0,2025-07-23,genai,1.1509,0,2.8466,6.0184,3,0,0
org_uzfk8ut0,2025-07-23,networking,2.4857,218.0,0,19.2989,3,0,0
org_uzfk8ut0,2025-07-24,genai,16.4146,122.0,2.6537,0.766,3,0,0
org_uzfk8ut0,2025-07-24,networking,2.4986,217.0,0,11.0416,3,0,0
org_uzfk8ut0,2025-07-25,compute,33.8293,371.0,0,53.4923,6,0,0
org_uzfk8ut0,2025-07-25,networking,3.6961,329.0,0,0,3,0,0
org_uzfk8ut0,2025-07-26,compute,51.8860,470.0,0,0.0,6,1,0
org_uzfk8ut0,2025-07-27,compute,28.2397,340.0,5.4576,13.7180,6,0,0
org_uzfk8ut0,2025-07-27,networking,4.0107,370.0,0,0,3,0,0
org_uzfk8ut0,2025-07-28,compute,21.4671,263.0,0.3347,25.3419,6,0,0
org_uzfk8ut0,2025-07-28,genai,23.1095,145.0,0,19.0848,3,0,0
org_uzfk8ut0,2025-07-29,compute,30.1028,230.0,3.0228,34.7199,6,1,0
org_uzfk8ut0,2025-07-29,genai,23.1039,126.0,6.1537,7.6911,3,0,0
org_uzfk8ut0,2025-07-29,networking,1.8346,211.0,1.6751,0,3,0,0
org_uzfk8ut0,2025-07-30,compute,10.5590,119.0,0,16.8878,3,0,0
org_uzfk8ut0,2025-07-30,genai,18.5931,127.0,1.7522,13.1965,3,0,0
org_uzfk8ut0,2025-07-30,networking,2.5979,235.0,0,13.7458,3,0,0
org_uzfk8ut0,2025-07-31,compute,32.1973,249.0,2.68,7.1006,6,2,0
org_uzfk8ut0,2025-07-31,genai,32.6235,267.0,3.4211,0,3,0,0
org_uzfk8ut0,2025-08-01,compute,35.2721,365.0,0,0,3,0,0
org_uzfk8ut0,2025-08-01,genai,1.0307,0,1.3271,4.7305,3,0,0
org_uzfk8ut0,2025-08-01,networking,0.3083,0,0,29.8020,3,0,0
org_uzfk8ut0,2025-08-02,compute,26.4466,279.0,0,12.453,3,0,0
org_uzfk8ut0,2025-08-03,genai,21.8321,231.0,2.2783,0,3,0,0
org_uzfk8ut0,2025-08-04,compute,11.4942,117.0,0.5788,0.0,3,0,0
org_uzfk8ut0,2025-08-04,genai,16.5973,116.0,0,9.5575,3,0,0
org_uzfk8ut0,2025-08-05,compute,17.7738,213.0,6.1181,34.5297,6,0,0
org_uzfk8ut0,2025-08-05,genai,46.7659,361.0,0,0,3,0,0
org_uzfk8ut0,2025-08-06,compute,9.6623,121.0,0.7401,3.8465,3,0,0
org_uzfk8ut0,2025-08-06,networking,1.2578,128.0,4.3219,12.1291,3,0,0
org_uzfk8ut0,2025-08-07,compute,12.8160,123.0,1.9149,45.7416,6,1,0
org_uzfk8ut0,2025-08-07,networking,0.0612,0,5.6265,0,3,0,0
org_uzfk8ut0,2025-08-08,compute,23.3215,326.0,0,0,3,0,0
org_uzfk8ut0,2025-08-08,genai,27.9591,212.0,0,4.4246,3,0,0
org_uzfk8ut0,2025-08-08,networking,1.5110,133.0,3.1713,16.4771,3,0,0
org_uzfk8ut0,2025-08-09,compute,15.7592,225.0,0.8762,0,3,0,0
org_uzfk8ut0,2025-08-09,genai,30.9557,236.0,0,0.9137,3,0,1
org_uzfk8ut0,2025-08-10,compute,45.9660,522.0,0,26.0910,6,0,0
org_uzfk8ut0,2025-08-10,genai,17.5721,135.0,4.1958,0.0,3,0,0
org_uzfk8ut0,2025-08-11,compute,14.5909,121.0,5.2009,36.4250,6,0,0
org_uzfk8ut0,2025-08-11,networking,3.4024,338.0,0,0,3,0,0
org_uzfk8ut0,2025-08-12,compute,13.7922,122.0,1.488,57.5295,6,0,0
org_uzfk8ut0,2025-08-12,networking,2.1774,231.0,0,13.5932,3,0,0
org_uzfk8ut0,2025-08-13,compute,10.9492,129.0,0.0341,7.7928,3,0,0
org_uzfk8ut0,2025-08-13,genai,4.8202,0,0,46.0290,3,0,0
org_uzfk8ut0,2025-08-13,networking,1.5122,118.0,3.951,11.7345,3,0,0
org_uzfk8ut0,2025-08-14,compute,28.2660,354.0,2.6005,12.3052,6,0,0
org_uzfk8ut0,2025-08-15,compute,38.4377,471.0,1.4918,21.8656,6,0,0
org_uzfk8ut0,2025-08-16,networking,0.2571,0,5.2461,20.2426,3,0,0
org_uzfk8ut0,2025-08-17,compute,31.2992,361.0,1.3171,9.1614,6,0,0
org_uzfk8ut0,2025-08-18,compute,0.3749,0,3.6714,0.8165,3,0,0
org_uzfk8ut0,2025-08-18,genai,41.1774,360.0,0,0,3,0,0
org_uzfk8ut0,2025-08-19,compute,9.5653,112.0,16.1927,0,6,0,0
org_uzfk8ut0,2025-08-19,genai,4.2703,0,0,36.3701,3,0,0
org_uzfk8ut0,2025-08-19,networking,0.1076,0,1.2953,11.4231,3,0,0
org_uzfk8ut0,2025-08-20,compute,1.8621,0,7.8280,18.6156,3,0,0
org_uzfk8ut0,2025-08-20,genai,16.0740,149.0,2.0085,0.0,3,0,0
org_uzfk8ut0,2025-08-20,networking,3.1937,260.0,0,4.2469,3,0,0
org_uzfk8ut0,2025-08-21,compute,11.7641,126.0,3.4554,10.6856,3,0,0
org_uzfk8ut0,2025-08-21,genai,14.3477,112.0,4.1938,0,3,0,0
org_uzfk8ut0,2025-08-22,compute,42.7581,492.0,3.5929,0,6,0,0
org_uzfk8ut0,2025-08-22,genai,19.5859,126.0,2.7209,6.7516,3,0,0
org_uzfk8ut0,2025-08-22,networking,1.9628,149.0,0.0645,3.7937,3,0,0
org_uzfk8ut0,2025-08-23,genai,0.7686,0,6.9785,0,3,0,0
org_uzfk8ut0,2025-08-23,networking,2.2691,221.0,0.6852,0,3,0,0
org_uzfk8ut0,2025-08-24,compute,10.8773,127.0,2.5934,2.2161,6,1,0
org_uzfk8ut0,2025-08-24,networking,3.9015,331.0,0,0,3,0,0
org_uzfk8ut0,2025-08-25,genai,29.6834,253.0,0,8.0259,3,0,0
org_uzfk8ut0,2025-08-26,compute,19.7876,240.0,4.1778,24.6368,6,0,0
org_uzfk8ut0,2025-08-26,genai,27.4143,230.0,1.7866,0,3,0,0
org_uzfk8ut0,2025-08-27,compute,1.5439,0,2.7471,16.9967,3,0,0
org_uzfk8ut0,2025-08-27,genai,30.2855,246.0,1.6118,0,3,0,0
org_uzfk8ut0,2025-08-28,compute,31.1088,337.0,3.5376,21.2426,6,1,0
org_uzfk8ut0,2025-08-28,genai,3.5020,0,1.3877,30.8041,3,0,0
org_uzfk8ut0,2025-08-29,compute,26.1381,391.0,0,0,3,0,0
org_uzfk8ut0,2025-08-29,networking,2.3164,238.0,2.911,0,3,0,0
org_uzfk8ut0,2025-08-30,compute,19.0778,219.0,0,5.0406,3,0,0
org_uzfk8ut0,2025-08-30,genai,1.0167,0,3.1313,5.8021,3,0,0
org_uzfk8ut0,2025-08-31,compute,38.3204,367.0,2.1612,16.0439,6,1,0
org_vyie6ivw,2025-07-03,analytics,8.9788,97.0,0,9.44,3,0,0
org_vyie6ivw,2025-07-03,storage,4.8223,243.0,0.6315,0,3,0,0
org_vyie6ivw,2025-07-04,analytics,17.5201,242.0,0,15.3368,3,0,0
org_vyie6ivw,2025-07-04,database,6.8064,123.0,2.0447,0,3,0,0
org_vyie6ivw,2025-07-04,networking,1.0754,104.0,1.8392,0,3,0,0
org_vyie6ivw,2025-07-04,storage,5.6341,250.0,3.8746,0.2666,6,1,0
org_vyie6ivw,2025-07-05,analytics,8.3787,124.0,0,12.8902,3,0,0
org_vyie6ivw,2025-07-06,storage,1.6735,125.0,1.1289,0,3,0,0
org_vyie6ivw,2025-07-07,analytics,9.8951,136.0,2.0536,11.3722,3,0,0
org_vyie6ivw,2025-07-07,networking,2.5671,243.0,0.0,0,3,0,0
org_vyie6ivw,2025-07-07,storage,3.8599,116.0,4.6488,59.2411,6,0,0
org_vyie6ivw,2025-07-08,networking,1.9649,250.0,0.967,0,3,0,0
org_vyie6ivw,2025-07-08,storage,2.4068,115.0,0,7.5181,3,0,0
org_vyie6ivw,2025-07-09,analytics,16.7366,225.0,0,9.6553,3,0,0
org_vyie6ivw,2025-07-09,database,7.0098,121.0,0,29.5835,3,0,0
org_vyie6ivw,2025-07-09,networking,2.6558,241.0,0,22.516,3,0,0
org_vyie6ivw,2025-07-09,storage,3.3673,125.0,0,31.1667,3,0,0
org_vyie6ivw,2025-07-10,analytics,9.0281,112.0,0,16.0503,3,0,0
org_vyie6ivw,2025-07-10,database,6.9740,122.0,0.9676,15.1615,3,0,0
org_vyie6ivw,2025-07-10,networking,1.6779,124.0,0,45.0659,3,0,0
org_vyie6ivw,2025-07-10,storage,7.5036,373.0,4.6553,6.865,6,1,0
org_vyie6ivw,2025-07-11,networking,1.3896,117.0,2.4779,0,3,0,0
org_vyie6ivw,2025-07-11,storage,3.1101,131.0,0.8094,18.3571,3,0,0
org_vyie6ivw,2025-07-12,analytics,53.0672,135.0,1.4318,26.6699,3,0,0
org_vyie6ivw,2025-07-12,networking,1.3710,121.0,0,14.7092,3,0,0
org_vyie6ivw,2025-07-12,storage,3.7940,228.0,1.5492,13.9058,6,0,0
org_vyie6ivw,2025-07-13,storage,5.2059,255.0,3.7832,0,3,0,0
org_vyie6ivw,2025-07-14,database,8.7197,132.0,4.5153,23.9322,3,0,0
org_vyie6ivw,2025-07-14,networking,1.2455,133.0,0.134,15.1495,3,0,0
org_vyie6ivw,2025-07-14,storage,5.7850,232.0,1.8658,29.9462,6,0,0
org_vyie6ivw,2025-07-15,analytics,0.6091,0,3.6772,5.0662,3,0,0
org_vyie6ivw,2025-07-15,database,12.5498,258.0,1.8368,0,3,0,0
org_vyie6ivw,2025-07-15,networking,-1.0046,105.0,0,12.3862,3,0,1
org_vyie6ivw,2025-07-15,storage,10.3739,491.0,3.4538,1.8983,6,0,0
org_vyie6ivw,2025-07-16,database,12.7273,286.0,1.6004,0,3,0,0
org_vyie6ivw,2025-07-16,networking,1.4209,110.0,1.5218,13.1601,3,0,0
org_vyie6ivw,2025-07-16,storage,1.8985,107.0,0.7611,15.7137,3,0,0
org_vyie6ivw,2025-07-17,networking,1.3459,126.0,4.2542,0,3,1,0
org_vyie6ivw,2025-07-17,storage,4.5284,239.0,1.3959,0,3,0,0
org_vyie6ivw,2025-07-18,analytics,14.9366,233.0,1.4937,0,3,0,0
org_vyie6ivw,2025-07-18,database,14.6154,239.0,0,9.3543,3,0,0
org_vyie6ivw,2025-07-18,storage,7.2216,375.0,2.83,31.0490,6,0,0
org_vyie6ivw,2025-07-19,networking,1.4575,132.0,2.0032,0,3,0,0
org_vyie6ivw,2025-07-19,storage,3.1290,109.0,0,10.3221,3,0,0
org_vyie6ivw,2025-07-20,analytics,9.7594,121.0,0,24.7951,3,0,0
org_vyie6ivw,2025-07-21,analytics,1.0282,0,1.7897,14.3189,3,0,0
org_vyie6ivw,2025-07-21,networking,2.6327,253.0,0,13.0433,3,0,0
org_vyie6ivw,2025-07-21,storage,5.0122,242.0,1.3225,3.1682,6,0,0
org_vyie6ivw,2025-07-22,analytics,19.2335,258.0,0,0,3,1,0
org_vyie6ivw,2025-07-22,networking,0.0449,0,3.1626,0.4441,3,0,0
org_vyie6ivw,2025-07-22,storage,5.4730,268.0,0,0.0,3,0,0
org_vyie6ivw,2025-07-23,analytics,7.3626,131.0,0.2881,0.0,3,0,0
org_vyie6ivw,2025-07-23,database,9.6242,227.0,0,0.0,3,0,0
org_vyie6ivw,2025-07-23,storage,0.1881,0,4.4175,4.3647,3,0,0
org_vyie6ivw,2025-07-24,analytics,21.3758,268.0,0,14.9685,3,0,0
org_vyie6ivw,2025-07-24,database,18.5584,364.0,0,0,3,0,0
org_vyie6ivw,2025-07-24,storage,4.9615,218.0,6.6456,0,6,0,0
org_vyie6ivw,2025-07-25,networking,2.1674,224.0,1.6612,0,3,0,0
org_vyie6ivw,2025-07-26,storage,6.3103,375.0,0,0,3,0,0
org_vyie6ivw,2025-07-27,analytics,7.6333,128.0,1.1679,19.5563,3,0,0
org_vyie6ivw,2025-07-27,storage,5.3356,225.0,0,15.5475,3,0,0
org_vyie6ivw,2025-07-28,analytics,18.8737,234.0,0,7.994,3,0,0
org_vyie6ivw,2025-07-28,networking,1.3888,115.0,0.5427,6.753,3,0,0
org_vyie6ivw,2025-07-28,storage,1.6832,103.0,5.5407,0,3,0,0
org_vyie6ivw,2025-07-29,analytics,9.4135,121.0,0,19.3340,3,0,0
org_vyie6ivw,2025-07-29,database,1.6599,0,0,32.2945,3,0,0
org_vyie6ivw,2025-07-29,networking,2.3670,241.0,0,9.3578,3,0,0
org_vyie6ivw,2025-07-29,storage,2.6307,127.0,0,18.3163,3,0,0
org_vyie6ivw,2025-07-30,analytics,25.9857,347.0,0,0,3,0,0
org_vyie6ivw,2025-07-30,database,16.5951,318.0,0,0,3,0,0
org_vyie6ivw,2025-07-30,networking,3.6160,364.0,0,0,3,0,0
org_vyie6ivw,2025-07-30,storage,2.0408,110.0,3.8891,0,3,0,0
org_vyie6ivw,2025-07-31,database,0.3672,0,7.0728,0,3,0,0
org_vyie6ivw,2025-07-31,networking,1.6981,129.0,3.027,7.6446,3,0,0
org_vyie6ivw,2025-07-31,storage,12.7990,631.0,1.3415,0,6,0,0
org_vyie6ivw,2025-08-01,analytics,9.1821,129.0,0,3.9303,3,0,0
org_vyie6ivw,2025-08-02,analytics,0.2058,0,3.6912,0.0,3,0,0
org_vyie6ivw,2025-08-02,database,5.1143,100.0,0.0,14.769,3,0,0
org_vyie6ivw,2025-08-02,storage,2.0450,110.0,3.7037,0,3,1,0
org_vyie6ivw,2025-08-03,storage,2.7470,108.0,1.1919,26.2329,6,0,0
org_vyie6ivw,2025-08-04,analytics,18.5295,238.0,0,15.8635,3,0,0
org_vyie6ivw,2025-08-04,database,6.3763,104.0,2.009,13.6191,3,0,0
org_vyie6ivw,2025-08-04,networking,2.3505,252.0,0.95,0,3,0,0
org_vyie6ivw,2025-08-05,analytics,0.9553,0,7.9832,5.2104,3,0,0
org_vyie6ivw,2025-08-05,networking,0.9207,110.0,0,11.9839,3,0,0
org_vyie6ivw,2025-08-06,analytics,16.6378,217.0,0,14.2392,3,0,0
org_vyie6ivw,2025-08-06,database,12.0759,230.0,1.2459,0,3,0,0
org_vyie6ivw,2025-08-06,storage,10.8587,490.0,0,28.5066,6,0,0
org_vyie6ivw,2025-08-07,networking,1.8727,235.0,0,4.5159,3,0,0
org_vyie6ivw,2025-08-08,database,6.9883,120.0,3.609,14.5723,3,0,0
org_vyie6ivw,2025-08-08,storage,8.7405,357.0,4.5130,18.6385,6,0,0
org_vyie6ivw,2025-08-09,database,7.6672,126.0,2.016,0.0,3,0,0
org_vyie6ivw,2025-08-09,networking,0.2419,0,2.7063,19.5787,3,0,0
org_vyie6ivw,2025-08-09,storage,2.3550,112.0,0,10.096,3,0,0
org_vyie6ivw,2025-08-10,database,17.9003,347.0,0,0,3,0,0
org_vyie6ivw,2025-08-10,storage,5.8018,255.0,3.5666,0,3,0,0
org_vyie6ivw,2025-08-11,storage,4.8837,211.0,4.0323,16.9041,6,0,0
org_vyie6ivw,2025-08-12,analytics,8.3730,117.0,7.0784,0,3,0,0
org_vyie6ivw,2025-08-12,storage,4.2986,251.0,7.1627,4.9282,6,0,0
org_vyie6ivw,2025-08-13,analytics,20.6926,248.0,0,5.157,3,0,0
org_vyie6ivw,2025-08-13,database,11.7481,106.0,0,10.5166,3,1,0
org_vyie6ivw,2025-08-13,networking,1.2029,121.0,0,25.2200,3,0,0
org_vyie6ivw,2025-08-13,storage,14.2796,650.0,0.0,0,6,0,0
org_vyie6ivw,2025-08-14,analytics,8.9381,131.0,0,7.8472,3,0,0
org_vyie6ivw,2025-08-14,database,7.9353,106.0,2.9037,8.8907,3,0,0
org_vyie6ivw,2025-08-14,storage,2.2273,109.0,3.6351,0.0,3,0,0
org_vyie6ivw,2025-08-15,database,6.5154,123.0,2.3607,10.0857,3,0,0
org_vyie6ivw,2025-08-15,networking,1.2760,122.0,1.5301,14.1375,3,0,0
org_vyie6ivw,2025-08-15,storage,7.3815,352.0,2.0109,37.2948,6,0,0
org_vyie6ivw,2025-08-16,analytics,14.9344,249.0,0,11.4329,3,0,0
org_vyie6ivw,2025-08-16,database,14.7133,241.0,0,15.0942,3,0,0
org_vyie6ivw,2025-08-16,networking,2.7029,245.0,0,16.7846,3,0,0
org_vyie6ivw,2025-08-16,storage,2.7540,130.0,4.5553,0.0,3,0,0
org_vyie6ivw,2025-08-17,database,5.8687,116.0,2.7407,0,3,0,0
org_vyie6ivw,2025-08-18,database,14.5850,314.0,0,0,3,0,0
org_vyie6ivw,2025-08-18,networking,1.2137,102.0,0,23.8123,3,0,0
org_vyie6ivw,2025-08-18,storage,4.5782,241.0,0,0,3,1,0
org_vyie6ivw,2025-08-19,database,9.8579,137.0,0,29.1771,3,0,0
org_vyie6ivw,2025-08-19,storage,2.7749,134.0,0.9365,0.0,3,0,0
org_vyie6ivw,2025-08-20,analytics,17.5794,252.0,0,22.9314,3,0,0
org_vyie6ivw,2025-08-20,database,5.2651,113.0,0.6891,0.0,3,0,0
org_vyie6ivw,2025-08-20,storage,3.0563,121.0,0,15.3495,3,0,0
org_vyie6ivw,2025-08-21,storage,3.4164,130.0,0,45.1308,6,0,0
org_vyie6ivw,2025-08-22,database,6.8664,127.0,2.9143,8.6382,3,0,0
org_vyie6ivw,2025-08-22,networking,2.5237,231.0,1.3511,0,3,0,0
org_vyie6ivw,2025-08-22,storage,10.8092,489.0,1.8818,8.9209,6,0,0
org_vyie6ivw,2025-08-23,analytics,9.5482,99.0,0,26.7517,3,0,0
org_vyie6ivw,2025-08-23,networking,1.6025,113.0,1.5176,21.6044,3,0,0
org_vyie6ivw,2025-08-23,storage,5.4467,242.0,0.5928,0,3,0,0
org_vyie6ivw,2025-08-24,database,10.9000,227.0,0,3.631,3,0,0
org_vyie6ivw,2025-08-24,storage,0.0540,0,0,22.9271,3,0,1
org_vyie6ivw,2025-08-25,analytics,0.1626,0,2.2990,0,3,0,0
org_vyie6ivw,2025-08-25,networking,0.2759,0,1.6605,23.9367,3,0,0
org_vyie6ivw,2025-08-25,storage,7.6257,342.0,0,0,3,0,0
org_vyie6ivw,2025-08-26,analytics,16.1509,246.0,0,0.0,3,0,0
org_vyie6ivw,2025-08-26,networking,2.8330,250.0,0,10.6428,3,0,0
org_vyie6ivw,2025-08-26,storage,11.0503,478.0,0,14.0372,6,1,0
org_vyie6ivw,2025-08-27,analytics,10.3529,119.0,2.6873,22.0311,3,0,0
org_vyie6ivw,2025-08-27,database,5.4068,116.0,2.2031,0,3,0,0
org_vyie6ivw,2025-08-27,networking,1.1643,125.0,0.3624,9.3548,3,0,0
org_vyie6ivw,2025-08-28,analytics,8.9255,123.0,0.0,3.4098,3,0,0
org_vyie6ivw,2025-08-28,database,9.1830,209.0,0,15.1257,3,0,0
org_vyie6ivw,2025-08-28,storage,10.0748,474.0,0,26.5413,6,0,0
org_vyie6ivw,2025-08-29,analytics,18.2535,266.0,3.1231,0,3,0,0
org_vyie6ivw,2025-08-29,networking,2.0686,232.0,0.0,0,3,0,0
org_vyie6ivw,2025-08-29,storage,6.8861,367.0,1.9787,16.3231,6,0,0
org_vyie6ivw,2025-08-30,database,12.1096,215.0,0,0.0,3,0,0
org_vyie6ivw,2025-08-30,networking,1.5749,118.0,0,28.1118,3,0,0
org_vyie6ivw,2025-08-30,storage,6.4439,265.0,3.964,0,3,0,0
org_vyie6ivw,2025-08-31,analytics,5.2697,131.0,0.0,1.9671,3,0,0
org_vyie6ivw,2025-08-31,database,12.7679,248.0,2.3653,0,3,0,0
org_vyie6ivw,2025-08-31,storage,4.9744,244.0,0,18.6126,3,0,0
org_w3zp08j3,2025-07-03,database,18.6906,362.0,0,41.9639,6,0,0
org_w3zp08j3,2025-07-03,storage,5.1562,237.0,0,8.5927,3,0,0
org_w3zp08j3,2025-07-04,compute,11.5048,114.0,5.3379,14.4447,3,0,0
org_w3zp08j3,2025-07-04,database,5.5433,114.0,0.0,0.0,3,0,0
org_w3zp08j3,2025-07-04,genai,33.0240,261.0,0.9666,0,3,0,0
org_w3zp08j3,2025-07-04,networking,1.1779,111.0,0.6507,10.9228,3,0,0
org_w3zp08j3,2025-07-04,storage,8.8943,448.0,1.8399,11.9592,6,0,0
org_w3zp08j3,2025-07-05,compute,28.4410,349.0,0,0,3,0,0
org_w3zp08j3,2025-07-05,database,7.3760,118.0,0,8.3302,3,0,0
org_w3zp08j3,2025-07-05,networking,27.4203,245.0,0.0,0,3,0,0
org_w3zp08j3,2025-07-06,database,23.6942,345.0,0.9046,8.955,6,1,0
org_w3zp08j3,2025-07-06,networking,2.7626,240.0,0,6.2757,3,0,0
org_w3zp08j3,2025-07-06,storage,7.8374,367.0,0.2792,36.2359,6,0,0
org_w3zp08j3,2025-07-07,database,0.2755,0,5.3564,0,3,0,0
org_w3zp08j3,2025-07-07,genai,48.7078,415.0,0,0,3,0,0
org_w3zp08j3,2025-07-07,networking,3.8279,359.0,0,0,3,0,0
org_w3zp08j3,2025-07-07,storage,7.0716,228.0,2.9290,15.8169,6,1,0
org_w3zp08j3,2025-07-08,compute,8.1288,111.0,2.2130,0,3,0,1
org_w3zp08j3,2025-07-08,database,27.6228,481.0,0,33.7256,6,0,0
org_w3zp08j3,2025-07-08,networking,2.2066,211.0,2.4958,0,3,0,0
org_w3zp08j3,2025-07-08,storage,6.9202,343.0,1.7386,28.1404,6,0,0
org_w3zp08j3,2025-07-09,compute,18.1300,229.0,0.7847,0,3,0,0
org_w3zp08j3,2025-07-09,database,6.0459,111.0,4.1712,0.0,3,0,0
org_w3zp08j3,2025-07-09,storage,4.9300,257.0,1.7465,0,3,0,0
org_w3zp08j3,2025-07-10,compute,12.4034,114.0,0,41.4833,3,0,0
org_w3zp08j3,2025-07-10,database,22.7892,483.0,2.6678,0.3911,6,0,0
org_w3zp08j3,2025-07-10,genai,0.4187,0,4.2419,0.0,3,0,0
org_w3zp08j3,2025-07-10,networking,1.0292,99.0,0.5063,10.4588,3,0,0
org_w3zp08j3,2025-07-10,storage,1.8247,115.0,0,17.9461,3,0,0
org_w3zp08j3,2025-07-11,database,16.6323,242.0,3.4996,22.1291,6,0,0
org_w3zp08j3,2025-07-11,storage,6.1208,341.0,4.9613,4.449,6,0,0
org_w3zp08j3,2025-07-12,genai,13.3979,104.0,0,12.3937,3,0,0
org_w3zp08j3,2025-07-12,networking,1.7718,136.0,0,17.9039,3,0,0
org_w3zp08j3,2025-07-12,storage,4.5411,250.0,1.3554,0,3,0,0
org_w3zp08j3,2025-07-13,compute,0.4809,0,1.6748,5.4629,3,0,0
org_w3zp08j3,2025-07-13,database,6.7171,131.0,3.4658,0,3,0,0
org_w3zp08j3,2025-07-13,genai,14.2331,113.0,0.0,10.5575,3,0,0
org_w3zp08j3,2025-07-13,storage,2.3435,113.0,0.4349,3.0764,3,0,0
org_w3zp08j3,2025-07-14,compute,16.8110,235.0,0,11.9429,3,0,0
org_w3zp08j3,2025-07-14,database,13.1424,239.0,3.2241,31.1600,6,0,0
org_w3zp08j3,2025-07-14,genai,14.0806,118.0,0.0,5.3167,3,0,0
org_w3zp08j3,2025-07-14,storage,5.0712,221.0,0,6.0592,3,0,0
org_w3zp08j3,2025-07-15,database,14.3688,238.0,3.8983,15.5128,6,0,0
org_w3zp08j3,2025-07-15,networking,1.8666,132.0,0,38.8809,3,0,0
org_w3zp08j3,2025-07-15,storage,5.0528,224.0,7.9218,7.5427,6,0,0
org_w3zp08j3,2025-07-16,compute,18.9758,213.0,2.1886,0,3,0,0
org_w3zp08j3,2025-07-16,database,13.4366,237.0,3.7476,0,3,0,0
org_w3zp08j3,2025-07-16,genai,0.8583,0,6.4451,0.7393,3,0,0
org_w3zp08j3,2025-07-16,networking,26.4157,122.0,0.6701,5.8137,3,0,0
org_w3zp08j3,2025-07-16,storage,12.8671,498.0,0,4.4112,6,1,0
org_w3zp08j3,2025-07-17,compute,7.9374,123.0,0,13.9814,3,0,0
org_w3zp08j3,2025-07-17,database,15.4337,218.0,2.3454,17.7353,6,1,0
org_w3zp08j3,2025-07-18,database,11.6245,223.0,7.4653,10.9147,6,0,0
org_w3zp08j3,2025-07-18,storage,2.3608,108.0,0,9.1278,3,0,0
org_w3zp08j3,2025-07-19,compute,33.0685,383.0,0,0,3,0,0
org_w3zp08j3,2025-07-19,database,3.0194,0,10.2362,38.9092,6,0,0
org_w3zp08j3,2025-07-19,networking,1.4849,119.0,3.2338,17.0421,3,0,0
org_w3zp08j3,2025-07-19,storage,7.0942,384.0,0.5061,2.832,6,0,0
org_w3zp08j3,2025-07-20,database,12.4026,234.0,4.7529,0,3,0,0
org_w3zp08j3,2025-07-20,storage,6.2996,253.0,0,38.5356,6,0,0
org_w3zp08j3,2025-07-21,compute,3.8090,0,0,43.3922,3,0,0
org_w3zp08j3,2025-07-21,genai,30.7091,261.0,0,0,3,1,0
org_w3zp08j3,2025-07-21,networking,0.9905,115.0,4.8191,0,3,0,0
org_w3zp08j3,2025-07-21,storage,4.1099,251.0,2.5517,0,3,0,0
org_w3zp08j3,2025-07-22,compute,9.9435,129.0,1.9988,11.7691,3,0,0
org_w3zp08j3,2025-07-22,database,20.3702,363.0,0,0,3,0,0
org_w3zp08j3,2025-07-23,database,12.6946,223.0,0.5906,0,3,0,0
org_w3zp08j3,2025-07-23,genai,25.2993,251.0,0.9422,0,3,0,0
org_w3zp08j3,2025-07-23,networking,0.1432,0,2.7018,13.7022,3,0,0
org_w3zp08j3,2025-07-23,storage,4.7888,239.0,3.0748,0,6,0,0
org_w3zp08j3,2025-07-24,database,4.5191,125.0,2.5872,10.015,3,0,0
org_w3zp08j3,2025-07-24,genai,28.4272,133.0,0,8.3026,3,1,0
org_w3zp08j3,2025-07-24,storage,2.9605,121.0,3.2249,14.1183,3,0,0
org_w3zp08j3,2025-07-25,genai,30.5654,248.0,1.8689,0,3,0,0
org_w3zp08j3,2025-07-25,networking,1.2833,119.0,0,25.3964,3,0,0
org_w3zp08j3,2025-07-25,storage,3.8423,111.0,0,24.2045,3,0,0
org_w3zp08j3,2025-07-26,database,3.0749,0,0,53.9725,3,0,0
org_w3zp08j3,2025-07-26,storage,6.7598,357.0,0,0,3,0,0
org_w3zp08j3,2025-07-27,genai,15.8969,107.0,0.4764,14.5991,3,0,0
org_w3zp08j3,2025-07-27,networking,2.7754,240.0,1.6204,0,3,0,0
org_w3zp08j3,2025-07-27,storage,5.2360,243.0,4.9544,16.0541,6,0,0
org_w3zp08j3,2025-07-28,compute,9.7381,120.0,1.7207,14.002,3,0,0
org_w3zp08j3,2025-07-28,database,0.2525,0,4.8288,0,3,0,0
org_w3zp08j3,2025-07-28,genai,10.6440,104.0,4.9757,0,3,0,0
org_w3zp08j3,2025-07-28,networking,1.2395,111.0,0,14.7243,3,0,0
org_w3zp08j3,2025-07-28,storage,13.4291,635.0,0,15.7779,6,0,0
org_w3zp08j3,2025-07-29,genai,47.6356,384.0,0,0,3,0,0
org_w3zp08j3,2025-07-29,networking,1.4797,0,0.0,2.1163,3,1,0
org_w3zp08j3,2025-07-29,storage,4.7650,241.0,2.6818,4.1531,6,0,0
org_w3zp08j3,2025-07-30,database,24.3387,529.0,0,25.0296,6,0,0
org_w3zp08j3,2025-07-30,genai,15.5969,108.0,0.3932,10.9008,3,0,0
org_w3zp08j3,2025-07-30,storage,7.0634,250.0,5.4248,0,6,1,0
org_w3zp08j3,2025-07-31,database,7.7297,133.0,0.8653,21.9531,6,0,0
org_w3zp08j3,2025-07-31,genai,21.3220,138.0,0.8626,20.1068,3,0,0
org_w3zp08j3,2025-07-31,networking,1.1155,115.0,2.6147,0,3,0,0
org_w3zp08j3,2025-07-31,storage,6.2440,355.0,0,17.3479,6,0,0
org_w3zp08j3,2025-08-01,compute,1.9744,0,4.5667,19.9916,3,0,0
org_w3zp08j3,2025-08-01,storage,2.6492,116.0,3.2549,17.3986,3,0,0
org_w3zp08j3,2025-08-02,database,22.5978,468.0,1.2346,0.0,6,0,0
org_w3zp08j3,2025-08-02,networking,1.8049,108.0,0,45.2664,3,0,0
org_w3zp08j3,2025-08-02,storage,4.0512,215.0,4.166,0,3,0,0
org_w3zp08j3,2025-08-03,database,13.4155,230.0,0.8711,25.5145,6,0,0
org_w3zp08j3,2025-08-03,genai,5.2480,0,0.5285,41.5654,3,0,0
org_w3zp08j3,2025-08-03,networking,4.0973,379.0,0,0,3,0,0
org_w3zp08j3,2025-08-03,storage,16.3462,731.0,0,0,6,0,0
org_w3zp08j3,2025-08-04,database,12.2065,230.0,4.4300,36.2686,6,0,0
org_w3zp08j3,2025-08-04,genai,11.6272,120.0,0.7546,0,3,0,0
org_w3zp08j3,2025-08-04,networking,1.1630,108.0,0,17.3611,3,0,0
org_w3zp08j3,2025-08-04,storage,5.0655,265.0,0.0402,0,3,0,0
org_w3zp08j3,2025-08-05,compute,2.3055,0,1.7905,28.4595,3,0,0
org_w3zp08j3,2025-08-05,database,6.3390,95.0,9.7894,21.8910,6,0,0
org_w3zp08j3,2025-08-05,genai,17.5578,141.0,6.6072,0,3,0,0
org_w3zp08j3,2025-08-05,storage,5.1771,238.0,7.6723,17.3429,6,0,0
org_w3zp08j3,2025-08-06,compute,10.0437,125.0,2.5856,22.6545,3,0,0
org_w3zp08j3,2025-08-06,database,20.3196,471.0,2.2897,0,6,0,0
org_w3zp08j3,2025-08-06,genai,12.3258,112.0,0,0.0,3,0,0
org_w3zp08j3,2025-08-06,networking,1.4836,114.0,0,22.7337,3,0,0
org_w3zp08j3,2025-08-07,compute,36.1844,125.0,0,24.0716,3,0,0
org_w3zp08j3,2025-08-07,networking,-0.1669,234.0,0,8.7019,3,0,1
org_w3zp08j3,2025-08-07,storage,7.5028,248.0,0,0,3,1,0
org_w3zp08j3,2025-08-08,genai,4.3988,0,0,23.0262,3,1,0
org_w3zp08j3,2025-08-08,networking,1.3551,109.0,5.3958,15.1152,3,0,0
org_w3zp08j3,2025-08-08,storage,3.7466,223.0,2.0749,0,3,0,0
org_w3zp08j3,2025-08-09,compute,10.3146,96.0,0.0,9.593,3,0,0
org_w3zp08j3,2025-08-09,database,13.4469,248.0,3.222,0,3,0,0
org_w3zp08j3,2025-08-09,genai,17.4436,115.0,2.8844,20.8158,3,0,0
org_w3zp08j3,2025-08-09,networking,2.7745,249.0,0,13.405,3,0,0
org_w3zp08j3,2025-08-09,storage,4.5855,221.0,1.6941,19.7571,6,0,0
org_w3zp08j3,2025-08-10,database,4.5023,114.0,0.0,7.4741,3,0,0
org_w3zp08j3,2025-08-10,networking,3.2376,356.0,0,0,3,0,0
org_w3zp08j3,2025-08-10,storage,2.6005,129.0,3.3534,0,3,0,0
org_w3zp08j3,2025-08-11,compute,19.4910,216.0,2.2582,0,3,0,0
org_w3zp08j3,2025-08-11,database,4.1557,128.0,2.024,0,3,1,0
org_w3zp08j3,2025-08-11,storage,6.1028,256.0,0.4954,0,3,0,0
org_w3zp08j3,2025-08-12,compute,24.7260,375.0,0,0,3,0,0
org_w3zp08j3,2025-08-12,genai,12.4062,120.0,0,2.1982,3,0,0
org_w3zp08j3,2025-08-12,storage,5.6921,119.0,3.6143,5.7167,6,1,0
org_w3zp08j3,2025-08-13,database,7.9144,146.0,0.7098,17.0179,3,0,0
org_w3zp08j3,2025-08-13,genai,16.7914,113.0,1.4293,22.9932,3,0,0
org_w3zp08j3,2025-08-13,storage,9.5854,455.0,3.8487,0,6,0,0
org_w3zp08j3,2025-08-14,compute,9.4855,122.0,2.951,0.0,3,0,0
org_w3zp08j3,2025-08-14,database,16.2417,253.0,0,20.4171,3,0,0
org_w3zp08j3,2025-08-14,genai,37.2855,343.0,0,0,3,0,0
org_w3zp08j3,2025-08-15,compute,18.8156,229.0,0,11.5078,3,0,0
org_w3zp08j3,2025-08-15,database,12.3379,95.0,2.1576,24.6301,6,2,0
org_w3zp08j3,2025-08-15,genai,50.5135,368.0,0,0,3,0,0
org_w3zp08j3,2025-08-15,networking,2.2954,233.0,2.4255,0,3,0,0
org_w3zp08j3,2025-08-15,storage,4.7758,256.0,1.7728,0,3,0,0
org_w3zp08j3,2025-08-16,compute,13.5715,138.0,2.3681,24.1863,3,0,0
org_w3zp08j3,2025-08-16,database,7.4591,127.0,10.9338,8.5059,6,0,0
org_w3zp08j3,2025-08-16,storage,4.0478,270.0,0.0346,0,3,0,0
org_w3zp08j3,2025-08-17,compute,8.9894,122.0,0.0,2.5617,3,0,0
org_w3zp08j3,2025-08-17,database,17.5729,352.0,0,0,3,0,0
org_w3zp08j3,2025-08-17,networking,2.3643,241.0,0.6807,0,3,0,0
org_w3zp08j3,2025-08-17,storage,3.1082,131.0,7.8953,17.7140,6,0,0
org_w3zp08j3,2025-08-18,compute,10.0049,129.0,0.0777,10.2497,3,0,0
org_w3zp08j3,2025-08-18,genai,14.0347,110.0,5.1866,0,3,0,0
org_w3zp08j3,2025-08-18,storage,4.3757,214.0,0,11.0525,3,0,0
org_w3zp08j3,2025-08-19,compute,22.3570,253.0,0,12.0549,3,0,0
org_w3zp08j3,2025-08-19,database,-0.4688,0,0.7171,24.3632,3,0,1
org_w3zp08j3,2025-08-19,networking,2.3918,239.0,0.0228,0,3,0,0
org_w3zp08j3,2025-08-20,database,10.2207,236.0,1.9469,0,3,0,0
org_w3zp08j3,2025-08-20,genai,1.6861,0,2.1267,12.6404,3,0,0
org_w3zp08j3,2025-08-20,storage,5.4968,239.0,3.3633,27.0339,6,0,0
org_w3zp08j3,2025-08-21,genai,24.3440,236.0,0,2.8307,3,0,0
org_w3zp08j3,2025-08-21,networking,2.3711,240.0,3.1156,0,3,0,0
org_w3zp08j3,2025-08-21,storage,0.6074,0,0,35.6273,3,0,0
org_w3zp08j3,2025-08-22,compute,25.9284,340.0,0,0,3,0,0
org_w3zp08j3,2025-08-22,database,12.7535,240.0,2.8403,0,3,0,0
org_w3zp08j3,2025-08-22,genai,42.2093,352.0,0,0,3,0,0
org_w3zp08j3,2025-08-22,networking,1.3849,122.0,1.7184,13.5712,3,0,0
org_w3zp08j3,2025-08-22,storage,0.0816,0,4.7239,0,3,0,0
org_w3zp08j3,2025-08-23,compute,13.0294,124.0,2.9954,15.1401,3,0,0
org_w3zp08j3,2025-08-23,database,12.4187,232.0,2.2985,0,3,0,0
org_w3zp08j3,2025-08-23,networking,1.3602,117.0,1.2126,12.7515,3,0,0
org_w3zp08j3,2025-08-23,storage,7.6462,348.0,0,0,3,0,0
org_w3zp08j3,2025-08-24,compute,7.2202,107.0,3.3088,10.0598,3,0,0
org_w3zp08j3,2025-08-24,database,17.8569,363.0,0,35.5629,6,0,0
org_w3zp08j3,2025-08-24,genai,2.8594,0,2.7334,20.9999,3,0,0
org_w3zp08j3,2025-08-24,networking,0.0672,0,0,20.1934,3,0,1
org_w3zp08j3,2025-08-24,storage,2.0392,136.0,6.4740,0,3,0,0
org_w3zp08j3,2025-08-25,database,11.6850,260.0,0,4.9549,3,0,0
org_w3zp08j3,2025-08-25,genai,29.7766,244.0,0.0,0,3,0,0
org_w3zp08j3,2025-08-25,networking,0.0630,0,0,9.8496,3,0,0
org_w3zp08j3,2025-08-25,storage,2.6879,120.0,0,9.9204,3,0,0
org_w3zp08j3,2025-08-26,compute,9.2981,109.0,0,14.6865,3,0,0
org_w3zp08j3,2025-08-26,database,30.7165,615.0,0,10.4565,6,0,0
org_w3zp08j3,2025-08-26,storage,0.6543,0,0,38.9346,3,0,0
org_w3zp08j3,2025-08-27,compute,1.8209,0,0,26.1526,3,0,0
org_w3zp08j3,2025-08-27,database,5.6706,112.0,1.2293,16.0133,3,0,0
org_w3zp08j3,2025-08-27,networking,2.3113,220.0,0,8.3429,3,0,0
org_w3zp08j3,2025-08-27,storage,2.7934,132.0,0,19.2987,3,0,0
org_w3zp08j3,2025-08-28,compute,8.7313,112.0,0,6.3445,3,1,0
org_w3zp08j3,2025-08-28,networking,1.3247,103.0,0,34.3491,3,0,0
org_w3zp08j3,2025-08-28,storage,5.1145,254.0,0,6.1729,3,0,0
org_w3zp08j3,2025-08-29,database,18.9673,253.0,0,0,3,1,0
org_w3zp08j3,2025-08-30,database,1.0446,0,4.3326,15.1813,3,0,0
org_w3zp08j3,2025-08-30,genai,32.3374,239.0,0,15.9587,3,0,0
org_w3zp08j3,2025-08-30,networking,1.4951,121.0,3.3543,16.7785,3,0,0
org_w3zp08j3,2025-08-31,compute,19.1469,230.0,2.9911,0,3,0,0
org_w3zp08j3,2025-08-31,genai,0.5674,0,0,4.2969,3,0,0
org_w3zp08j3,2025-08-31,networking,1.4503,115.0,0,31.6094,3,0,0
org_wm31yiha,2025-07-03,database,6.6098,131.0,0,39.5909,3,0,0
org_wm31yiha,2025-07-06,database,6.2195,142.0,2.4938,0.0,3,0,0
org_wm31yiha,2025-07-07,database,13.2777,231.0,3.571,0,3,0,0
org_wm31yiha,2025-07-09,database,13.6328,265.0,0,1.6894,3,0,0
org_wm31yiha,2025-07-11,database,1.2022,245.0,0,0.7563,3,0,1
org_wm31yiha,2025-07-12,database,12.7868,232.0,0,12.1926,3,0,0
org_wm31yiha,2025-07-15,database,6.4292,126.0,0,20.1523,3,0,0
org_wm31yiha,2025-07-17,database,7.4898,140.0,1.5543,0,3,0,0
org_wm31yiha,2025-07-18,database,1.3865,0,5.6639,21.9197,3,0,0
org_wm31yiha,2025-07-19,database,5.8025,111.0,0,7.0579,3,0,0
org_wm31yiha,2025-07-20,database,14.9878,242.0,3.0106,0,3,0,0
org_wm31yiha,2025-07-22,database,5.3057,129.0,2.2313,7.6151,3,0,0
org_wm31yiha,2025-07-23,database,11.1178,234.0,2.0826,0,3,0,0
org_wm31yiha,2025-07-25,database,7.4800,137.0,0.0,17.0285,3,0,0
org_wm31yiha,2025-07-27,database,7.4271,130.0,3.7216,12.4049,3,0,0
org_wm31yiha,2025-07-29,database,10.8123,217.0,0,6.4745,3,0,0
org_wm31yiha,2025-07-30,database,13.0463,237.0,0,0,3,1,0
org_wm31yiha,2025-07-31,database,6.1569,121.0,0,0.0,3,1,0
org_wm31yiha,2025-08-01,database,9.2977,212.0,2.8381,0,3,0,0
org_wm31yiha,2025-08-02,database,0.8982,0,1.2486,14.8939,3,0,0
org_wm31yiha,2025-08-03,database,10.2989,203.0,0,0.0,3,0,0
org_wm31yiha,2025-08-04,database,5.9104,120.0,3.8059,0.0,3,0,0
org_wm31yiha,2025-08-05,database,12.7641,253.0,3.0083,0,3,0,0
org_wm31yiha,2025-08-06,database,8.4596,220.0,1.4715,0,3,0,0
org_wm31yiha,2025-08-07,database,16.1828,339.0,0,0,3,0,0
org_wm31yiha,2025-08-08,database,6.2897,92.0,0,37.5126,3,0,0
org_wm31yiha,2025-08-10,database,6.5101,119.0,2.6885,0,3,0,0
org_wm31yiha,2025-08-11,database,10.6629,212.0,2.9058,0,3,0,0
org_wm31yiha,2025-08-12,database,6.0735,112.0,1.9625,0,3,0,0
org_wm31yiha,2025-08-13,database,6.0740,104.0,1.4079,9.0658,3,0,0
org_wm31yiha,2025-08-16,database,14.8474,258.0,0.0,0,3,0,0
org_wm31yiha,2025-08-18,database,13.7860,268.0,3.4171,0,3,0,0
org_wm31yiha,2025-08-22,database,13.505,251.0,0,8.5516,3,0,0
org_wm31yiha,2025-08-24,database,5.6426,118.0,2.4248,0,3,0,0
org_wm31yiha,2025-08-25,database,10.7680,225.0,2.6492,0,3,0,0
org_wm31yiha,2025-08-27,database,4.7915,111.0,1.3834,0,3,0,0
org_wm31yiha,2025-08-28,database,2.1311,241.0,2.0438,0,3,0,2
org_wm31yiha,2025-08-29,database,15.7734,352.0,0,0,3,0,0
org_wm31yiha,2025-08-31,database,1.7400,0,0,33.2681,3,0,0
org_wnnhj7xv,2025-07-03,compute,24.4200,267.0,0,20.2154,3,0,0
org_wnnhj7xv,2025-07-03,database,7.0880,126.0,0,14.0124,3,0,0
org_wnnhj7xv,2025-07-03,networking,1.2804,110.0,2.9250,0,3,0,0
org_wnnhj7xv,2025-07-04,compute,1.8215,0,4.6413,13.7320,3,0,0
org_wnnhj7xv,2025-07-04,database,5.5605,126.0,5.3756,0,3,0,0
org_wnnhj7xv,2025-07-04,networking,3.1515,263.0,0,15.4568,3,0,0
org_wnnhj7xv,2025-07-05,compute,2.2639,0,0,31.0415,3,0,0
org_wnnhj7xv,2025-07-05,database,21.1709,253.0,3.2795,10.8171,6,1,0
org_wnnhj7xv,2025-07-05,networking,2.3711,246.0,0,7.5329,3,0,0
org_wnnhj7xv,2025-07-06,compute,8.6023,104.0,2.4223,0,3,0,0
org_wnnhj7xv,2025-07-06,database,5.1987,129.0,3.4775,0,3,0,0
org_wnnhj7xv,2025-07-07,compute,8.4353,135.0,0,11.6976,3,0,0
org_wnnhj7xv,2025-07-07,networking,2.3865,217.0,0.0,0,3,0,0
org_wnnhj7xv,2025-07-08,compute,0.5952,0,7.8299,0,3,0,0
org_wnnhj7xv,2025-07-08,database,6.8820,101.0,1.5616,43.9143,6,0,0
org_wnnhj7xv,2025-07-08,networking,1.1979,117.0,2.2109,0,3,0,0
org_wnnhj7xv,2025-07-09,database,12.9057,236.0,2.1619,0,3,0,0
org_wnnhj7xv,2025-07-10,database,8.1836,141.0,4.7901,0,3,0,0
org_wnnhj7xv,2025-07-10,networking,1.5220,147.0,1.6659,9.3773,3,0,0
org_wnnhj7xv,2025-07-11,database,7.7662,124.0,2.7441,0,3,0,0
org_wnnhj7xv,2025-07-11,networking,0.3149,0,3.3803,28.0662,3,0,0
org_wnnhj7xv,2025-07-12,database,0.2587,0,0.6466,4.8729,3,0,0
org_wnnhj7xv,2025-07-12,networking,1.0162,116.0,1.5789,3.407,3,0,0
org_wnnhj7xv,2025-07-13,compute,11.4619,140.0,2.8148,13.5927,3,0,0
org_wnnhj7xv,2025-07-13,database,17.3149,385.0,0,0,3,0,0
org_wnnhj7xv,2025-07-13,networking,0.0899,0,5.5494,4.0925,3,0,0
org_wnnhj7xv,2025-07-14,database,10.8773,116.0,6.5815,61.2739,6,0,0
org_wnnhj7xv,2025-07-14,networking,0.0804,0,2.3926,6.7271,3,0,0
org_wnnhj7xv,2025-07-15,compute,11.1088,144.0,1.6006,1.7199,3,0,0
org_wnnhj7xv,2025-07-15,database,18.2970,370.0,0,0,3,0,0
org_wnnhj7xv,2025-07-16,compute,16.5666,225.0,0,6.5768,3,0,0
org_wnnhj7xv,2025-07-16,database,9.8049,100.0,2.3781,0,3,1,0
org_wnnhj7xv,2025-07-16,networking,2.5852,259.0,0,16.7319,3,0,0
org_wnnhj7xv,2025-07-17,compute,19.9113,253.0,0,1.1134,3,0,0
org_wnnhj7xv,2025-07-17,database,5.8137,132.0,3.0192,0,3,0,0
org_wnnhj7xv,2025-07-17,networking,0.0698,0,1.5882,6.5863,3,0,0
org_wnnhj7xv,2025-07-18,database,19.4583,363.0,0.8024,7.8875,6,0,0
org_wnnhj7xv,2025-07-18,networking,1.1997,109.0,0.0,21.9758,3,0,0
org_wnnhj7xv,2025-07-19,compute,8.9808,123.0,2.1992,0.393,3,0,0
org_wnnhj7xv,2025-07-20,compute,23.5683,224.0,0,13.2863,3,0,0
org_wnnhj7xv,2025-07-20,database,18.5444,355.0,0.0,16.2602,6,0,0
org_wnnhj7xv,2025-07-21,database,10.6656,214.0,2.5447,0,3,0,0
org_wnnhj7xv,2025-07-22,compute,10.2374,117.0,0.6801,4.6,3,0,0
org_wnnhj7xv,2025-07-22,database,6.0109,97.0,8.9869,23.0440,6,0,0
org_wnnhj7xv,2025-07-22,networking,1.4296,108.0,5.1481,7.6083,3,0,0
org_wnnhj7xv,2025-07-23,database,11.8404,255.0,1.3067,0,3,0,0
org_wnnhj7xv,2025-07-23,networking,2.5617,258.0,0,9.8543,3,0,0
org_wnnhj7xv,2025-07-24,database,13.1293,255.0,0,32.5335,6,0,0
org_wnnhj7xv,2025-07-24,networking,4.1577,370.0,0,0,3,0,0
org_wnnhj7xv,2025-07-25,database,1.6051,0,0,32.4980,3,0,0
org_wnnhj7xv,2025-07-25,networking,1.7341,119.0,0.0215,14.2341,3,0,0
org_wnnhj7xv,2025-07-26,compute,21.2449,243.0,0,13.3461,3,0,0
org_wnnhj7xv,2025-07-26,networking,1.4127,126.0,0,5.5178,3,0,0
org_wnnhj7xv,2025-07-27,compute,29.9118,364.0,0,0,3,0,0
org_wnnhj7xv,2025-07-27,database,19.3058,238.0,2.7994,47.4270,6,1,0
org_wnnhj7xv,2025-07-27,networking,3.7084,371.0,0,0,3,0,0
org_wnnhj7xv,2025-07-28,database,11.1156,229.0,1.4514,0,3,0,0
org_wnnhj7xv,2025-07-29,database,2.0637,0,5.9476,35.0613,6,0,0
org_wnnhj7xv,2025-07-29,networking,2.5944,222.0,0,12.0574,3,0,0
org_wnnhj7xv,2025-07-30,database,6.3283,121.0,0,20.1481,3,0,0
org_wnnhj7xv,2025-07-31,compute,10.4759,106.0,0,11.8599,3,0,0
org_wnnhj7xv,2025-07-31,database,10.4487,270.0,0,0,3,1,0
org_wnnhj7xv,2025-07-31,networking,2.4707,237.0,0.8692,0,3,0,0
org_wnnhj7xv,2025-08-01,compute,21.0577,238.0,4.4279,0,3,0,0
org_wnnhj7xv,2025-08-01,database,13.5246,256.0,0,20.3212,3,0,0
org_wnnhj7xv,2025-08-01,networking,1.1151,119.0,0,11.9256,3,0,0
org_wnnhj7xv,2025-08-02,compute,9.7068,119.0,0,1.8801,3,0,0
org_wnnhj7xv,2025-08-02,database,1.5375,0,0,29.5260,3,0,0
org_wnnhj7xv,2025-08-03,compute,29.0752,334.0,0,0,3,0,0
org_wnnhj7xv,2025-08-03,database,20.0558,374.0,1.9789,14.6743,6,0,0
org_wnnhj7xv,2025-08-03,networking,3.7954,379.0,0,0,3,0,0
org_wnnhj7xv,2025-08-04,compute,2.5624,0,5.8625,26.0396,3,0,0
org_wnnhj7xv,2025-08-04,networking,1.2194,117.0,1.894,16.7212,3,0,0
org_wnnhj7xv,2025-08-05,compute,10.3132,121.0,0,9.0269,3,0,0
org_wnnhj7xv,2025-08-06,compute,10.5147,116.0,1.0804,5.1764,3,0,0
org_wnnhj7xv,2025-08-06,database,14.3842,247.0,0,0.0,3,0,0
org_wnnhj7xv,2025-08-07,networking,3.6421,335.0,0,0,3,0,0
org_wnnhj7xv,2025-08-08,database,12.9723,247.0,0,7.0125,3,0,0
org_wnnhj7xv,2025-08-09,networking,2.6758,252.0,5.0944,0,3,0,0
org_wnnhj7xv,2025-08-10,compute,23.8307,250.0,0,0,3,1,0
org_wnnhj7xv,2025-08-10,database,0.7622,0,4.7066,9.4396,6,0,0
org_wnnhj7xv,2025-08-10,networking,2.1352,225.0,0,0.0,3,0,0
org_wnnhj7xv,2025-08-11,compute,18.8848,232.0,1.994,0,3,0,0
org_wnnhj7xv,2025-08-11,database,0.874,0,0.0,17.7693,3,0,0
org_wnnhj7xv,2025-08-11,networking,2.7078,240.0,3.5992,0,3,0,0
org_wnnhj7xv,2025-08-12,networking,1.1172,108.0,2.9691,3.5944,3,0,0
org_wnnhj7xv,2025-08-13,compute,8.1776,107.0,4.4440,0,3,0,0
org_wnnhj7xv,2025-08-13,database,17.3414,342.0,1.8031,2.2202,6,0,0
org_wnnhj7xv,2025-08-13,networking,1.3201,120.0,0.0892,6.0303,3,0,0
org_wnnhj7xv,2025-08-14,database,27.4662,592.0,0,0.6641,6,0,0
org_wnnhj7xv,2025-08-14,networking,1.0370,120.0,1.853,10.6303,3,0,0
org_wnnhj7xv,2025-08-15,compute,19.0419,234.0,0,17.2639,3,0,0
org_wnnhj7xv,2025-08-15,database,18.9651,364.0,0,20.0779,6,1,0
org_wnnhj7xv,2025-08-15,networking,2.2178,224.0,0,23.3751,3,0,0
org_wnnhj7xv,2025-08-16,database,18.0000,360.0,2.9893,53.4757,6,0,0
org_wnnhj7xv,2025-08-17,compute,19.8151,228.0,0,16.9084,3,0,0
org_wnnhj7xv,2025-08-17,database,14.4996,322.0,0,0,3,0,0
org_wnnhj7xv,2025-08-17,networking,1.4075,129.0,2.3339,18.4134,3,0,0
org_wnnhj7xv,2025-08-18,compute,11.3461,129.0,1.2006,0.0,3,0,0
org_wnnhj7xv,2025-08-18,database,8.1306,124.0,0.755,46.7021,6,1,0
org_wnnhj7xv,2025-08-18,networking,2.3376,228.0,0.1944,0,3,0,0
org_wnnhj7xv,2025-08-19,compute,19.5734,253.0,0,9.48,3,0,0
org_wnnhj7xv,2025-08-19,database,6.7356,110.0,1.8418,3.3503,3,0,0
org_wnnhj7xv,2025-08-20,compute,12.7600,122.0,3.6482,11.9316,3,0,0
org_wnnhj7xv,2025-08-20,database,12.7850,234.0,0,11.0768,3,0,0
org_wnnhj7xv,2025-08-20,networking,1.9344,239.0,0,1.3986,3,0,0
org_wnnhj7xv,2025-08-21,compute,14.6110,220.0,0.0,0,3,0,0
org_wnnhj7xv,2025-08-21,database,21.1296,351.0,0,33.9283,6,0,0
org_wnnhj7xv,2025-08-21,networking,1.4852,104.0,1.4454,20.2154,3,0,0
org_wnnhj7xv,2025-08-22,database,16.9736,328.0,0,0,3,0,0
org_wnnhj7xv,2025-08-23,database,16.3974,274.0,0,9.1432,3,0,0
org_wnnhj7xv,2025-08-23,networking,2.7924,241.0,1.5295,0,3,0,0
org_wnnhj7xv,2025-08-24,compute,19.8875,233.0,0,5.8864,3,0,0
org_wnnhj7xv,2025-08-24,database,6.7401,124.0,1.1484,10.3327,3,0,0
org_wnnhj7xv,2025-08-25,compute,10.5901,121.0,1.9473,13.4182,3,0,0
org_wnnhj7xv,2025-08-25,database,22.5692,484.0,1.9382,0,6,0,0
org_wnnhj7xv,2025-08-25,networking,3.5777,214.0,0,0,3,1,0
org_wnnhj7xv,2025-08-26,database,31.3786,533.0,0,31.9357,6,0,0
org_wnnhj7xv,2025-08-26,networking,1.4245,113.0,0,33.1065,3,0,0
org_wnnhj7xv,2025-08-27,compute,14.3965,136.0,0.1048,9.309,3,0,0
org_wnnhj7xv,2025-08-27,database,16.7537,359.0,0,0,3,0,0
org_wnnhj7xv,2025-08-28,compute,22.2242,253.0,0,16.3731,3,0,0
org_wnnhj7xv,2025-08-28,database,5.4695,116.0,0,19.7565,3,0,0
org_wnnhj7xv,2025-08-28,networking,1.2926,116.0,1.6652,9.4408,3,0,0
org_wnnhj7xv,2025-08-29,compute,0.6050,0,4.2058,2.4028,3,0,0
org_wnnhj7xv,2025-08-29,database,23.3222,467.0,0.0,3.6184,6,0,0
org_wnnhj7xv,2025-08-30,compute,10.8439,122.0,1.671,0,3,0,0
org_wnnhj7xv,2025-08-30,database,9.6439,138.0,6.5444,14.1226,6,1,0
org_wnnhj7xv,2025-08-30,networking,0.0279,0,3.2222,0,3,0,0
org_wnnhj7xv,2025-08-31,compute,12.7505,111.0,2.3925,21.1324,3,0,0
org_wnnhj7xv,2025-08-31,database,0.6945,0,0,19.7611,3,0,0
org_x7eedtjv,2025-07-03,compute,12.7728,123.0,0,4.853,3,1,0
org_x7eedtjv,2025-07-03,genai,11.5180,112.0,0,5.2236,3,0,0
org_x7eedtjv,2025-07-03,networking,2.2428,237.0,0,17.1205,3,0,0
org_x7eedtjv,2025-07-04,compute,10.6192,111.0,0,20.5521,3,0,0
org_x7eedtjv,2025-07-04,genai,18.5576,118.0,0,30.3473,3,0,0
org_x7eedtjv,2025-07-04,networking,1.3750,103.0,2.9847,0,3,1,0
org_x7eedtjv,2025-07-05,database,7.7646,125.0,0.6397,17.251,3,0,0
org_x7eedtjv,2025-07-05,genai,32.9503,265.0,0,17.3995,3,0,0
org_x7eedtjv,2025-07-06,database,7.5360,136.0,3.7393,20.2953,3,0,0
org_x7eedtjv,2025-07-06,genai,0.8002,0,0.0,6.3473,3,0,0
org_x7eedtjv,2025-07-06,networking,0.1893,0,6.9070,13.2387,3,0,0
org_x7eedtjv,2025-07-07,networking,1.5564,125.0,5.8110,0,3,0,0
org_x7eedtjv,2025-07-08,compute,23.0029,234.0,0,11.2664,3,0,0
org_x7eedtjv,2025-07-08,database,13.5959,252.0,0,6.9588,3,0,0
org_x7eedtjv,2025-07-08,networking,2.4780,232.0,1.1513,0,3,0,0
org_x7eedtjv,2025-07-09,compute,311.2550,249.0,1.8107,0,3,0,0
org_x7eedtjv,2025-07-09,database,5.6855,99.0,0.8697,11.5304,3,0,0
org_x7eedtjv,2025-07-10,compute,9.2858,106.0,1.6668,15.3656,3,0,0
org_x7eedtjv,2025-07-10,genai,27.1662,250.0,0.4913,0,3,0,0
org_x7eedtjv,2025-07-10,networking,3.3130,364.0,0,0,3,0,0
org_x7eedtjv,2025-07-11,database,19.1587,372.0,0,0,3,0,0
org_x7eedtjv,2025-07-11,genai,1.1927,0,2.6724,7.6038,3,0,0
org_x7eedtjv,2025-07-11,networking,0.0760,0,4.4265,2.5533,3,0,0
org_x7eedtjv,2025-07-12,genai,14.1853,109.0,6.9180,0,3,0,0
org_x7eedtjv,2025-07-12,networking,0.4143,0,0,37.7298,3,0,0
org_x7eedtjv,2025-07-13,compute,18.4745,246.0,0.8205,0,3,0,0
org_x7eedtjv,2025-07-13,database,12.8328,255.0,0,7.7078,3,0,0
org_x7eedtjv,2025-07-13,genai,1.4212,0,4.5877,7.9664,3,0,0
org_x7eedtjv,2025-07-13,networking,1.1172,125.0,1.412,0.0,3,0,0
org_x7eedtjv,2025-07-14,compute,7.9558,120.0,0,13.0250,3,0,0
org_x7eedtjv,2025-07-14,database,1.3506,0,0,26.6010,3,0,0
org_x7eedtjv,2025-07-14,networking,1.1459,97.0,1.7089,11.1579,3,0,0
org_x7eedtjv,2025-07-15,compute,11.1771,113.0,0.6517,10.4193,3,0,0
org_x7eedtjv,2025-07-15,database,17.0911,373.0,0,0,3,0,0
org_x7eedtjv,2025-07-15,genai,30.9109,245.0,0.0,0,3,0,0
org_x7eedtjv,2025-07-15,networking,4.0954,383.0,0,0,3,0,0
org_x7eedtjv,2025-07-16,compute,14.8674,229.0,0,1.7444,3,0,0
org_x7eedtjv,2025-07-16,genai,16.4987,128.0,0,19.5941,3,0,0
org_x7eedtjv,2025-07-17,genai,31.6891,245.0,0,10.0086,3,0,0
org_x7eedtjv,2025-07-18,compute,21.7011,258.0,0,0.0,3,0,0
org_x7eedtjv,2025-07-19,database,11.5288,250.0,0.0,0,3,0,0
org_x7eedtjv,2025-07-19,genai,18.5533,135.0,2.2464,10.5957,3,0,0
org_x7eedtjv,2025-07-19,networking,0.2833,0,2.4268,30.5233,3,0,0
org_x7eedtjv,2025-07-20,database,0.9921,0,2.6488,19.3636,3,0,0
org_x7eedtjv,2025-07-20,networking,1.1181,104.0,0,9.7744,3,0,0
org_x7eedtjv,2025-07-21,database,4.8166,126.0,0,9.6522,3,0,0
org_x7eedtjv,2025-07-21,genai,15.2288,126.0,1.375,2.4065,3,0,0
org_x7eedtjv,2025-07-21,networking,2.5231,265.0,0,15.9504,3,0,0
org_x7eedtjv,2025-07-22,compute,25.9870,333.0,0,0,3,0,0
org_x7eedtjv,2025-07-22,database,14.0262,254.0,0,6.3509,3,0,0
org_x7eedtjv,2025-07-22,genai,32.6743,243.0,0.0,0,3,0,0
org_x7eedtjv,2025-07-23,compute,10.5937,136.0,3.04,4.0727,3,0,0
org_x7eedtjv,2025-07-23,genai,45.7250,336.0,0,0,3,0,0
org_x7eedtjv,2025-07-23,networking,2.6575,128.0,0,17.5648,3,1,0
org_x7eedtjv,2025-07-24,genai,2.1685,0,0.6154,14.8747,3,0,0
org_x7eedtjv,2025-07-25,compute,9.1860,107.0,3.5966,0,3,0,0
org_x7eedtjv,2025-07-25,database,21.0207,388.0,0,0,3,0,0
org_x7eedtjv,2025-07-25,networking,1.8354,123.0,0,9.0963,3,1,0
org_x7eedtjv,2025-07-26,compute,12.6741,121.0,0,31.9328,3,0,0
org_x7eedtjv,2025-07-26,genai,39.9941,357.0,0,0,3,0,0
org_x7eedtjv,2025-07-27,compute,16.2818,229.0,0,5.9306,3,0,0
org_x7eedtjv,2025-07-27,database,16.5608,353.0,0,0,3,0,0
org_x7eedtjv,2025-07-28,genai,37.1413,239.0,0,0,3,1,0
org_x7eedtjv,2025-07-28,networking,1.3217,111.0,0,6.6496,3,0,0
org_x7eedtjv,2025-07-29,database,0.1213,0,2.7268,0.0,3,0,0
org_x7eedtjv,2025-07-30,compute,15.4415,256.0,2.1868,0,3,0,0
org_x7eedtjv,2025-07-30,database,0.1864,0,3.7187,0.0,3,0,0
org_x7eedtjv,2025-07-30,genai,33.0214,257.0,2.772,0,3,0,0
org_x7eedtjv,2025-07-31,compute,0.9407,0,1.9068,10.3655,3,0,0
org_x7eedtjv,2025-07-31,genai,13.3968,119.0,3.7441,0,3,0,0
org_x7eedtjv,2025-08-02,compute,17.4110,232.0,1.5549,0,3,0,0
org_x7eedtjv,2025-08-03,compute,21.0088,230.0,2.2761,0,3,0,0
org_x7eedtjv,2025-08-03,database,11.8505,259.0,4.6009,0,3,0,0
org_x7eedtjv,2025-08-03,genai,31.1403,250.0,0,10.6509,3,0,0
org_x7eedtjv,2025-08-04,compute,1.2797,0,2.0225,12.4843,3,0,0
org_x7eedtjv,2025-08-04,database,6.8520,122.0,5.9996,0,3,0,0
org_x7eedtjv,2025-08-04,genai,23.2394,250.0,0.0,0,3,0,0
org_x7eedtjv,2025-08-04,networking,1.2497,118.0,0,0.4611,3,0,0
org_x7eedtjv,2025-08-05,compute,11.5358,117.0,0,20.6632,3,0,0
org_x7eedtjv,2025-08-05,database,8.5906,118.0,0,39.1014,3,0,0
org_x7eedtjv,2025-08-05,genai,15.9075,128.0,0.4487,9.887,3,0,0
org_x7eedtjv,2025-08-05,networking,1.0663,105.0,3.9542,0,3,0,0
org_x7eedtjv,2025-08-06,compute,18.0871,223.0,0,11.5182,3,0,0
org_x7eedtjv,2025-08-06,genai,7.4741,0,3.5098,50.0172,3,0,0
org_x7eedtjv,2025-08-07,compute,16.2206,212.0,0,3.218,3,0,0
org_x7eedtjv,2025-08-07,database,0.3226,0,6.1475,0,3,0,0
org_x7eedtjv,2025-08-07,networking,1.1945,127.0,4.0310,0,3,0,0
org_x7eedtjv,2025-08-08,compute,12.9288,121.0,2.6063,12.4529,3,0,0
org_x7eedtjv,2025-08-08,networking,1.1638,123.0,2.5047,2.0672,3,0,0
org_x7eedtjv,2025-08-09,compute,10.5990,113.0,0.0,9.5988,3,0,0
org_x7eedtjv,2025-08-09,genai,41.2048,365.0,0,0,3,0,0
org_x7eedtjv,2025-08-10,compute,26.5372,360.0,0,0,3,0,0
org_x7eedtjv,2025-08-10,database,13.6745,255.0,1.9727,0,3,0,0
org_x7eedtjv,2025-08-11,compute,7.2881,136.0,0.9194,0,3,0,0
org_x7eedtjv,2025-08-11,database,20.1494,353.0,0,0,3,0,0
org_x7eedtjv,2025-08-11,genai,25.2035,222.0,0,18.5403,3,0,0
org_x7eedtjv,2025-08-11,networking,1.6927,126.0,2.1587,11.5662,3,0,0
org_x7eedtjv,2025-08-12,compute,10.5412,121.0,0,20.9739,3,0,0
org_x7eedtjv,2025-08-12,genai,40.9048,237.0,0,0,3,1,0
org_x7eedtjv,2025-08-13,compute,26.9033,367.0,0,0,3,0,0
org_x7eedtjv,2025-08-13,database,1.9800,0,3.8226,32.8620,3,0,0
org_x7eedtjv,2025-08-13,genai,26.9711,252.0,0,4.4549,3,0,0
org_x7eedtjv,2025-08-14,compute,23.1858,257.0,0,11.5095,3,0,0
org_x7eedtjv,2025-08-14,database,0.7938,0,2.7633,18.6085,3,0,0
org_x7eedtjv,2025-08-14,genai,34.1302,233.0,0,19.3442,3,0,0
org_x7eedtjv,2025-08-14,networking,2.3808,242.0,3.0822,0,3,0,0
org_x7eedtjv,2025-08-15,compute,10.7539,133.0,2.5822,0,3,0,0
org_x7eedtjv,2025-08-15,database,16.6788,337.0,0,0,3,0,0
org_x7eedtjv,2025-08-15,networking,1.2186,120.0,0,16.5582,3,0,0
org_x7eedtjv,2025-08-16,compute,1.5783,0,0,23.2443,3,0,0
org_x7eedtjv,2025-08-16,database,12.5367,243.0,0,9.0835,3,0,0
org_x7eedtjv,2025-08-17,networking,2.6829,245.0,0,0,3,1,0
org_x7eedtjv,2025-08-19,compute,10.6939,123.0,1.6261,29.4587,3,0,0
org_x7eedtjv,2025-08-19,database,11.6623,240.0,0,0.0,3,0,0
org_x7eedtjv,2025-08-19,genai,18.5529,126.0,2.8329,0,3,0,0
org_x7eedtjv,2025-08-19,networking,0.9603,108.0,5.1159,0,3,0,0
org_x7eedtjv,2025-08-20,compute,22.6679,254.0,0,0.0,3,0,0
org_x7eedtjv,2025-08-20,genai,18.9706,130.0,4.1335,9.0616,3,0,0
org_x7eedtjv,2025-08-21,database,12.3780,231.0,0,4.0967,3,0,0
org_x7eedtjv,2025-08-21,genai,25.0580,216.0,0,0.0,3,0,0
org_x7eedtjv,2025-08-22,compute,2.0074,0,2.222,19.7555,3,1,0
org_x7eedtjv,2025-08-22,database,13.7167,228.0,0,11.5964,3,0,0
org_x7eedtjv,2025-08-22,genai,15.4731,114.0,1.5229,15.2447,3,0,0
org_x7eedtjv,2025-08-23,compute,211.2481,107.0,0.6052,6.3382,3,0,0
org_x7eedtjv,2025-08-23,database,7.8380,126.0,0,17.8563,3,0,0
org_x7eedtjv,2025-08-23,networking,1.6542,124.0,1.7265,21.9945,3,0,0
org_x7eedtjv,2025-08-24,compute,17.6332,235.0,2.5763,0,3,0,0
org_x7eedtjv,2025-08-24,genai,30.9192,248.0,0,0.0073,3,0,0
org_x7eedtjv,2025-08-24,networking,1.4998,146.0,1.9526,12.6874,3,0,0
org_x7eedtjv,2025-08-25,compute,16.9940,251.0,2.4115,0,3,0,0
org_x7eedtjv,2025-08-25,database,13.2880,266.0,0,11.0233,3,0,0
org_x7eedtjv,2025-08-26,database,0.3970,0,2.4773,4.5206,3,0,0
org_x7eedtjv,2025-08-26,networking,1.2625,123.0,0.0,27.5259,3,0,0
org_x7eedtjv,2025-08-27,genai,16.5403,119.0,0.0,19.8238,3,0,0
org_x7eedtjv,2025-08-28,compute,12.1607,103.0,0.8978,11.256,3,0,0
org_x7eedtjv,2025-08-28,genai,17.7925,129.0,4.1017,20.8676,3,0,0
org_x7eedtjv,2025-08-28,networking,0.0834,0,7.2693,0.0,3,0,0
org_x7eedtjv,2025-08-29,database,1.6670,0,2.5126,28.3254,3,0,0
org_x7eedtjv,2025-08-29,genai,29.4436,249.0,1.4276,0,3,0,0
org_x7eedtjv,2025-08-30,compute,22.4891,105.0,0,11.2347,3,0,0
org_x7eedtjv,2025-08-30,database,1.5668,0,0.2999,27.0072,3,0,0
org_x7eedtjv,2025-08-30,genai,12.1143,102.0,6.7502,0,3,0,0
org_x7eedtjv,2025-08-31,database,16.9764,360.0,0,0,3,0,0
org_xaji0y6d,2025-07-03,compute,20.8909,215.0,0,9.5908,3,0,0
org_xaji0y6d,2025-07-03,genai,29.7016,242.0,0,3.3683,3,0,0
org_xaji0y6d,2025-07-04,genai,14.6501,117.0,3.6425,0,3,0,0
org_xaji0y6d,2025-07-05,genai,3.184,0,0,27.3936,3,0,0
org_xaji0y6d,2025-07-07,compute,7.7862,110.0,2.1511,0,3,0,0
org_xaji0y6d,2025-07-07,genai,14.1354,111.0,1.2851,11.147,3,0,0
org_xaji0y6d,2025-07-08,compute,9.8305,125.0,0.067,20.075,3,0,0
org_xaji0y6d,2025-07-09,compute,12.2363,126.0,1.5574,7.0174,3,0,0
org_xaji0y6d,2025-07-09,genai,0.9063,0,3.4876,4.7446,3,0,0
org_xaji0y6d,2025-07-10,compute,14.1961,0,0,29.0512,3,1,0
org_xaji0y6d,2025-07-11,genai,46.8948,350.0,0,0,3,0,0
org_xaji0y6d,2025-07-12,genai,4.4289,0,0,40.7378,3,0,0
org_xaji0y6d,2025-07-13,compute,3.8774,0,0,46.3993,3,0,0
org_xaji0y6d,2025-07-14,compute,9.7999,125.0,6.2552,0,3,0,1
org_xaji0y6d,2025-07-15,compute,26.1913,353.0,0,0,3,0,0
org_xaji0y6d,2025-07-16,genai,26.0347,256.0,0.5323,0,3,0,0
org_xaji0y6d,2025-07-17,genai,1.1847,0,1.8925,8.0162,3,0,0
org_xaji0y6d,2025-07-18,compute,13.3519,139.0,3.2383,0,3,0,0
org_xaji0y6d,2025-07-18,genai,0.8644,0,1.9278,4.7298,3,0,0
org_xaji0y6d,2025-07-19,compute,17.1868,110.0,0,2.3954,3,1,0
org_xaji0y6d,2025-07-19,genai,17.4565,134.0,0.9278,8.9507,3,0,0
org_xaji0y6d,2025-07-20,compute,10.8362,134.0,2.316,5.0071,3,0,0
org_xaji0y6d,2025-07-21,compute,12.7609,136.0,0,11.7894,3,0,0
org_xaji0y6d,2025-07-21,genai,11.1716,0,4.2794,0,3,1,0
org_xaji0y6d,2025-07-22,compute,0.4565,0,4.0609,1.6755,3,0,0
org_xaji0y6d,2025-07-22,genai,34.8552,255.0,0,13.1382,3,0,0
org_xaji0y6d,2025-07-23,genai,44.6731,359.0,0,0,3,0,0
org_xaji0y6d,2025-07-24,genai,25.9339,230.0,0,15.1712,3,0,0
org_xaji0y6d,2025-07-25,compute,30.7124,365.0,0,0,3,0,0
org_xaji0y6d,2025-07-25,genai,20.6407,134.0,4.0835,4.6567,3,0,0
org_xaji0y6d,2025-07-26,compute,14.4470,121.0,0.0,10.9991,3,0,0
org_xaji0y6d,2025-07-26,genai,16.1674,131.0,0,44.5310,3,0,0
org_xaji0y6d,2025-07-27,compute,7.4536,121.0,0.9166,13.8677,3,0,0
org_xaji0y6d,2025-07-28,genai,2.9815,0,4.9002,21.8486,3,0,0
org_xaji0y6d,2025-07-29,genai,28.0750,230.0,0,12.8834,3,0,0
org_xaji0y6d,2025-07-30,genai,39.4322,340.0,0,0,3,0,0
org_xaji0y6d,2025-07-31,compute,7.4898,112.0,3.0577,0,3,0,0
org_xaji0y6d,2025-07-31,genai,14.6472,116.0,0.9042,13.7996,3,0,0
org_xaji0y6d,2025-08-01,compute,18.4795,220.0,0,4.6413,3,0,0
org_xaji0y6d,2025-08-02,compute,10.2023,113.0,0,11.2489,3,0,0
org_xaji0y6d,2025-08-02,genai,53.7797,394.0,0,0,3,0,0
org_xaji0y6d,2025-08-03,compute,27.9886,375.0,0,0,3,0,0
org_xaji0y6d,2025-08-03,genai,32.8271,234.0,1.9407,0,3,0,0
org_xaji0y6d,2025-08-04,genai,13.8850,125.0,4.7593,0,3,0,0
org_xaji0y6d,2025-08-05,compute,4.7325,0,0,57.7393,3,0,0
org_xaji0y6d,2025-08-06,compute,17.9989,234.0,1.1295,0,3,0,0
org_xaji0y6d,2025-08-06,genai,13.3840,127.0,2.1248,0,3,0,0
org_xaji0y6d,2025-08-08,compute,8.5235,115.0,0.1819,3.3176,3,0,0
org_xaji0y6d,2025-08-10,compute,13.2400,116.0,0,31.4464,3,0,0
org_xaji0y6d,2025-08-10,genai,4.8331,0,0,39.5776,3,0,0
org_xaji0y6d,2025-08-11,genai,25.9840,246.0,0.0,0,3,0,0
org_xaji0y6d,2025-08-12,genai,13.4532,94.0,4.7428,0.0,3,0,0
org_xaji0y6d,2025-08-13,genai,16.9675,136.0,3.5569,0,3,0,0
org_xaji0y6d,2025-08-15,compute,31.2092,365.0,0,0,3,0,0
org_xaji0y6d,2025-08-15,genai,19.0008,116.0,2.6159,13.6121,3,0,0
org_xaji0y6d,2025-08-16,compute,28.3913,357.0,0,0,3,0,0
org_xaji0y6d,2025-08-16,genai,16.5669,135.0,0,36.3130,3,0,0
org_xaji0y6d,2025-08-17,compute,10.6575,127.0,5.4561,0,3,0,0
org_xaji0y6d,2025-08-18,compute,24.1891,234.0,0,10.214,3,0,0
org_xaji0y6d,2025-08-19,compute,9.2899,126.0,0,0.0,3,0,0
org_xaji0y6d,2025-08-21,genai,29.8783,242.0,2.7169,0,3,0,0
org_xaji0y6d,2025-08-22,genai,36.1138,224.0,0.4859,0,3,0,0
org_xaji0y6d,2025-08-24,genai,13.9377,117.0,4.6628,0,3,0,0
org_xaji0y6d,2025-08-25,genai,19.9575,134.0,0.0,10.3023,3,0,0
org_xaji0y6d,2025-08-27,compute,12.4657,138.0,1.0089,23.2334,3,0,0
org_xaji0y6d,2025-08-27,genai,18.4142,133.0,6.6047,0,3,0,0
org_xaji0y6d,2025-08-28,genai,15.1136,126.0,1.553,1.7664,3,0,0
org_xaji0y6d,2025-08-29,compute,26.7557,254.0,0,13.213,3,0,0
org_xaji0y6d,2025-08-30,genai,48.3967,367.0,0,0,3,0,0
org_xaji0y6d,2025-08-31,compute,10.3780,115.0,4.9034,9.1821,3,0,0
org_xll4zklo,2025-07-03,compute,9.9412,119.0,0,18.1041,3,0,0
org_xll4zklo,2025-07-04,analytics,8.2683,122.0,2.0220,0,3,0,0
org_xll4zklo,2025-07-04,compute,14.6132,227.0,0,11.4461,3,0,0
org_xll4zklo,2025-07-04,database,1.4328,0,0,24.8716,3,0,0
org_xll4zklo,2025-07-05,analytics,16.9309,225.0,2.7054,0,3,0,0
org_xll4zklo,2025-07-05,compute,9.6635,132.0,6.0354,0,3,0,0
org_xll4zklo,2025-07-05,database,10.2455,233.0,0,0,3,1,0
org_xll4zklo,2025-07-05,networking,3.6258,333.0,0,0,3,0,0
org_xll4zklo,2025-07-06,analytics,16.4584,222.0,3.4365,0,3,0,0
org_xll4zklo,2025-07-06,compute,1.3471,0,4.9801,13.4349,3,0,0
org_xll4zklo,2025-07-06,database,0.5118,0,0.0,10.5818,3,0,0
org_xll4zklo,2025-07-06,networking,1.5827,119.0,0,34.6922,3,0,0
org_xll4zklo,2025-07-07,networking,2.8602,241.0,0,17.1866,3,0,0
org_xll4zklo,2025-07-08,analytics,17.7996,248.0,0,16.2305,3,0,0
org_xll4zklo,2025-07-08,compute,9.7843,117.0,0.0,20.0453,3,0,0
org_xll4zklo,2025-07-08,networking,0.1554,0,3.9922,12.381,3,0,0
org_xll4zklo,2025-07-09,analytics,8.0989,122.0,1.4407,0.0,3,0,0
org_xll4zklo,2025-07-09,compute,1.6903,0,3.0687,20.1584,3,0,0
org_xll4zklo,2025-07-09,database,8.9892,116.0,0.361,17.8947,3,0,0
org_xll4zklo,2025-07-09,networking,1.4475,124.0,1.4327,12.6529,3,0,0
org_xll4zklo,2025-07-10,analytics,12.5180,141.0,0,28.4573,3,0,0
org_xll4zklo,2025-07-10,database,0.2219,0,3.5553,0,3,0,0
org_xll4zklo,2025-07-11,analytics,17.1141,231.0,0.3788,0,3,0,0
org_xll4zklo,2025-07-11,compute,20.6075,241.0,2.9273,0,3,0,0
org_xll4zklo,2025-07-11,networking,1.0754,117.0,2.9498,0,3,0,0
org_xll4zklo,2025-07-12,analytics,1.9839,0,2.4488,21.6886,3,0,0
org_xll4zklo,2025-07-12,database,5.4032,0,3.8864,18.625,3,1,0
org_xll4zklo,2025-07-12,networking,1.1627,125.0,6.5582,0,3,0,0
org_xll4zklo,2025-07-14,compute,18.2754,232.0,0,4.9308,3,0,0
org_xll4zklo,2025-07-14,networking,1.2641,112.0,0,13.1469,3,0,0
org_xll4zklo,2025-07-15,compute,18.6817,245.0,2.6152,0,3,0,0
org_xll4zklo,2025-07-15,database,7.2496,120.0,0.1731,0,3,0,0
org_xll4zklo,2025-07-15,networking,2.8224,239.0,2.0098,0,3,0,0
org_xll4zklo,2025-07-16,database,0.4923,0,5.0921,8.0258,3,0,0
org_xll4zklo,2025-07-17,analytics,9.6438,128.0,2.4939,7.0499,3,0,0
org_xll4zklo,2025-07-17,database,3.9297,120.0,2.2382,0.0,3,0,0
org_xll4zklo,2025-07-18,analytics,11.4016,130.0,1.8737,0,3,0,0
org_xll4zklo,2025-07-18,compute,9.3548,102.0,2.7103,4.2957,3,0,0
org_xll4zklo,2025-07-18,database,12.2671,230.0,0,7.9076,3,0,0
org_xll4zklo,2025-07-18,networking,1.1259,108.0,3.8962,0.0,3,0,0
org_xll4zklo,2025-07-19,analytics,24.4150,386.0,0,0,3,0,0
org_xll4zklo,2025-07-19,compute,0.9823,0,0.2768,13.8845,3,0,0
org_xll4zklo,2025-07-19,database,12.2727,238.0,0,12.2606,3,0,0
org_xll4zklo,2025-07-19,networking,1.5592,125.0,0,16.3422,3,0,0
org_xll4zklo,2025-07-20,analytics,28.7746,368.0,0,0,3,0,0
org_xll4zklo,2025-07-20,compute,19.8524,252.0,0,9.6976,3,0,0
org_xll4zklo,2025-07-20,database,10.9776,204.0,0,0.0,3,0,0
org_xll4zklo,2025-07-21,compute,19.7311,237.0,0,13.7368,3,0,0
org_xll4zklo,2025-07-21,networking,2.1744,220.0,2.1128,0,3,0,0
org_xll4zklo,2025-07-22,analytics,14.8093,240.0,0,0.0,3,0,0
org_xll4zklo,2025-07-22,compute,10.3343,99.0,1.379,26.6943,3,0,0
org_xll4zklo,2025-07-24,database,6.7588,134.0,0,12.6009,3,0,0
org_xll4zklo,2025-07-24,networking,1.2796,119.0,2.297,12.6595,3,0,0
org_xll4zklo,2025-07-25,analytics,26.6028,347.0,0,0,3,0,0
org_xll4zklo,2025-07-25,database,10.5809,217.0,0,12.0813,3,0,0
org_xll4zklo,2025-07-25,networking,0.2701,0,2.9333,23.5670,3,0,0
org_xll4zklo,2025-07-26,database,1.6907,0,0.5589,29.3772,3,0,0
org_xll4zklo,2025-07-27,analytics,20.5675,242.0,0,6.7594,3,0,0
org_xll4zklo,2025-07-28,analytics,20.3495,270.0,0,7.0113,3,0,0
org_xll4zklo,2025-07-28,compute,31.5874,363.0,0,0,3,0,0
org_xll4zklo,2025-07-29,networking,2.1164,101.0,0,1.2266,3,1,0
org_xll4zklo,2025-07-30,analytics,18.3148,249.0,0,14.1421,3,0,0
org_xll4zklo,2025-07-30,networking,2.6986,239.0,0.4811,0,3,0,0
org_xll4zklo,2025-07-31,networking,2.6188,228.0,0,4.432,3,0,0
org_xll4zklo,2025-08-01,analytics,13.4157,0,0,22.3491,3,0,0
org_xll4zklo,2025-08-01,compute,14.3059,139.0,2.2272,0.0,3,0,0
org_xll4zklo,2025-08-01,database,7.2715,123.0,0,28.0566,3,0,0
org_xll4zklo,2025-08-02,analytics,8.5826,127.0,0.9319,12.7253,3,0,0
org_xll4zklo,2025-08-02,compute,0.9631,0,3.3128,9.8644,3,0,0
org_xll4zklo,2025-08-02,database,12.4242,246.0,4.5797,0,3,0,0
org_xll4zklo,2025-08-02,networking,2.8606,262.0,0,17.4205,3,0,0
org_xll4zklo,2025-08-03,analytics,9.2485,117.0,2.8277,0,3,0,0
org_xll4zklo,2025-08-03,compute,9.1221,131.0,0.2373,0,3,0,0
org_xll4zklo,2025-08-05,analytics,14.5691,268.0,0,0.0,3,0,0
org_xll4zklo,2025-08-07,analytics,17.8533,246.0,0,12.7257,3,0,0
org_xll4zklo,2025-08-07,database,1.6863,0,4.8573,27.334,3,0,0
org_xll4zklo,2025-08-08,analytics,19.7945,349.0,0,0,3,0,0
org_xll4zklo,2025-08-08,database,13.5247,251.0,0.0,0,3,0,0
org_xll4zklo,2025-08-08,networking,1.0534,119.0,1.0947,9.6424,3,0,0
org_xll4zklo,2025-08-09,analytics,8.6308,120.0,1.4906,3.3118,3,0,0
org_xll4zklo,2025-08-09,compute,18.2672,240.0,0.0,0,3,0,0
org_xll4zklo,2025-08-09,networking,2.3761,231.0,0,0.0,3,0,0
org_xll4zklo,2025-08-10,analytics,10.1839,127.0,0.8056,28.2484,3,0,0
org_xll4zklo,2025-08-10,database,7.6962,116.0,1.5451,2.8627,3,0,0
org_xll4zklo,2025-08-10,networking,1.4294,128.0,2.2143,0.1642,3,0,0
org_xll4zklo,2025-08-11,networking,2.6353,231.0,1.7176,0,3,0,0
org_xll4zklo,2025-08-12,compute,10.1407,115.0,2.0138,11.0429,3,0,0
org_xll4zklo,2025-08-12,database,13.3236,247.0,1.6346,0,3,0,0
org_xll4zklo,2025-08-12,networking,3.0591,260.0,0,22.0998,3,0,0
org_xll4zklo,2025-08-13,compute,24.0868,248.0,0,19.5345,3,0,0
org_xll4zklo,2025-08-13,database,11.8598,225.0,1.4811,0,3,0,0
org_xll4zklo,2025-08-13,networking,0.1519,0,3.8585,20.1737,3,0,0
org_xll4zklo,2025-08-14,analytics,0.6038,0,4.4348,0,3,1,0
org_xll4zklo,2025-08-14,compute,10.2921,124.0,5.0114,0,3,0,0
org_xll4zklo,2025-08-14,database,9.4164,139.0,0,34.6326,3,0,0
org_xll4zklo,2025-08-15,compute,1.6087,0,1.4759,19.3001,3,0,0
org_xll4zklo,2025-08-15,database,7.7708,117.0,3.527,14.3213,3,0,0
org_xll4zklo,2025-08-15,networking,0.2973,0,2.0054,28.7888,3,0,0
org_xll4zklo,2025-08-16,analytics,16.2437,220.0,1.7577,0,3,0,0
org_xll4zklo,2025-08-16,compute,32.9411,356.0,0,0,3,0,0
org_xll4zklo,2025-08-16,database,18.3236,344.0,0,0,3,0,0
org_xll4zklo,2025-08-16,networking,4.0102,368.0,0,0,3,0,0
org_xll4zklo,2025-08-17,analytics,8.2972,103.0,1.585,11.4907,3,0,0
org_xll4zklo,2025-08-17,compute,27.3581,354.0,0,0,3,0,0
org_xll4zklo,2025-08-18,analytics,19.9562,240.0,3.0942,0,3,0,0
org_xll4zklo,2025-08-18,compute,11.9017,139.0,0.8939,10.7332,3,0,0
org_xll4zklo,2025-08-18,database,0.6629,0,0,12.0337,3,0,0
org_xll4zklo,2025-08-18,networking,1.2722,105.0,3.233,17.2094,3,0,0
org_xll4zklo,2025-08-19,analytics,6.7492,102.0,1.3222,11.9089,3,0,0
org_xll4zklo,2025-08-19,compute,1.6817,0,0,20.5443,3,0,0
org_xll4zklo,2025-08-19,database,9.9744,246.0,0.7174,0,3,0,0
org_xll4zklo,2025-08-20,analytics,14.331,216.0,0,0.0,3,0,0
org_xll4zklo,2025-08-20,database,7.3599,129.0,2.5420,0,3,0,0
org_xll4zklo,2025-08-21,compute,19.5459,248.0,1.2554,0,3,0,0
org_xll4zklo,2025-08-22,analytics,9.5211,133.0,2.518,0,3,0,0
org_xll4zklo,2025-08-22,database,9.0836,144.0,0,14.2674,3,0,0
org_xll4zklo,2025-08-23,analytics,8.8949,109.0,0,27.5426,3,0,0
org_xll4zklo,2025-08-23,compute,18.7225,236.0,0,10.6355,3,0,0
org_xll4zklo,2025-08-23,database,13.0947,228.0,0,16.874,3,0,0
org_xll4zklo,2025-08-23,networking,2.8193,259.0,0,14.2605,3,0,0
org_xll4zklo,2025-08-24,compute,11.3807,131.0,0.1633,14.7931,3,0,0
org_xll4zklo,2025-08-24,networking,2.2886,244.0,4.0459,0,3,0,0
org_xll4zklo,2025-08-25,analytics,10.7294,121.0,0,32.1533,3,0,0
org_xll4zklo,2025-08-25,compute,7.9927,113.0,2.9376,0,3,1,0
org_xll4zklo,2025-08-25,database,4.8545,104.0,0,17.6149,3,0,0
org_xll4zklo,2025-08-26,analytics,10.8110,121.0,2.2227,8.0661,3,0,0
org_xll4zklo,2025-08-26,compute,23.0001,248.0,0,10.7854,3,0,0
org_xll4zklo,2025-08-26,database,5.4291,94.0,2.8042,5.5279,3,0,0
org_xll4zklo,2025-08-27,analytics,1.4216,0,3.2495,17.9,3,0,0
org_xll4zklo,2025-08-27,database,6.5875,117.0,0,14.8820,3,0,0
org_xll4zklo,2025-08-28,networking,1.0398,98.0,0.0,19.0389,3,0,0
org_xll4zklo,2025-08-29,compute,11.2827,125.0,1.7084,8.3473,3,0,0
org_xll4zklo,2025-08-31,networking,3.2716,276.0,0.0,0,3,0,0
org_y9v86wzs,2025-07-03,compute,31.0751,359.0,4.6329,20.7533,6,0,0
org_y9v86wzs,2025-07-03,networking,1.4947,136.0,3.7755,7.1739,3,0,0
org_y9v86wzs,2025-07-03,storage,7.0627,364.0,4.9599,7.5479,6,0,0
org_y9v86wzs,2025-07-04,compute,48.6039,517.0,0,6.9804,6,1,0
org_y9v86wzs,2025-07-04,storage,13.7228,713.0,7.0182,0.0,9,0,0
org_y9v86wzs,2025-07-05,compute,22.0582,237.0,0,36.5392,6,0,0
org_y9v86wzs,2025-07-05,storage,5.9588,335.0,0,0,3,0,0
org_y9v86wzs,2025-07-06,compute,8.6205,114.0,0,23.1556,3,0,0
org_y9v86wzs,2025-07-06,networking,0.2792,0,3.7165,23.3034,3,0,0
org_y9v86wzs,2025-07-06,storage,6.2834,335.0,6.2940,0,6,0,0
org_y9v86wzs,2025-07-07,networking,3.8763,354.0,0,0,3,0,0
org_y9v86wzs,2025-07-07,storage,5.0741,234.0,3.2037,37.4186,6,0,0
org_y9v86wzs,2025-07-08,networking,21.8161,235.0,3.105,0,3,0,0
org_y9v86wzs,2025-07-09,compute,35.2631,497.0,1.7349,0.0,6,0,0
org_y9v86wzs,2025-07-09,storage,16.7182,716.0,4.9733,0,9,1,0
org_y9v86wzs,2025-07-10,compute,11.8977,115.0,1.6120,37.1678,6,0,0
org_y9v86wzs,2025-07-10,storage,7.9548,335.0,0,43.7690,9,1,0
org_y9v86wzs,2025-07-11,compute,29.6588,351.0,1.245,11.7107,6,0,0
org_y9v86wzs,2025-07-11,networking,1.4346,112.0,2.8369,16.6178,3,0,0
org_y9v86wzs,2025-07-12,compute,1.6284,0,0,19.5628,3,0,0
org_y9v86wzs,2025-07-12,networking,2.4579,237.0,0,13.0245,3,0,0
org_y9v86wzs,2025-07-13,storage,7.1403,355.0,0.1894,35.0755,6,0,0
org_y9v86wzs,2025-07-14,compute,10.0151,0,1.6644,12.0304,3,0,0
org_y9v86wzs,2025-07-14,storage,2.7495,132.0,3.1591,35.4768,6,0,0
org_y9v86wzs,2025-07-15,compute,20.3791,235.0,0.0,0,3,0,0
org_y9v86wzs,2025-07-15,storage,0.5995,0,3.572,28.2482,3,0,0
org_y9v86wzs,2025-07-16,compute,33.0428,374.0,0,0,3,0,0
org_y9v86wzs,2025-07-16,storage,0.6020,0,2.8512,27.0430,6,0,0
org_y9v86wzs,2025-07-17,compute,36.6638,403.0,1.0037,22.7431,6,0,0
org_y9v86wzs,2025-07-17,networking,2.5168,238.0,0,19.1524,3,0,0
org_y9v86wzs,2025-07-17,storage,17.1763,710.0,1.9976,29.9969,9,0,0
org_y9v86wzs,2025-07-18,compute,37.7881,336.0,1.4559,26.838,6,1,0
org_y9v86wzs,2025-07-19,compute,11.2859,363.0,0,6.6523,6,1,1
org_y9v86wzs,2025-07-19,networking,1.3179,117.0,3.8380,0,3,0,0
org_y9v86wzs,2025-07-19,storage,5.1186,242.0,1.4781,0,3,0,0
org_y9v86wzs,2025-07-20,compute,8.5891,106.0,7.5775,15.2848,6,0,0
org_y9v86wzs,2025-07-20,storage,2.3877,122.0,6.5039,1.2317,6,0,0
org_y9v86wzs,2025-07-21,compute,13.5558,116.0,0,32.2160,3,0,0
org_y9v86wzs,2025-07-21,networking,2.6188,228.0,0,0,3,1,0
org_y9v86wzs,2025-07-21,storage,5.3269,242.0,0,14.0817,3,0,0
org_y9v86wzs,2025-07-22,compute,22.7109,217.0,2.5791,52.0696,6,0,0
org_y9v86wzs,2025-07-22,networking,3.0574,258.0,0,17.5504,3,0,0
org_y9v86wzs,2025-07-22,storage,4.6490,221.0,0,13.3843,3,0,0
org_y9v86wzs,2025-07-23,compute,20.8593,236.0,0,39.1970,6,0,0
org_y9v86wzs,2025-07-23,storage,8.3533,352.0,2.6521,19.2144,6,0,0
org_y9v86wzs,2025-07-24,compute,31.3354,347.0,1.4295,18.6260,6,0,0
org_y9v86wzs,2025-07-24,networking,1.4428,126.0,0.0,0,3,1,0
org_y9v86wzs,2025-07-24,storage,3.9833,222.0,0,0.7787,3,0,0
org_y9v86wzs,2025-07-25,compute,19.3907,233.0,0.4709,0,3,0,0
org_y9v86wzs,2025-07-25,storage,7.9692,343.0,7.1913,27.9455,9,0,0
org_y9v86wzs,2025-07-26,compute,1.6533,0,4.4176,16.0979,3,0,0
org_y9v86wzs,2025-07-26,networking,2.8070,262.0,0,4.424,3,0,0
org_y9v86wzs,2025-07-26,storage,0.4156,0,0.0,23.3572,3,0,0
org_y9v86wzs,2025-07-27,compute,9.0738,110.0,0,22.5993,3,0,0
org_y9v86wzs,2025-07-27,networking,1.3872,135.0,2.4697,4.6651,3,0,0
org_y9v86wzs,2025-07-27,storage,2.9399,130.0,1.5942,16.135,3,0,0
org_y9v86wzs,2025-07-28,compute,30.3140,370.0,0,19.0635,6,0,0
org_y9v86wzs,2025-07-28,storage,5.3956,266.0,0.0,0,3,0,0
org_y9v86wzs,2025-07-29,compute,22.5610,237.0,0,9.4553,3,0,0
org_y9v86wzs,2025-07-29,storage,6.4646,350.0,0,0,3,0,0
org_y9v86wzs,2025-07-30,compute,18.6212,208.0,0,11.2349,3,0,1
org_y9v86wzs,2025-07-30,networking,2.2141,211.0,0,0.0,3,0,0
org_y9v86wzs,2025-07-30,storage,8.7871,471.0,1.7492,0,6,0,0
org_y9v86wzs,2025-07-31,compute,9.6865,118.0,0,9.1226,3,1,0
org_y9v86wzs,2025-07-31,storage,3.0429,101.0,11.0133,38.1074,6,0,0
org_y9v86wzs,2025-08-01,networking,2.3874,229.0,3.0551,0,3,0,0
org_y9v86wzs,2025-08-01,storage,8.4883,350.0,1.1392,18.3093,6,1,0
org_y9v86wzs,2025-08-02,compute,20.1257,242.0,3.5536,7.8203,6,0,0
org_y9v86wzs,2025-08-02,networking,2.6209,228.0,1.1861,0,3,0,0
org_y9v86wzs,2025-08-02,storage,5.0428,250.0,2.5656,0,3,0,0
org_y9v86wzs,2025-08-03,compute,10.7504,117.0,5.8099,0,3,0,0
org_y9v86wzs,2025-08-03,networking,2.3472,223.0,0,18.4505,3,0,0
org_y9v86wzs,2025-08-03,storage,4.4475,239.0,0,4.147,3,0,0
org_y9v86wzs,2025-08-04,compute,29.1679,362.0,0.0,10.1421,6,0,0
org_y9v86wzs,2025-08-04,networking,1.2245,122.0,3.7445,21.3111,3,0,0
org_y9v86wzs,2025-08-05,compute,32.8416,369.0,0,0,3,0,0
org_y9v86wzs,2025-08-05,storage,11.1980,558.0,3.6004,0,6,0,0
org_y9v86wzs,2025-08-06,compute,30.3264,358.0,0,0,3,0,0
org_y9v86wzs,2025-08-06,networking,1.4011,131.0,0,21.5760,3,0,0
org_y9v86wzs,2025-08-06,storage,5.1080,245.0,0,8.1825,3,0,0
org_y9v86wzs,2025-08-07,compute,23.8961,256.0,0,9.0169,3,0,0
org_y9v86wzs,2025-08-07,networking,0.0725,0,8.9152,0,3,0,0
org_y9v86wzs,2025-08-07,storage,2.6158,112.0,0,2.6537,3,0,0
org_y9v86wzs,2025-08-08,compute,11.5126,137.0,0,5.1145,3,0,0
org_y9v86wzs,2025-08-08,storage,1.3379,0,6.2957,27.0651,6,0,0
org_y9v86wzs,2025-08-09,compute,32.4123,410.0,7.8139,0,6,0,0
org_y9v86wzs,2025-08-09,networking,2.1025,243.0,2.4668,0,3,0,0
org_y9v86wzs,2025-08-09,storage,4.6490,254.0,2.8006,0,3,0,0
org_y9v86wzs,2025-08-10,compute,2.0091,0,0.9734,23.6801,6,0,0
org_y9v86wzs,2025-08-10,networking,1.1907,120.0,0.0,17.1466,3,0,0
org_y9v86wzs,2025-08-10,storage,9.2039,471.0,0.0368,3.522,9,1,0
org_y9v86wzs,2025-08-12,compute,13.6534,123.0,6.5130,18.119,6,0,0
org_y9v86wzs,2025-08-12,networking,1.9958,211.0,0,7.2229,3,0,0
org_y9v86wzs,2025-08-12,storage,2.8831,134.0,7.1004,13.2144,6,0,0
org_y9v86wzs,2025-08-13,storage,6.2430,257.0,3.3241,7.2443,6,0,0
org_y9v86wzs,2025-08-14,compute,21.9467,223.0,0,13.8072,3,0,0
org_y9v86wzs,2025-08-14,storage,0.3634,0,0.7789,13.5755,3,0,0
org_y9v86wzs,2025-08-15,networking,3.3615,241.0,0,5.8828,3,0,0
org_y9v86wzs,2025-08-15,storage,11.5309,449.0,5.9113,29.7240,9,0,0
org_y9v86wzs,2025-08-16,compute,11.0722,107.0,8.6572,0,6,0,0
org_y9v86wzs,2025-08-16,storage,4.1418,117.0,5.9976,0,3,0,0
org_y9v86wzs,2025-08-17,compute,21.1278,243.0,2.7348,0,3,0,0
org_y9v86wzs,2025-08-17,networking,0.1726,0,0.0,21.2595,3,0,0
org_y9v86wzs,2025-08-17,storage,2.8355,127.0,0.7707,2.8298,3,0,0
org_y9v86wzs,2025-08-18,networking,1.2373,119.0,1.9821,10.7643,3,0,0
org_y9v86wzs,2025-08-18,storage,3.8095,135.0,0,14.8510,3,0,1
org_y9v86wzs,2025-08-19,compute,21.4565,236.0,0,8.5128,3,0,0
org_y9v86wzs,2025-08-19,networking,1.7108,211.0,0,0.0,3,0,0
org_y9v86wzs,2025-08-19,storage,2.1251,110.0,0.5967,6.7554,3,0,0
org_y9v86wzs,2025-08-20,compute,11.7854,117.0,2.5837,4.9697,3,0,0
org_y9v86wzs,2025-08-20,networking,1.6085,137.0,0,9.3019,3,1,0
org_y9v86wzs,2025-08-20,storage,4.0638,215.0,1.1892,0,3,0,0
org_y9v86wzs,2025-08-21,compute,1.4004,0,0,14.7651,3,0,0
org_y9v86wzs,2025-08-21,networking,0.2862,0,2.3023,27.5319,3,0,0
org_y9v86wzs,2025-08-21,storage,4.9532,242.0,0.7141,0,3,0,0
org_y9v86wzs,2025-08-22,compute,9.1305,115.0,0,8.6532,3,0,0
org_y9v86wzs,2025-08-22,networking,1.0920,107.0,2.1327,0.9784,3,0,0
org_y9v86wzs,2025-08-22,storage,2.8918,0,4.4132,18.2804,3,1,0
org_y9v86wzs,2025-08-23,compute,10.9336,134.0,1.9844,19.2939,3,0,0
org_y9v86wzs,2025-08-23,networking,1.6959,121.0,2.3178,8.0876,3,0,0
org_y9v86wzs,2025-08-23,storage,8.6257,512.0,1.6699,2.0905,6,0,0
org_y9v86wzs,2025-08-24,compute,30.7374,375.0,0,0,3,0,0
org_y9v86wzs,2025-08-24,networking,2.0835,242.0,3.0953,0,3,0,0
org_y9v86wzs,2025-08-24,storage,0.9205,0,3.9925,42.8707,6,0,0
org_y9v86wzs,2025-08-25,compute,22.5921,258.0,4.0152,26.3124,6,0,0
org_y9v86wzs,2025-08-25,networking,1.1851,0,0.6059,0,3,2,0
org_y9v86wzs,2025-08-25,storage,7.9731,374.0,0,33.4960,6,0,0
org_y9v86wzs,2025-08-26,compute,17.1731,190.0,4.5619,30.6506,6,0,0
org_y9v86wzs,2025-08-26,storage,6.1058,246.0,6.7045,11.2056,6,0,0
org_y9v86wzs,2025-08-27,compute,43.2284,502.0,4.3254,11.1985,6,0,0
org_y9v86wzs,2025-08-27,networking,2.4192,240.0,0.2134,0,3,0,0
org_y9v86wzs,2025-08-27,storage,11.4372,576.0,2.8228,12.0519,9,0,0
org_y9v86wzs,2025-08-28,networking,1.4035,113.0,0.0,11.4555,3,0,0
org_y9v86wzs,2025-08-28,storage,12.9816,647.0,2.3369,0,6,0,0
org_y9v86wzs,2025-08-29,compute,13.9703,114.0,6.8713,20.3863,6,0,0
org_y9v86wzs,2025-08-29,networking,1.4671,112.0,0,18.3617,3,0,0
org_y9v86wzs,2025-08-29,storage,2.4026,123.0,0,31.9798,3,0,0
org_y9v86wzs,2025-08-30,compute,10.4293,108.0,0.0,17.1345,3,0,0
org_y9v86wzs,2025-08-30,networking,0.1072,0,3.8177,8.7931,3,0,0
org_y9v86wzs,2025-08-30,storage,5.4256,243.0,0.3423,16.9484,6,0,0
org_y9v86wzs,2025-08-31,compute,40.7354,481.0,3.085,5.5961,6,0,0
org_y9v86wzs,2025-08-31,networking,0.2051,0,2.3235,10.6923,3,1,0
org_y9v86wzs,2025-08-31,storage,12.8655,623.0,2.2796,10.5186,9,0,0
org_ykl1cq99,2025-07-03,database,0.7110,0,1.9969,16.8743,3,0,0
org_ykl1cq99,2025-07-03,storage,7.7677,378.0,0,0,3,0,0
org_ykl1cq99,2025-07-04,networking,1.5839,114.0,3.987,16.4765,3,0,0
org_ykl1cq99,2025-07-05,database,7.3753,125.0,0,29.3079,3,0,0
org_ykl1cq99,2025-07-05,networking,2.5354,232.0,1.6397,0,3,0,0
org_ykl1cq99,2025-07-06,networking,3.3288,364.0,0,0,3,0,0
org_ykl1cq99,2025-07-07,networking,1.0999,115.0,2.2952,0,3,0,0
org_ykl1cq99,2025-07-07,storage,2.2936,123.0,1.3988,1.0508,3,0,0
org_ykl1cq99,2025-07-09,database,2.5660,0,0,45.8850,3,0,0
org_ykl1cq99,2025-07-09,storage,4.8436,234.0,1.3551,0,3,0,0
org_ykl1cq99,2025-07-10,database,13.8967,252.0,3.7644,0,3,0,0
org_ykl1cq99,2025-07-10,networking,1.3270,128.0,0,11.1028,3,0,0
org_ykl1cq99,2025-07-10,storage,4.7724,224.0,0,3.0312,3,0,0
org_ykl1cq99,2025-07-11,networking,1.0544,111.0,2.904,0,3,0,0
org_ykl1cq99,2025-07-11,storage,2.2699,115.0,2.0568,10.696,3,0,0
org_ykl1cq99,2025-07-12,networking,1.4277,117.0,2.437,9.8891,3,0,0
org_ykl1cq99,2025-07-12,storage,3.9855,223.0,0,0.0,3,0,0
org_ykl1cq99,2025-07-13,networking,1.5445,131.0,0.1282,12.3795,3,0,0
org_ykl1cq99,2025-07-14,networking,2.4637,247.0,2.2352,0,3,0,0
org_ykl1cq99,2025-07-14,storage,4.5990,249.0,0,5.3545,3,0,0
org_ykl1cq99,2025-07-15,networking,1.1980,138.0,1.6756,4.4169,3,0,0
org_ykl1cq99,2025-07-15,storage,2.8245,123.0,0.0,3.218,3,0,0
org_ykl1cq99,2025-07-16,networking,0.4294,0,0,38.0295,3,0,0
org_ykl1cq99,2025-07-17,database,11.3637,230.0,0,0.0,3,0,0
org_ykl1cq99,2025-07-17,networking,1.2965,99.0,1.8015,0,3,0,0
org_ykl1cq99,2025-07-18,database,4.7709,110.0,5.7090,0,3,0,0
org_ykl1cq99,2025-07-18,networking,3.1057,255.0,2.287,0,3,0,0
org_ykl1cq99,2025-07-18,storage,2.8490,117.0,0.0,16.2017,3,0,0
org_ykl1cq99,2025-07-19,database,13.4047,272.0,0,22.0128,3,0,0
org_ykl1cq99,2025-07-19,networking,1.4680,121.0,3.3124,3.7658,3,0,0
org_ykl1cq99,2025-07-19,storage,5.1921,241.0,0,5.0128,3,0,0
org_ykl1cq99,2025-07-20,networking,1.2642,111.0,0.7481,13.5722,3,0,0
org_ykl1cq99,2025-07-21,networking,2.7211,223.0,0,16.8064,3,0,0
org_ykl1cq99,2025-07-22,database,11.4216,225.0,0,3.9494,3,0,0
org_ykl1cq99,2025-07-22,networking,2.1997,108.0,5.3289,0,3,0,0
org_ykl1cq99,2025-07-22,storage,0.1476,0,6.9233,0.0,3,0,0
org_ykl1cq99,2025-07-23,networking,2.3933,231.0,1.6249,0,3,0,0
org_ykl1cq99,2025-07-23,storage,2.8411,118.0,1.0812,0.0,3,0,0
org_ykl1cq99,2025-07-24,database,12.6060,216.0,0.7215,0,3,0,0
org_ykl1cq99,2025-07-24,networking,2.6599,243.0,0,6.1528,3,0,0
org_ykl1cq99,2025-07-25,database,21.4199,249.0,0,0,3,1,0
org_ykl1cq99,2025-07-25,networking,1.1843,117.0,0.0,0,3,1,0
org_ykl1cq99,2025-07-25,storage,5.5101,238.0,0,21.5715,3,0,0
org_ykl1cq99,2025-07-26,database,13.4839,251.0,0,17.535,3,0,0
org_ykl1cq99,2025-07-26,networking,2.1160,240.0,0,8.7006,3,0,0
org_ykl1cq99,2025-07-26,storage,5.2387,237.0,0.0956,0,3,0,0
org_ykl1cq99,2025-07-27,database,6.1149,144.0,2.9738,21.4179,3,0,0
org_ykl1cq99,2025-07-27,storage,4.9023,243.0,0.5956,0,3,0,1
org_ykl1cq99,2025-07-28,database,6.6921,118.0,1.5914,5.1864,3,0,0
org_ykl1cq99,2025-07-28,storage,8.7511,397.0,0,0,3,0,0
org_ykl1cq99,2025-07-29,database,10.6352,233.0,3.7098,0,3,0,0
org_ykl1cq99,2025-07-29,networking,1.2374,109.0,4.9057,16.1989,3,0,0
org_ykl1cq99,2025-07-29,storage,3.9832,225.0,3.5203,0,3,0,0
org_ykl1cq99,2025-07-30,database,14.1278,252.0,0,8.0834,3,0,0
org_ykl1cq99,2025-07-30,networking,3.4888,362.0,0,0,3,0,0
org_ykl1cq99,2025-07-31,networking,1.4559,118.0,0.0,14.9806,3,0,0
org_ykl1cq99,2025-08-01,storage,4.3217,248.0,0,0,3,1,0
org_ykl1cq99,2025-08-03,networking,1.3743,133.0,2.7215,0,3,0,0
org_ykl1cq99,2025-08-03,storage,0.3962,0,4.3332,13.8969,3,0,0
org_ykl1cq99,2025-08-04,database,1.0602,0,3.1868,15.1196,3,0,0
org_ykl1cq99,2025-08-04,networking,0.1886,0,0.6299,17.5380,3,0,0
org_ykl1cq99,2025-08-04,storage,3.5809,143.0,0,10.7752,3,0,0
org_ykl1cq99,2025-08-05,database,1.1943,0,0,20.6994,3,1,0
org_ykl1cq99,2025-08-05,networking,1.5916,131.0,0.9136,11.6801,3,0,0
org_ykl1cq99,2025-08-05,storage,5.2157,238.0,0,15.7202,3,0,0
org_ykl1cq99,2025-08-06,database,5.8060,108.0,7.2760,0,3,0,0
org_ykl1cq99,2025-08-06,networking,1.4662,120.0,0,27.7751,3,0,0
org_ykl1cq99,2025-08-07,networking,2.2094,244.0,1.9381,0,3,0,0
org_ykl1cq99,2025-08-08,networking,2.3504,217.0,0,0,3,1,0
org_ykl1cq99,2025-08-08,storage,5.7559,233.0,0,10.1846,3,0,0
org_ykl1cq99,2025-08-10,storage,4.4906,221.0,4.0037,0,3,0,0
org_ykl1cq99,2025-08-11,database,11.2629,249.0,3.0481,0,3,0,0
org_ykl1cq99,2025-08-11,networking,3.3070,347.0,0,0,3,0,0
org_ykl1cq99,2025-08-11,storage,2.1855,110.0,0,20.6776,3,0,0
org_ykl1cq99,2025-08-12,database,5.6730,110.0,4.0840,0,3,0,0
org_ykl1cq99,2025-08-12,networking,1.5580,120.0,1.1008,15.8526,3,0,0
org_ykl1cq99,2025-08-12,storage,1.8697,129.0,3.0698,0,3,1,0
org_ykl1cq99,2025-08-13,database,6.8885,111.0,2.0713,0,3,0,0
org_ykl1cq99,2025-08-13,storage,4.7876,230.0,1.1299,0,3,0,0
org_ykl1cq99,2025-08-14,database,20.3609,358.0,0,0,3,0,0
org_ykl1cq99,2025-08-14,networking,1.2173,101.0,0,17.7193,3,0,0
org_ykl1cq99,2025-08-14,storage,2.3672,121.0,4.9217,0,3,0,0
org_ykl1cq99,2025-08-15,networking,1.2047,119.0,0.8867,0,3,0,0
org_ykl1cq99,2025-08-15,storage,2.7409,129.0,0,26.6746,3,0,0
org_ykl1cq99,2025-08-17,storage,0.1478,0,6.1379,2.2615,3,0,0
org_ykl1cq99,2025-08-18,database,11.9662,241.0,0.278,0,3,0,0
org_ykl1cq99,2025-08-18,storage,2.8306,125.0,3.4685,7.3139,3,0,0
org_ykl1cq99,2025-08-19,storage,0.1739,0,2.2008,5.9615,3,0,0
org_ykl1cq99,2025-08-20,networking,1.2749,109.0,0.0,16.0335,3,0,0
org_ykl1cq99,2025-08-20,storage,3.1946,140.0,0,27.3120,3,0,0
org_ykl1cq99,2025-08-21,database,17.1411,361.0,0,0,3,0,0
org_ykl1cq99,2025-08-21,storage,2.9498,125.0,0,27.5344,3,0,0
org_ykl1cq99,2025-08-22,database,6.5629,117.0,0,41.0154,3,0,0
org_ykl1cq99,2025-08-22,networking,1.5258,127.0,4.3955,0,3,0,0
org_ykl1cq99,2025-08-22,storage,7.1385,366.0,0,0,3,0,0
org_ykl1cq99,2025-08-23,networking,1.0424,104.0,0,10.8940,3,0,0
org_ykl1cq99,2025-08-23,storage,1.9634,105.0,4.0602,0,3,0,0
org_ykl1cq99,2025-08-24,database,11.7260,226.0,1.9879,0,3,0,0
org_ykl1cq99,2025-08-24,networking,2.6386,333.0,0,0,3,0,0
org_ykl1cq99,2025-08-24,storage,5.7708,271.0,2.2872,0,3,0,0
org_ykl1cq99,2025-08-25,networking,1.4141,105.0,0,21.7835,3,0,0
org_ykl1cq99,2025-08-25,storage,5.6273,264.0,0,11.369,3,0,0
org_ykl1cq99,2025-08-26,storage,5.5401,245.0,3.0463,0,3,0,0
org_ykl1cq99,2025-08-27,database,12.3679,250.0,0,0.0,3,0,0
org_ykl1cq99,2025-08-27,storage,2.8457,130.0,1.1833,0,3,0,0
org_ykl1cq99,2025-08-28,networking,1.5237,124.0,2.3717,8.5539,3,0,0
org_ykl1cq99,2025-08-28,storage,5.1236,232.0,2.7702,0,3,0,0
org_ykl1cq99,2025-08-29,networking,3.4875,388.0,0,0,3,0,0
org_ykl1cq99,2025-08-29,storage,2.6801,141.0,0,27.5096,3,0,0
org_ykl1cq99,2025-08-30,database,6.2084,125.0,0,20.8113,3,0,0
org_ykl1cq99,2025-08-30,networking,0.0375,0,4.0656,0,3,0,0
org_ykl1cq99,2025-08-31,database,12.1092,231.0,0,6.8789,3,0,0
org_ykl1cq99,2025-08-31,networking,2.1278,246.0,1.3538,0,3,0,0
org_ykl1cq99,2025-08-31,storage,5.8395,261.0,3.0667,0,3,0,0
org_zbikcidk,2025-07-03,compute,9.8487,121.0,0,15.9562,3,0,0
org_zbikcidk,2025-07-03,storage,0.0634,0,3.4352,0,3,1,0
org_zbikcidk,2025-07-04,compute,40.2493,454.0,3.6202,25.9194,9,0,0
org_zbikcidk,2025-07-04,storage,4.4676,207.0,0,4.117,3,0,0
org_zbikcidk,2025-07-05,compute,44.4537,519.0,4.7588,9.4633,9,0,0
org_zbikcidk,2025-07-05,genai,43.6578,344.0,0,0,3,0,0
org_zbikcidk,2025-07-05,storage,0.0830,0,4.4642,0,3,0,0
org_zbikcidk,2025-07-06,storage,3.2397,132.0,0,34.9365,3,0,0
org_zbikcidk,2025-07-07,compute,10.3817,131.0,0,30.0449,3,0,0
org_zbikcidk,2025-07-07,genai,30.6467,256.0,0,12.9035,3,0,0
org_zbikcidk,2025-07-08,compute,10.4042,122.0,0,13.2003,3,0,0
org_zbikcidk,2025-07-08,storage,4.9643,249.0,0,6.7982,3,0,0
org_zbikcidk,2025-07-09,compute,11.7261,104.0,4.5501,60.2313,6,0,0
org_zbikcidk,2025-07-09,genai,14.9742,116.0,0,35.5296,3,0,0
org_zbikcidk,2025-07-09,storage,4.9154,219.0,0,7.5552,3,0,0
org_zbikcidk,2025-07-10,compute,20.3999,228.0,0,3.2726,3,0,0
org_zbikcidk,2025-07-10,genai,17.1868,115.0,0.0317,0.0,3,0,0
org_zbikcidk,2025-07-10,storage,4.0561,223.0,0,7.4931,3,0,0
org_zbikcidk,2025-07-11,compute,31.3558,362.0,3.3017,17.7672,6,0,0
org_zbikcidk,2025-07-11,storage,7.1327,363.0,0,0,3,0,0
org_zbikcidk,2025-07-12,compute,45.3696,497.0,0.9201,35.9420,9,0,0
org_zbikcidk,2025-07-12,storage,0.2573,0,5.7223,6.6659,3,0,0
org_zbikcidk,2025-07-13,compute,15.1188,134.0,8.4702,51.6780,9,0,0
org_zbikcidk,2025-07-13,genai,16.3264,120.0,0.0,22.0377,3,0,0
org_zbikcidk,2025-07-13,storage,2.1649,109.0,4.9134,2.0716,3,0,0
org_zbikcidk,2025-07-14,compute,23.2096,234.0,2.7243,24.8085,6,0,0
org_zbikcidk,2025-07-14,genai,15.073,138.0,0,0.0,3,1,0
org_zbikcidk,2025-07-15,compute,14.3368,120.0,6.4425,27.5224,6,0,0
org_zbikcidk,2025-07-15,genai,15.3795,103.0,0,25.3306,3,0,0
org_zbikcidk,2025-07-15,storage,0.1314,0,6.0090,0,3,0,0
org_zbikcidk,2025-07-16,compute,11.2240,119.0,0,23.3907,3,0,0
org_zbikcidk,2025-07-16,genai,14.5004,110.0,7.5776,0,3,0,0
org_zbikcidk,2025-07-16,storage,4.2730,218.0,0.5001,0,3,0,0
org_zbikcidk,2025-07-17,compute,34.8080,445.0,3.0314,12.0927,9,0,0
org_zbikcidk,2025-07-17,storage,3.7311,227.0,0.3814,0,3,0,0
org_zbikcidk,2025-07-18,compute,57.8880,626.0,6.1416,44.3524,9,0,0
org_zbikcidk,2025-07-18,storage,5.2593,247.0,0,2.6576,3,0,0
org_zbikcidk,2025-07-19,compute,34.8846,374.0,4.7087,18.5100,6,0,0
org_zbikcidk,2025-07-20,compute,12.0476,115.0,0,31.5727,3,0,0
org_zbikcidk,2025-07-20,genai,22.2479,137.0,2.332,23.3551,3,0,0
org_zbikcidk,2025-07-21,genai,27.2205,219.0,3.0838,0,3,0,0
org_zbikcidk,2025-07-22,compute,20.5231,246.0,0,16.1803,3,0,0
org_zbikcidk,2025-07-22,genai,13.8816,128.0,0.0,0,3,0,0
org_zbikcidk,2025-07-22,storage,4.2770,237.0,0.0,0,3,0,0
org_zbikcidk,2025-07-23,compute,24.4372,247.0,6.3337,0.0,6,0,0
org_zbikcidk,2025-07-24,compute,13.2141,109.0,0,73.9608,6,0,0
org_zbikcidk,2025-07-25,compute,44.4758,573.0,3.0974,0,6,0,0
org_zbikcidk,2025-07-25,genai,33.2816,231.0,0,15.0262,3,0,0
org_zbikcidk,2025-07-25,storage,2.4134,107.0,2.275,9.1256,3,0,0
org_zbikcidk,2025-07-26,compute,32.6862,354.0,0.2696,9.3219,6,0,0
org_zbikcidk,2025-07-26,genai,20.3443,126.0,0,16.8236,3,0,0
org_zbikcidk,2025-07-27,compute,11.0827,112.0,1.5841,7.2831,6,1,0
org_zbikcidk,2025-07-27,genai,19.2360,133.0,0,27.0621,3,0,0
org_zbikcidk,2025-07-28,compute,14.5614,123.0,6.8553,35.2552,6,0,0
org_zbikcidk,2025-07-28,genai,15.0870,115.0,4.4342,0,3,0,0
org_zbikcidk,2025-07-28,storage,2.6390,123.0,3.4813,12.185,3,0,0
org_zbikcidk,2025-07-29,compute,8.7881,137.0,1.6511,18.086,3,0,0
org_zbikcidk,2025-07-30,compute,236.1087,614.0,0,12.1627,6,0,0
org_zbikcidk,2025-07-31,compute,47.9720,601.0,2.7763,29.2136,9,0,0
org_zbikcidk,2025-08-01,compute,1.3758,245.0,2.7266,0,3,0,1
org_zbikcidk,2025-08-02,compute,32.7347,366.0,2.9569,6.1537,6,0,0
org_zbikcidk,2025-08-03,compute,67.7995,850.0,3.3936,0,9,0,0
org_zbikcidk,2025-08-03,genai,34.3422,259.0,0.0,0,3,0,0
org_zbikcidk,2025-08-03,storage,7.7977,354.0,0,0,3,0,0
org_zbikcidk,2025-08-04,compute,44.1772,591.0,0,9.3555,6,0,0
org_zbikcidk,2025-08-04,genai,30.2454,236.0,0,12.7301,3,0,0
org_zbikcidk,2025-08-04,storage,5.9553,279.0,3.1463,0,3,0,0
org_zbikcidk,2025-08-05,compute,20.2246,211.0,0.077,45.2632,6,0,0
org_zbikcidk,2025-08-06,compute,16.7965,223.0,3.9714,0,3,0,0
org_zbikcidk,2025-08-06,genai,33.0306,265.0,0,0.0,3,0,0
org_zbikcidk,2025-08-06,storage,0.7030,0,2.7957,35.9296,3,0,1
org_zbikcidk,2025-08-07,compute,16.7828,245.0,6.7726,3.0307,6,0,0
org_zbikcidk,2025-08-07,storage,2.7072,105.0,1.4518,0,3,1,0
org_zbikcidk,2025-08-08,compute,17.9384,209.0,0.0688,0,3,0,0
org_zbikcidk,2025-08-08,storage,0.8800,0,0,40.8784,3,0,0
org_zbikcidk,2025-08-09,compute,56.8826,604.0,4.2527,48.2508,9,0,0
org_zbikcidk,2025-08-09,genai,27.8577,241.0,0.0,0,3,0,0
org_zbikcidk,2025-08-09,storage,5.3096,231.0,0,15.8084,3,0,0
org_zbikcidk,2025-08-10,compute,39.6083,480.0,3.0127,0,6,0,0
org_zbikcidk,2025-08-10,genai,3.7747,0,5.4449,28.8815,3,0,0
org_zbikcidk,2025-08-11,compute,9.1321,114.0,0,10.2387,3,0,0
org_zbikcidk,2025-08-11,genai,15.8815,125.0,0,15.9874,3,0,0
org_zbikcidk,2025-08-11,storage,2.7418,116.0,0,5.0575,3,0,0
org_zbikcidk,2025-08-12,compute,18.5151,236.0,0,12.6939,3,0,0
org_zbikcidk,2025-08-13,storage,2.5438,112.0,0,14.6704,3,0,0
org_zbikcidk,2025-08-14,compute,13.7658,109.0,4.2322,38.6341,6,0,0
org_zbikcidk,2025-08-14,storage,4.5303,244.0,0.9096,0,3,0,0
org_zbikcidk,2025-08-15,compute,12.8077,126.0,2.8627,21.0872,6,0,0
org_zbikcidk,2025-08-15,storage,2.7997,117.0,3.5988,0,3,0,0
org_zbikcidk,2025-08-16,compute,24.7859,128.0,3.4880,40.2091,6,1,0
org_zbikcidk,2025-08-17,compute,21.1101,221.0,1.3597,13.5312,6,0,0
org_zbikcidk,2025-08-17,storage,4.6250,233.0,3.9208,0,3,0,0
org_zbikcidk,2025-08-18,compute,0.3257,0,3.6887,0,3,0,0
org_zbikcidk,2025-08-19,compute,20.4520,219.0,2.1273,0,3,0,0
org_zbikcidk,2025-08-19,genai,3.2462,0,0.0,27.4160,3,0,0
org_zbikcidk,2025-08-19,storage,0.3996,0,3.5676,17.3051,3,0,0
org_zbikcidk,2025-08-20,compute,17.7387,255.0,0,7.1328,3,0,0
org_zbikcidk,2025-08-21,genai,42.6132,356.0,0,0,3,0,0
org_zbikcidk,2025-08-21,storage,2.3178,114.0,4.0477,12.2989,3,0,0
org_zbikcidk,2025-08-22,compute,43.1606,503.0,3.7737,15.7531,9,0,0
org_zbikcidk,2025-08-22,genai,12.6468,123.0,5.0552,0,3,0,0
org_zbikcidk,2025-08-22,storage,0.3563,0,5.2387,12.892,3,0,0
org_zbikcidk,2025-08-23,compute,2.7979,0,5.3065,21.8842,6,0,0
org_zbikcidk,2025-08-24,compute,27.0277,355.0,0,48.5347,6,0,0
org_zbikcidk,2025-08-24,genai,18.0734,137.0,5.9085,0,3,0,0
org_zbikcidk,2025-08-24,storage,7.9521,370.0,0,0,3,0,0
org_zbikcidk,2025-08-25,compute,10.1147,116.0,0.3727,11.7196,3,0,0
org_zbikcidk,2025-08-25,genai,30.6752,220.0,0.0,0,3,0,0
org_zbikcidk,2025-08-26,compute,29.4062,125.0,2.6729,23.0508,9,1,0
org_zbikcidk,2025-08-27,compute,37.7197,446.0,7.0811,0,6,0,0
org_zbikcidk,2025-08-27,genai,26.5867,239.0,0,12.6646,3,0,0
org_zbikcidk,2025-08-27,storage,5.2296,332.0,0,0,3,0,0
org_zbikcidk,2025-08-28,compute,18.6414,236.0,0,17.3307,3,0,0
org_zbikcidk,2025-08-28,storage,5.4458,231.0,3.4112,0,3,0,0
org_zbikcidk,2025-08-29,compute,50.4595,585.0,4.8271,43.8577,9,0,0
org_zbikcidk,2025-08-29,genai,31.3525,237.0,5.9366,0,3,0,0
org_zbikcidk,2025-08-30,compute,28.8447,372.0,0.0,66.8674,9,0,0
org_zbikcidk,2025-08-30,genai,2.8622,0,4.6614,21.3677,3,0,0
org_zbikcidk,2025-08-30,storage,4.7146,231.0,2.8723,0,3,0,0
org_zbikcidk,2025-08-31,genai,0.9699,0,3.6066,4.8684,3,0,0
org_zbikcidk,2025-08-31,storage,1.9808,118.0,3.9645,0,3,0,0
org_zhwjr64d,2025-07-03,analytics,9.5503,121.0,0,18.4486,3,0,0
org_zhwjr64d,2025-07-03,compute,1.9152,0,0.0,29.5721,3,0,0
org_zhwjr64d,2025-07-04,analytics,16.3916,235.0,4.1739,0,3,0,0
org_zhwjr64d,2025-07-04,compute,25.7235,250.0,4.0352,21.7410,6,0,0
org_zhwjr64d,2025-07-05,analytics,6.8455,109.0,1.3314,22.1323,3,0,0
org_zhwjr64d,2025-07-05,compute,8.1004,102.0,0,26.6071,3,0,0
org_zhwjr64d,2025-07-06,analytics,1.0426,0,1.2835,13.138,3,0,0
org_zhwjr64d,2025-07-06,compute,7.5046,130.0,1.1649,0.0,3,0,0
org_zhwjr64d,2025-07-07,compute,20.4949,263.0,0,0.0,3,0,0
org_zhwjr64d,2025-07-08,analytics,21.7900,263.0,0,15.3495,3,0,0
org_zhwjr64d,2025-07-08,compute,21.3878,119.0,0.0,0,3,1,0
org_zhwjr64d,2025-07-09,analytics,7.7201,134.0,0.3402,0,3,0,0
org_zhwjr64d,2025-07-09,compute,27.5937,341.0,0,0,3,0,0
org_zhwjr64d,2025-07-10,compute,11.1317,142.0,6.5923,33.4066,6,0,1
org_zhwjr64d,2025-07-11,compute,8.8153,131.0,2.4527,0.0,3,0,0
org_zhwjr64d,2025-07-12,analytics,26.2738,352.0,0,0,3,0,0
org_zhwjr64d,2025-07-12,compute,1.5901,0,5.6125,15.45,3,0,0
org_zhwjr64d,2025-07-13,analytics,0.5359,0,2.0071,5.3949,3,0,0
org_zhwjr64d,2025-07-13,compute,19.9890,248.0,0,46.9580,6,0,0
org_zhwjr64d,2025-07-14,compute,13.1104,126.0,0,32.5324,3,0,0
org_zhwjr64d,2025-07-15,analytics,12.3182,123.0,3.8121,6.3844,3,0,0
org_zhwjr64d,2025-07-15,compute,17.1127,214.0,0,18.0021,3,0,0
org_zhwjr64d,2025-07-16,analytics,6.5554,106.0,1.3616,0.8441,3,0,0
org_zhwjr64d,2025-07-16,compute,11.3200,123.0,4.1377,0,3,0,0
org_zhwjr64d,2025-07-18,analytics,23.9072,329.0,0,0,3,0,0
org_zhwjr64d,2025-07-18,compute,30.6641,349.0,0,0,3,0,0
org_zhwjr64d,2025-07-19,compute,16.6229,209.0,0,9.0051,3,0,0
org_zhwjr64d,2025-07-20,compute,32.5339,383.0,0,36.8207,6,0,0
org_zhwjr64d,2025-07-21,compute,17.9585,235.0,0,7.625,3,0,0
org_zhwjr64d,2025-07-23,compute,12.9224,118.0,0,30.3985,3,0,0
org_zhwjr64d,2025-07-24,analytics,8.2423,124.0,6.0685,0,3,0,0
org_zhwjr64d,2025-07-24,compute,44.1024,590.0,0,9.2726,6,0,0
org_zhwjr64d,2025-07-25,analytics,16.3932,215.0,0,5.7811,3,0,0
org_zhwjr64d,2025-07-25,compute,10.5582,121.0,6.1199,0,3,0,0
org_zhwjr64d,2025-07-26,analytics,20.0826,277.0,0,14.2662,3,0,0
org_zhwjr64d,2025-07-26,compute,28.4500,329.0,0.8810,0,6,0,0
org_zhwjr64d,2025-07-27,analytics,18.7390,234.0,0,5.1467,3,0,0
org_zhwjr64d,2025-07-27,compute,20.9589,260.0,0.0,10.3082,6,2,0
org_zhwjr64d,2025-07-28,compute,21.2830,248.0,3.6288,22.7892,6,0,0
org_zhwjr64d,2025-07-29,analytics,18.2610,228.0,0.5081,0,3,0,0
org_zhwjr64d,2025-07-29,compute,21.4888,258.0,7.7427,10.4097,6,0,0
org_zhwjr64d,2025-07-30,compute,19.3518,129.0,0.0,0,3,1,0
org_zhwjr64d,2025-07-31,analytics,8.7787,120.0,0,6.1932,3,0,0
org_zhwjr64d,2025-08-01,analytics,16.7163,255.0,1.2387,0,3,0,0
org_zhwjr64d,2025-08-01,compute,21.7337,249.0,2.7435,7.0421,6,0,0
org_zhwjr64d,2025-08-02,analytics,18.8338,234.0,2.4466,0,3,0,0
org_zhwjr64d,2025-08-02,compute,20.5977,227.0,0,16.8216,3,0,0
org_zhwjr64d,2025-08-03,analytics,16.3478,241.0,0,13.2957,3,0,0
org_zhwjr64d,2025-08-03,compute,12.8048,130.0,0,26.4933,3,0,0
org_zhwjr64d,2025-08-04,compute,17.1585,204.0,2.4012,0,3,0,0
org_zhwjr64d,2025-08-05,compute,23.0806,224.0,1.0929,29.5315,6,0,0
org_zhwjr64d,2025-08-06,analytics,0.7692,0,10.2819,0,3,0,0
org_zhwjr64d,2025-08-06,compute,22.0027,243.0,0,16.2502,3,0,0
org_zhwjr64d,2025-08-07,analytics,21.2385,275.0,0,1.2347,3,0,0
org_zhwjr64d,2025-08-07,compute,9.5500,109.0,0,18.8168,3,0,0
org_zhwjr64d,2025-08-08,analytics,16.7499,222.0,0,11.6735,3,0,0
org_zhwjr64d,2025-08-09,analytics,25.9903,349.0,0,0,3,0,0
org_zhwjr64d,2025-08-09,compute,1.0432,0,8.3654,3.6037,3,0,0
org_zhwjr64d,2025-08-10,analytics,18.8379,239.0,0.4512,0,3,0,0
org_zhwjr64d,2025-08-10,compute,30.4993,383.0,0,0,3,0,0
org_zhwjr64d,2025-08-11,analytics,12.7930,117.0,1.757,21.7887,3,0,0
org_zhwjr64d,2025-08-12,analytics,21.5776,362.0,0,0,3,0,0
org_zhwjr64d,2025-08-12,compute,17.1098,108.0,0,0.0,3,1,0
org_zhwjr64d,2025-08-13,analytics,23.2141,333.0,0,0,3,0,0
org_zhwjr64d,2025-08-13,compute,12.8216,117.0,0,0.0,3,1,0
org_zhwjr64d,2025-08-14,analytics,22.7704,351.0,0,0,3,0,0
org_zhwjr64d,2025-08-14,compute,22.2486,258.0,0,20.4269,3,0,0
org_zhwjr64d,2025-08-15,analytics,16.0807,239.0,0.2445,0,3,0,0
org_zhwjr64d,2025-08-15,compute,10.9967,113.0,6.4054,11.2605,6,1,0
org_zhwjr64d,2025-08-16,analytics,19.8909,252.0,1.8427,0,3,0,0
org_zhwjr64d,2025-08-17,analytics,8.2359,115.0,3.3328,0,3,0,0
org_zhwjr64d,2025-08-17,compute,19.1197,231.0,2.3831,0,3,0,0
org_zhwjr64d,2025-08-18,compute,22.0453,115.0,3.5821,39.2045,6,1,0
org_zhwjr64d,2025-08-19,analytics,20.5293,261.0,0.0,0,3,0,0
org_zhwjr64d,2025-08-19,compute,22.7774,265.0,2.0465,32.6468,6,0,0
org_zhwjr64d,2025-08-20,analytics,1.8424,0,2.3644,23.4767,3,0,0
org_zhwjr64d,2025-08-20,compute,8.5959,101.0,8.3702,17.0351,6,0,0
org_zhwjr64d,2025-08-22,analytics,7.0109,108.0,3.5575,0,3,0,0
org_zhwjr64d,2025-08-22,compute,26.9803,328.0,5.0032,0,6,0,0
org_zhwjr64d,2025-08-23,analytics,10.4082,116.0,1.6705,11.4006,3,0,0
org_zhwjr64d,2025-08-23,compute,17.0784,227.0,1.7289,0,3,0,0
org_zhwjr64d,2025-08-25,compute,42.4866,561.0,0,4.798,6,0,0
org_zhwjr64d,2025-08-26,compute,12.0862,107.0,6.0474,0,3,0,0
org_zhwjr64d,2025-08-28,compute,12.1475,123.0,4.0899,32.6970,6,0,0
org_zhwjr64d,2025-08-29,compute,18.5418,236.0,0,0,3,1,0
org_zhwjr64d,2025-08-30,compute,20.1256,268.0,2.7707,22.5452,6,0,0
org_zhwjr64d,2025-08-31,analytics,20.2233,240.0,5.8245,0,3,0,0
org_zhwjr64d,2025-08-31,compute,50.9546,594.0,0,14.1125,6,0,0
